"","year","spring.Tmax_C","spring.Tmin_C","spring.PPT_mm","summer.Tmax_C","summer.Tmin_C","summer.PPT_mm","fall.Tmax_C","fall.Tmin_C","fall.PPT_mm","early.season.Tmax_C","early.season.Tmin_C","early.season.PPT_mm","mid.season.Tmax_C","mid.season.Tmin_C","mid.season.PPT_mm","late.season.Tmax_C","late.season.Tmin_C","late.seaon.PPT_mm","annual.Tmax_C","annual.Tmin_C","annual.PPT_mm","elevation_m","allot_name"
"1",2000,14.1029347826087,0.395978260869565,95.07,27.9111956521739,8.85326086956522,17.85,11.3535164835165,-1.44978021978022,131.25,6.99516666666667,-4.46166666666667,0.976666666666667,25.0383916083916,7.4834965034965,0.692237762237762,5.02509803921569,-5.6556862745098,1.41794117647059,13.5136164383562,-0.115452054794521,360.82,1464,"Badger Springs"
"2",2001,13.6564130434783,-0.113804347826087,111.3,27.6040217391304,9.56771739130435,84.41,15.3546153846154,1.67252747252747,93.36,4.46325,-6.26458333333333,1.08691666666667,25.829020979021,7.93258741258741,0.985874125874126,7.96509803921569,-3.20480392156863,1.07764705882353,13.8125479452055,0.152657534246575,381.33,1464,"Badger Springs"
"3",2002,11.6403260869565,-1.39402173913043,93.35,26.5567391304348,9.15782608695652,97.23,12.6926373626374,-0.89967032967033,42.99,4.52116666666667,-6.4205,1.0025,24.2058041958042,7.47223776223776,0.977412587412587,6.82205882352941,-3.90990196078431,0.529803921568627,12.8762191780822,-0.276,314.11,1464,"Badger Springs"
"4",2003,12.9948913043478,0.266739130434783,153.77,28.994347826087,10.4973913043478,49.59,13.9018681318681,0.0678021978021979,51.46,5.87075,-4.0695,2.07041666666667,25.6921678321678,8.32496503496503,0.565244755244755,8.18490196078431,-3.28970588235294,0.991666666666667,14.283095890411,1.00432876712329,430.43,1464,"Badger Springs"
"5",2004,14.4640217391304,0.572282608695652,107.91,25.846847826087,8.9354347826087,101.58,13.1998901098901,0.24,65.42,6.67916666666667,-5.14633333333333,0.984916666666667,23.1451748251748,7.22223776223776,1.51496503496503,8.12754901960784,-2.87676470588235,0.648039215686275,13.5349863013699,0.333671232876712,400.93,1464,"Badger Springs"
"6",2005,13.5341304347826,-0.255869565217391,135.39,26.2021739130435,8.60054347826087,82.93,12.7107692307692,-0.180989010989011,121.52,6.79833333333333,-5.4165,0.723166666666667,23.9014685314685,6.92377622377622,1.28034965034965,6.09480392156863,-4.39872549019608,1.43107843137255,13.3024109589041,-0.297397260273973,415.84,1464,"Badger Springs"
"7",2006,13.4734782608696,-0.268586956521739,105.75,28.034347826087,9.9870652173913,64.88,12.9132967032967,-0.0692307692307692,135.89,5.45708333333333,-5.48983333333333,1.48433333333333,25.6333566433566,7.95335664335664,0.730839160839161,6.9656862745098,-3.7606862745098,1.53127450980392,13.7833424657534,0.260164383561644,438.82,1464,"Badger Springs"
"8",2007,14.9622826086957,0.279891304347826,99.86,28.9661956521739,10.0286956521739,36.62,12.4706593406593,-0.211978021978022,131.28,6.62483333333333,-5.17583333333333,1.02191666666667,26.1220979020979,8.01685314685315,0.606153846153846,5.99343137254902,-4.33205882352941,1.97382352941176,14.0870410958904,0.228602739726027,410.64,1464,"Badger Springs"
"9",2008,10.653152173913,-2.54413043478261,121.49,26.738152173913,8.57913043478261,40.56,13.9484615384615,0.397252747252747,107.07,3.63041666666667,-7.53633333333333,1.26,23.9707692307692,6.73272727272727,0.767272727272727,7.4471568627451,-3.63803921568627,1.23313725490196,12.6659726027397,-0.856602739726027,386.7,1464,"Badger Springs"
"10",2009,12.1832608695652,-1.50032608695652,143.47,25.336847826087,9.20836956521739,136.46,13.7726373626374,-0.173186813186813,64,4.72758333333333,-6.32783333333333,1.47683333333333,24.3078321678322,7.63832167832168,1.27321678321678,5.83656862745098,-5.54754901960784,0.750588235294118,12.7086575342466,-0.638109589041096,435.85,1464,"Badger Springs"
"11",2010,11.8840217391304,-1.48673913043478,112.12,24.9077173913043,8.23260869565217,134.91,13.6584615384615,0.740769230769231,131.59,6.28675,-5.19583333333333,0.85625,22.0281818181818,6.28083916083916,1.73006993006993,7.41186274509804,-3.3956862745098,1.67441176470588,12.7683561643836,-0.196438356164384,520.94,1464,"Badger Springs"
"12",2011,10.4492391304348,-1.35521739130435,175.43,26.1509782608696,8.53260869565217,83.42,14.2405494505494,0.364065934065934,89.82,3.5715,-6.71483333333333,1.48316666666667,23.7220979020979,6.86160839160839,1.17755244755245,7.57303921568627,-4.00147058823529,1.07225490196078,12.5843561643836,-0.63758904109589,455.74,1464,"Badger Springs"
"13",2012,14.2484782608696,-0.102934782608696,115.49,28.1636956521739,9.64782608695652,69.86,14.6547252747253,0.722197802197802,86.59,7.27316666666667,-4.50425,1.12333333333333,25.4957342657343,7.50195804195804,0.751608391608392,8.07186274509804,-2.83205882352941,1.33823529411765,14.6356164383562,0.666849315068493,378.78,1464,"Badger Springs"
"14",2013,13.1828260869565,-0.509782608695652,73.88,28.7942391304348,10.5010869565217,81.04,12.7098901098901,0.584615384615385,104.51,5.07858333333333,-6.23383333333333,0.601666666666667,26.248951048951,9.02538461538462,0.964265734265734,5.41774509803922,-4.81490196078431,1.26921568627451,13.4675068493151,0.140958904109589,339.55,1464,"Badger Springs"
"15",2014,13.3760869565217,-0.461739130434783,112.78,26.279347826087,9.99521739130435,110.75,13.8441758241758,0.812527472527472,139.78,5.73716666666667,-5.38875,1.81166666666667,24.4227972027972,7.89314685314685,1.01307692307692,7.77823529411765,-2.32156862745098,1.97774509803922,13.6282191780822,0.671972602739726,564,1464,"Badger Springs"
"16",2015,14.9386956521739,0.568152173913044,120.78,27.8308695652174,10.4675,47.36,13.818021978022,0.946043956043956,122.11,8.36641666666667,-3.57625,0.865416666666667,24.822027972028,8.66097902097902,1.25566433566434,7.65137254901961,-3.10225490196078,1.56470588235294,14.6135890410959,1.35052054794521,443.01,1464,"Badger Springs"
"17",2016,14.0814130434783,1.07402173913043,130.95,27.7436956521739,9.29684782608696,30.25,14.0258241758242,2.49208791208791,107.69,6.87916666666667,-4.11125,1.27066666666667,24.52,7.82356643356643,0.827902097902098,7.0006862745098,-2.92225490196078,1.58196078431373,13.8244657534247,0.896849315068493,432.23,1464,"Badger Springs"
"18",2017,13.3778260869565,1.25804347826087,198.92,27.8228260869565,10.2753260869565,71.92,12.0336263736264,0.813846153846154,159.07,4.53516666666667,-5.28566666666667,2.0985,25.1688111888112,8.55377622377622,1.18986013986014,5.91666666666667,-3.22,1.62598039215686,13.005095890411,0.713616438356164,587.82,1464,"Badger Springs"
"19",2018,13.3030434782609,0.602391304347826,160,26.7251086956522,9.71826086956522,117.62,12.7062637362637,0.295494505494506,89.62,5.81841666666667,-4.37333333333333,1.68075,24.8854545454545,8.39174825174825,1.2341958041958,6.17813725490196,-3.8478431372549,1.13441176470588,13.3890410958904,0.774630136986301,493.89,1464,"Badger Springs"
"20",2019,12.0732608695652,-0.637065217391304,125.2,26.9736956521739,9.6375,46.99,11.3091208791209,-0.633846153846154,93.5,4.35183333333333,-6.01175,1.4805,24.5448251748252,8.17958041958042,0.873146853146853,5.27705882352941,-4.8,0.903137254901961,12.5216164383562,-0.113232876712329,394.64,1464,"Badger Springs"
"21",2020,12.5685869565217,-1.00521739130435,113.84,26.3636956521739,9.24434782608696,132.55,14.3847252747253,-0.246373626373626,99.07,4.8865,-6.41666666666667,1.40125,24.5037762237762,7.61062937062937,1.46748251748252,7.70627450980392,-4.355,1.21921568627451,13.3601643835616,-0.344904109589041,502.36,1464,"Badger Springs"
"22",2000,12.6386956521739,-0.164021739130435,101.38,26.5955434782609,8.87630434782609,22.36,10.3221978021978,-1.61153846153846,147.69,6.089,-4.77875,0.963,23.6635664335664,7.32916083916084,0.783986013986014,4.47882352941176,-5.69392156862745,1.41509803921569,12.5244109589041,-0.290849315068493,372.01,1704,"Baker Creek"
"23",2001,12.5275,-0.610978260869565,125.33,26.0803260869565,9.35032608695652,91.35,14.2642857142857,1.55912087912088,90.67,3.96791666666667,-6.43683333333333,1.14575,24.2708391608392,7.69055944055944,1.00272727272727,7.35676470588235,-3.29382352941176,0.983725490196078,12.8692328767123,-0.0236712328767123,381.22,1704,"Baker Creek"
"24",2002,10.6570652173913,-2.0120652173913,120.71,25.3173913043478,8.80923913043478,106.49,11.76,-0.97989010989011,49.42,3.84291666666667,-6.91766666666667,1.13358333333333,22.9397902097902,7.13118881118881,1.09531468531469,6.1706862745098,-4.18421568627451,0.57156862745098,11.9752054794521,-0.64972602739726,350.96,1704,"Baker Creek"
"25",2003,11.8179347826087,-0.415217391304348,146.33,27.6138043478261,10.1190217391304,43.74,12.9684615384615,-0.202967032967033,43.25,5.17508333333333,-4.599,1.77475,24.3406293706294,7.86174825174825,0.564475524475525,7.62117647058824,-3.48450980392157,0.826764705882353,13.3673424657534,0.594328767123288,378.02,1704,"Baker Creek"
"26",2004,13.2202173913043,0.0890217391304348,124.94,24.330652173913,8.42108695652174,79.81,11.9835164835165,-0.216593406593407,89.95,6.04658333333333,-5.23741666666667,0.784583333333333,21.6897202797203,6.68132867132867,1.46461538461538,7.14147058823529,-3.31852941176471,0.845980392156863,12.4812328767123,-0.0316438356164383,389.88,1704,"Baker Creek"
"27",2005,12.1241304347826,-0.900434782608696,146.94,24.7746739130435,8.30782608695652,91.27,12.0476923076923,-0.129010989010989,122.02,6.00133333333333,-5.71575,0.773833333333333,22.4715384615385,6.62916083916084,1.27244755244755,5.89813725490196,-4.20372549019608,1.49588235294118,12.4252054794521,-0.456712328767123,427.4,1704,"Baker Creek"
"28",2006,12.1269565217391,-0.764673913043478,127.21,26.5672826086957,9.80326086956522,64.78,11.8014285714286,-0.344505494505495,148.12,4.63475,-5.83333333333333,1.39108333333333,24.1218181818182,7.76846153846154,0.805244755244755,6.35950980392157,-3.9943137254902,1.59480392156863,12.751397260274,0.00950684931506852,444.75,1704,"Baker Creek"
"29",2007,13.7178260869565,-0.145108695652174,107.24,27.5436956521739,9.91391304347826,52.54,11.5502197802198,-0.386153846153846,143.27,5.869,-5.46166666666667,1.07766666666667,24.6911888111888,7.84237762237762,0.792307692307692,5.29764705882353,-4.59558823529412,1.79362745098039,13.0835068493151,-0.00736986301369862,425.57,1704,"Baker Creek"
"30",2008,9.37478260869565,-3.20239130434783,129.61,25.3351086956522,8.3279347826087,39.65,13.1020879120879,0.364725274725275,104.59,2.861,-7.90575,1.23691666666667,22.5427272727273,6.38384615384615,0.767412587412587,6.86411764705882,-3.75,1.26941176470588,11.690602739726,-1.14602739726027,387.65,1704,"Baker Creek"
"31",2009,10.959347826087,-2.04119565217391,158.74,23.7416304347826,8.7079347826087,143.39,12.6232967032967,-0.330549450549451,77.88,4.26808333333333,-6.38416666666667,1.59475,22.7204195804196,7.22643356643357,1.28167832167832,5.08235294117647,-5.67941176470588,0.817352941176471,11.724904109589,-0.854849315068493,458.02,1704,"Baker Creek"
"32",2010,10.4316304347826,-2.04858695652174,140.22,23.3228260869565,7.79532608695652,144.91,12.6652747252747,0.454175824175824,119.8,5.43533333333333,-5.43808333333333,0.920833333333333,20.4837062937063,5.77958041958042,1.89965034965035,6.83852941176471,-3.51519607843137,1.59901960784314,11.7231232876712,-0.50586301369863,545.25,1704,"Baker Creek"
"33",2011,9.00673913043478,-2.21608695652174,197.7,24.7729347826087,8.20641304347826,78.67,13.2587912087912,0.107252747252747,76.57,2.75758333333333,-7.15541666666667,1.48458333333333,22.2600699300699,6.50258741258741,1.21034965034965,7.06745098039216,-4.17098039215686,0.860686274509804,11.6026849315068,-0.970465753424657,439.02,1704,"Baker Creek"
"34",2012,12.8580434782609,-0.743152173913043,138.99,26.6951086956522,9.22184782608696,50.62,13.749010989011,0.571868131868132,85.24,6.42691666666667,-5.06325,1.23391666666667,24.0153146853147,7.12965034965035,0.675104895104895,7.37774509803922,-3.20666666666667,1.41617647058824,13.5834246575342,0.232520547945206,389.06,1704,"Baker Creek"
"35",2013,11.8094565217391,-1.39260869565217,78.89,27.2030434782609,9.8570652173913,74.95,11.7485714285714,0.148351648351648,115.7,4.38283333333333,-6.836,0.608416666666667,24.6056643356643,8.37202797202797,0.932097902097902,4.94686274509804,-5.2171568627451,1.31049019607843,12.4633698630137,-0.425397260273973,339.97,1704,"Baker Creek"
"36",2014,12.2322826086957,-1.20760869565217,116.33,24.7335869565217,9.19152173913043,116.8,12.8968131868132,0.40021978021978,134.22,5.15216666666667,-5.96716666666667,1.665,22.9090909090909,7.22923076923077,1.07153846153846,7.14617647058824,-2.81058823529412,1.85960784313725,12.6662191780822,0.0850410958904109,542.71,1704,"Baker Creek"
"37",2015,13.5019565217391,-0.122826086956522,134.53,26.1384782608696,9.87413043478261,50.96,12.8772527472527,0.579450549450549,120.4,7.67308333333333,-3.9555,0.920833333333333,23.1842657342657,8.0586013986014,1.29699300699301,6.95666666666667,-3.51921568627451,1.49558823529412,13.5498630136986,0.873315068493151,448.52,1704,"Baker Creek"
"38",2016,12.6527173913043,0.21195652173913,149.12,26.2797826086957,8.68967391304348,30.09,13.0531868131868,1.96120879120879,121.81,6.08775,-4.62683333333333,1.41066666666667,23.061958041958,7.10972027972028,0.782097902097902,6.41352941176471,-3.42617647058824,1.77245098039216,12.8289589041096,0.306849315068493,461.91,1704,"Baker Creek"
"39",2017,12.1752173913043,0.172065217391304,213.21,26.3869565217391,9.74195652173913,67.11,11.1792307692308,0.221318681318681,168.5,3.93441666666667,-5.874,2.16091666666667,23.7789510489511,7.94048951048951,1.2706993006993,5.51156862745098,-3.82735294117647,1.58078431372549,12.1498630136986,0.110191780821918,602.26,1704,"Baker Creek"
"40",2018,12.0451086956522,-0.269130434782609,173.73,25.333152173913,9.14391304347826,104.97,11.8462637362637,-0.327802197802198,88.63,4.98858333333333,-5.23616666666667,1.64391666666667,23.4958041958042,7.77202797202797,1.1851048951049,5.6021568627451,-4.44637254901961,1.10794117647059,12.4108219178082,0.0809041095890411,479.75,1704,"Baker Creek"
"41",2019,10.7911956521739,-1.25945652173913,136.74,25.4266304347826,8.98130434782609,31.38,10.3726373626374,-1.25010989010989,110.78,3.64966666666667,-6.4885,1.55508333333333,22.9286013986014,7.53090909090909,0.803006993006993,4.69166666666667,-5.30813725490196,1.04009803921569,11.4939726027397,-0.666109589041096,407.53,1704,"Baker Creek"
"42",2020,11.3055434782609,-1.56086956521739,119.25,25.1365217391304,8.96989130434783,133.98,13.7713186813187,-0.204505494505494,93.45,4.13008333333333,-6.82608333333333,1.41166666666667,23.2511888111888,7.31132867132867,1.4365034965035,7.55970588235294,-4.23245098039216,1.1421568627451,12.5797808219178,-0.562520547945205,491.32,1704,"Baker Creek"
"43",2000,9.80141304347826,-2.10565217391304,120.57,23.7260869565217,7.58326086956522,19.5,8.42,-2.66175824175824,167.37,4.089,-6.2575,1.17908333333333,20.7564335664336,5.92055944055944,0.891608391608392,3.33333333333333,-6.51833333333333,1.41970588235294,10.4078082191781,-1.5592602739726,413.8,2099,"Baldy Basin"
"44",2001,10.3542391304348,-2.37826086956522,156.13,23.4536956521739,7.76141304347826,99.24,12.1116483516484,0.327252747252747,103.67,2.86358333333333,-7.69683333333333,1.34575,21.6037062937063,6.09657342657343,1.08594405594406,5.86490196078431,-4.37852941176471,1.15892156862745,11.0443287671233,-1.36553424657534,434.99,2099,"Baldy Basin"
"45",2002,8.49032608695652,-3.82478260869565,165.04,22.820652173913,7.20402173913044,105.02,9.99549450549451,-2.01131868131868,65.82,2.32975,-8.4415,1.3615,20.4197902097902,5.52713286713287,1.30545454545455,4.83490196078431,-5.28382352941177,0.750588235294118,10.1171506849315,-2.08643835616438,426.62,2099,"Baldy Basin"
"46",2003,9.55326086956522,-2.29934782608696,185.11,24.9739130434783,8.59391304347826,51.15,10.9918681318681,-1.41098901098901,61.36,3.67275,-6.17541666666667,2.29175,21.7515384615385,6.27923076923077,0.687622377622378,6.10833333333333,-4.63264705882353,1.08882352941176,11.436301369863,-0.864794520547945,484.4,2099,"Baldy Basin"
"47",2004,10.8480434782609,-1.41021739130435,169.71,21.8645652173913,6.8395652173913,97.2,10.1417582417582,-1.36208791208791,108.39,4.60616666666667,-6.34083333333333,1.07025,19.2268531468531,5.11685314685315,1.79524475524476,5.7456862745098,-4.32049019607843,1.08117647058824,10.6527123287671,-1.28734246575342,495.43,2099,"Baldy Basin"
"48",2005,9.80902173913043,-2.68,185.54,22.248152173913,6.65826086956522,108.53,10.4815384615385,-1.08197802197802,143.91,4.73033333333333,-6.87891666666667,0.9575,19.9503496503497,5.05230769230769,1.50293706293706,4.91558823529412,-4.96950980392157,1.83892156862745,10.7450136986301,-1.67090410958904,517.39,2099,"Baldy Basin"
"49",2006,9.67076086956522,-2.55391304347826,154.34,23.873152173913,8.33554347826087,81.87,9.87098901098901,-1.45406593406593,198.66,2.9935,-7.29683333333333,1.73083333333333,21.426013986014,6.36993006993007,1.01195804195804,5.05372549019608,-5.0721568627451,2.16362745098039,10.7907397260274,-1.32076712328767,573.1,2099,"Baldy Basin"
"50",2007,11.4010869565217,-1.58739130434783,129.83,25.0211956521739,8.65586956521739,55.79,9.88912087912088,-1.38901098901099,169.66,4.36191666666667,-6.68308333333333,1.325,22.1504195804196,6.54216783216783,0.961818181818182,3.96274509803922,-5.63764705882353,2.10176470588235,11.2195616438356,-1.20953424657534,510.92,2099,"Baldy Basin"
"51",2008,7.24576086956522,-5.07815217391304,148.07,22.6060869565217,6.8820652173913,55.33,11.3825274725275,-0.483846153846154,125.55,1.52066666666667,-9.44316666666667,1.40233333333333,19.8672727272727,4.91412587412587,0.951188811188811,5.55833333333333,-4.63901960784314,1.62313725490196,9.83684931506849,-2.47572602739726,469.86,2099,"Baldy Basin"
"52",2009,8.63630434782609,-3.69815217391304,210.68,20.9973913043478,7.09065217391304,166.09,10.5873626373626,-1.34186813186813,97.38,2.95316666666667,-7.56541666666667,2.00033333333333,19.9653846153846,5.71489510489511,1.48132867132867,3.60225490196078,-6.6843137254902,1.06774509803922,9.79961643835616,-2.11621917808219,560.78,2099,"Baldy Basin"
"53",2010,8.03195652173913,-3.7470652173913,180.03,20.6516304347826,6.23760869565217,175.03,10.8657142857143,-0.571098901098901,125.08,3.85433333333333,-6.66208333333333,1.05441666666667,17.8970629370629,4.21440559440559,2.2434965034965,5.62343137254902,-4.3456862745098,1.72764705882353,9.85038356164384,-1.75356164383562,623.57,2099,"Baldy Basin"
"54",2011,6.66521739130435,-4.20097826086957,252.21,22.1325,6.83739130434783,98.79,11.2505494505494,-0.827802197802198,104.37,1.353,-8.56583333333333,1.88883333333333,19.6142657342657,5.12587412587413,1.46818181818182,5.69960784313725,-5.05078431372549,1.19421568627451,9.72208219178082,-2.21939726027397,558.42,2099,"Baldy Basin"
"55",2012,10.3566304347826,-2.26,164.49,24.1242391304348,7.87847826086957,50.82,11.9781318681319,-0.285934065934066,108.96,4.63375,-6.50975,1.52383333333333,21.4656643356643,5.83853146853147,0.738951048951049,5.84441176470588,-4.21578431372549,1.73950980392157,11.5664931506849,-1.03087671232877,465.96,2099,"Baldy Basin"
"56",2013,9.3879347826087,-3.07858695652174,95.21,24.3540217391304,8.53836956521739,87.97,9.95351648351648,-0.841318681318681,152.46,2.96066666666667,-8.128,0.756583333333333,21.7666433566434,6.99622377622378,1.08881118881119,3.79450980392157,-6.09745098039216,1.70343137254902,10.5615068493151,-1.63517808219178,420.24,2099,"Baldy Basin"
"57",2014,9.99184782608696,-2.67065217391304,136.27,21.9671739130435,7.59663043478261,127.41,11.0323076923077,-0.575494505494505,143.11,3.74725,-7.08833333333333,1.9715,20.2097902097902,5.7820979020979,1.15048951048951,5.77490196078431,-3.80970588235294,2.0556862745098,10.7635890410959,-1.12972602739726,610.78,2099,"Baldy Basin"
"58",2015,11.0403260869565,-1.51336956521739,150.22,23.3964130434783,8.48043478260869,64.04,11.0824175824176,-0.302747252747253,131.91,6.20108333333333,-4.99825,0.989333333333333,20.4932167832168,6.66167832167832,1.46216783216783,5.57833333333333,-4.38196078431373,1.65117647058824,11.6264383561644,-0.257890410958904,496.23,2099,"Baldy Basin"
"59",2016,10.2771739130435,-1.33869565217391,187.28,23.5925,7.32217391304348,40.58,11.0979120879121,0.928241758241758,130.03,4.73258333333333,-5.65866666666667,1.61533333333333,20.4371328671329,5.68657342657343,0.923356643356643,5.04382352941176,-4.30421568627451,1.95813725490196,10.972301369863,-0.835315068493151,525.61,2099,"Baldy Basin"
"60",2017,10.0513043478261,-1.63271739130435,222.2,23.8364130434783,8.50141304347826,65.53,9.43120879120879,-0.999340659340659,183.94,2.66975,-7.15733333333333,2.35575,21.3451748251748,6.65146853146853,1.30188811188811,4.27490196078431,-4.97892156862745,1.76519607843137,10.4349863013699,-1.13854794520548,648.91,2099,"Baldy Basin"
"61",2018,9.82597826086957,-1.88619565217391,200.51,22.704347826087,7.76858695652174,115.02,10.1613186813187,-1.33164835164835,102.76,3.3805,-6.701,1.9025,20.908951048951,6.41377622377622,1.30265734265734,4.38872549019608,-5.43588235294118,1.2906862745098,10.5295616438356,-1.20934246575342,546.23,2099,"Baldy Basin"
"62",2019,8.63586956521739,-2.72891304347826,161.2,22.5235869565217,7.47391304347826,49.28,8.59824175824176,-2.31758241758242,124.36,2.42091666666667,-7.6875,1.82608333333333,20.0248951048951,6.08258741258741,1.01552447552448,3.5043137254902,-6.17058823529412,1.19794117647059,9.62057534246575,-1.8687397260274,486.54,2099,"Baldy Basin"
"63",2020,9.12967391304348,-3.04510869565217,133.87,22.4072826086957,7.68195652173913,142.74,11.8910989010989,-0.796593406593407,94.29,2.76166666666667,-7.80141666666667,1.57583333333333,20.6094405594406,6.04867132867133,1.51944055944056,6.28245098039216,-4.73362745098039,1.19205882352941,10.7379726027397,-1.51791780821918,527.97,2099,"Baldy Basin"
"64",2000,10.2416304347826,-2.16,112.11,24.2885869565217,7.20391304347826,18.34,8.65681318681319,-2.93593406593407,150.9,4.4295,-6.416,1.05058333333333,21.318041958042,5.63272727272727,0.827762237762238,3.5143137254902,-6.84264705882353,1.33833333333333,10.7903561643836,-1.81476712328767,380.95,2045,"Big Dry Canyon"
"65",2001,10.5958695652174,-2.54717391304348,141.7,23.8957608695652,7.42804347826087,90.74,12.5414285714286,0.0724175824175824,97.49,3.00841666666667,-7.95266666666667,1.27425,22.0076923076923,5.76727272727273,0.971048951048951,6.33686274509804,-4.59647058823529,1.05245098039216,11.3821095890411,-1.63956164383562,399.12,2045,"Big Dry Canyon"
"66",2002,8.73510869565217,-4.02358695652174,144.47,23.2427173913043,6.90978260869565,108.82,10.2937362637363,-2.35373626373626,61.74,2.48033333333333,-8.75841666666667,1.22858333333333,20.8190909090909,5.28804195804196,1.25055944055944,5.13627450980392,-5.68823529411765,0.665980392156863,10.4073150684932,-2.39731506849315,394.19,2045,"Big Dry Canyon"
"67",2003,9.83619565217391,-2.44739130434783,181.39,25.3995652173913,8.05847826086957,50.18,11.3537362637363,-1.87406593406593,50.78,3.893,-6.543,2.12575,22.1737762237762,5.83076923076923,0.661118881118881,6.42019607843137,-5.08941176470588,0.972254901960784,11.7612876712329,-1.28898630136986,448.8,2045,"Big Dry Canyon"
"68",2004,11.1433695652174,-1.64326086956522,153.23,22.2234782608696,6.53347826086957,86.93,10.3716483516484,-1.70923076923077,103.36,4.79008333333333,-6.70666666666667,0.885666666666667,19.5840559440559,4.86622377622378,1.64699300699301,5.93705882352941,-4.67745098039216,0.998137254901961,10.906602739726,-1.60556164383562,443.61,2045,"Big Dry Canyon"
"69",2005,9.97510869565217,-2.76782608695652,182.15,22.6119565217391,6.2720652173913,107.14,10.9585714285714,-1.36274725274725,144.81,4.84591666666667,-7.202,0.97475,20.3297902097902,4.72804195804196,1.47545454545455,5.32539215686274,-5.19519607843137,1.80774509803922,11.0461917808219,-1.96723287671233,512.35,2045,"Big Dry Canyon"
"70",2006,10.0090217391304,-2.69467391304348,133.93,24.4255434782609,7.89434782608696,75.97,10.2507692307692,-1.70527472527473,184.35,3.21133333333333,-7.52908333333333,1.47175,21.9369230769231,5.95748251748252,0.912517482517483,5.34117647058823,-5.30843137254902,1.89352941176471,11.1428493150685,-1.6247397260274,500.24,2045,"Big Dry Canyon"
"71",2007,11.7505434782609,-1.80923913043478,113.17,25.5553260869565,8.18467391304348,56.66,10.3143956043956,-1.63076923076923,162,4.54541666666667,-7.03141666666667,1.26508333333333,22.6511188811189,6.11741258741259,0.895664335664336,4.31343137254902,-5.85460784313725,1.91656862745098,11.5740547945205,-1.55109589041096,475.38,2045,"Big Dry Canyon"
"72",2008,7.395,-5.26402173913043,137.37,23.1571739130435,6.37695652173913,53.24,11.8085714285714,-0.824615384615385,118.02,1.54808333333333,-9.79091666666667,1.18166666666667,20.3534965034965,4.49363636363636,0.938111888111888,5.90735294117647,-4.99578431372549,1.55578431372549,10.1338904109589,-2.85449315068493,434.64,2045,"Big Dry Canyon"
"73",2009,8.90326086956522,-3.91782608695652,197.26,21.5010869565217,6.8504347826087,172.84,10.939010989011,-1.69263736263736,95.19,3.14733333333333,-7.84025,1.90633333333333,20.48,5.44293706293706,1.45587412587413,3.82519607843137,-7.01705882352941,1.01470588235294,10.1273698630137,-2.4061095890411,540.45,2045,"Big Dry Canyon"
"74",2010,8.3629347826087,-3.79195652173913,189.13,21.1925,5.95097826086957,164.36,11.3801098901099,-0.909010989010989,116.34,4.10983333333333,-6.93291666666667,1.02758333333333,18.4174125874126,3.9993006993007,2.14454545454545,5.98382352941176,-4.72352941176471,1.61676470588235,10.2389589041096,-2.03246575342466,594.89,2045,"Big Dry Canyon"
"75",2011,6.90619565217391,-4.26152173913043,246.98,22.7391304347826,6.475,90.26,11.7365934065934,-1.24142857142857,107.31,1.46033333333333,-8.81525,1.83975,20.1481818181818,4.78776223776224,1.38314685314685,6.06235294117647,-5.44627450980392,1.22656862745098,10.0679178082192,-2.54438356164384,543.67,2045,"Big Dry Canyon"
"76",2012,10.820652173913,-2.42402173913043,163.52,24.7326086956522,7.42565217391304,53.19,12.4640659340659,-0.768461538461539,99.21,4.95141666666667,-6.804,1.57025,22.0474825174825,5.39335664335664,0.741118881118881,6.26823529411765,-4.64088235294118,1.51774509803922,12.0173150684932,-1.42082191780822,449.22,2045,"Big Dry Canyon"
"77",2013,9.82152173913043,-3.22597826086957,98.88,24.9472826086957,8.11304347826087,81.62,10.3806593406593,-1.03065934065934,141.98,3.23025,-8.41208333333333,0.767333333333333,22.329020979021,6.67468531468531,1.0841958041958,4.15186274509804,-6.36401960784314,1.5893137254902,10.9703287671233,-1.92904109589041,409.23,2045,"Big Dry Canyon"
"78",2014,10.4164130434783,-2.81858695652174,132.46,22.5816304347826,7.26326086956522,123.15,11.5294505494505,-0.918901098901099,133.1,4.051,-7.40716666666667,1.76775,20.793986013986,5.4434965034965,1.14937062937063,6.1971568627451,-4.11372549019608,1.94637254901961,11.2103287671233,-1.45216438356164,575.02,2045,"Big Dry Canyon"
"79",2015,11.4963043478261,-1.68478260869565,165.05,23.9355434782609,8.08065217391304,62.92,11.5420879120879,-0.691538461538462,124.63,6.61266666666667,-5.20383333333333,1.09875,21.0212587412587,6.35510489510489,1.45538461538462,5.9143137254902,-4.80676470588235,1.54941176470588,12.0625205479452,-0.564301369863014,498.01,2045,"Big Dry Canyon"
"80",2016,10.6178260869565,-1.48217391304348,180.05,24.2158695652174,6.80086956521739,33.44,11.6136263736264,0.745604395604396,134.98,4.97716666666667,-5.89191666666667,1.42458333333333,21.0070629370629,5.29286713286713,0.869160839160839,5.47617647058824,-4.57039215686275,1.93509803921569,11.3968219178082,-1.1406301369863,492.62,2045,"Big Dry Canyon"
"81",2017,10.4491304347826,-1.68695652173913,210.33,24.4128260869565,7.97315217391304,64.98,9.83208791208791,-1.24901098901099,167.56,2.963,-7.25925,2.196,21.8848251748252,6.21335664335664,1.28664335664336,4.64901960784314,-5.25088235294118,1.60264705882353,10.8473698630137,-1.41969863013699,610.98,2045,"Big Dry Canyon"
"82",2018,10.1873913043478,-2.06771739130435,197.89,23.28,7.33652173913043,124.29,10.5897802197802,-1.78582417582418,91.72,3.64458333333333,-7.03408333333333,1.81008333333333,21.4646853146853,6.00153846153846,1.4013986013986,4.68156862745098,-5.88176470588235,1.14117647058824,10.9159452054795,-1.60495890410959,534.01,2045,"Big Dry Canyon"
"83",2019,8.90489130434783,-3.02445652173913,164.53,23.0683695652174,7.03826086956522,52.9,9.01087912087912,-2.62384615384615,120.64,2.55416666666667,-8.11391666666667,1.79516666666667,20.5399300699301,5.70356643356643,1.0472027972028,3.80029411764706,-6.54,1.16186274509804,9.94887671232877,-2.26065753424658,483.68,2045,"Big Dry Canyon"
"84",2020,9.42869565217391,-3.20663043478261,132.42,23.0236956521739,7.315,130.15,12.4052747252747,-1.27395604395604,83.61,2.95441666666667,-8.15116666666667,1.465,21.1979020979021,5.7127972027972,1.44300699300699,6.71225490196078,-5.17686274509804,1.03127450980392,11.152,-1.88835616438356,487.34,2045,"Big Dry Canyon"
"85",2000,12.343152173913,-1.6079347826087,75.85,26.910652173913,7.20967391304348,18.3,10.2985714285714,-2.85802197802198,106.82,5.94291666666667,-6.3345,0.769083333333333,23.9172727272727,5.82517482517482,0.592517482517482,4.63970588235294,-7.10872549019608,0.951078431372549,12.6207397260274,-1.78693150684932,274.03,1788,"Big Springs"
"86",2001,12.5030434782609,-2.2775,122.11,26.1630434782609,7.38619565217391,62.06,14.5534065934066,-0.108791208791209,80.5,4.04583333333333,-8.31291666666667,1.126,24.2716783216783,5.73727272727273,0.69006993006993,7.91647058823529,-4.98019607843137,0.830196078431373,13.0515890410959,-1.87698630136986,318.48,1788,"Big Springs"
"87",2002,10.5694565217391,-3.63304347826087,88.56,25.5369565217391,6.91717391304348,83.07,11.9721978021978,-2.68252747252747,55.39,3.61566666666667,-9.01941666666667,0.842,23.0542657342657,5.40391608391608,0.863846153846154,6.44941176470588,-6.17588235294118,0.592647058823529,12.0232328767123,-2.574,285.02,1788,"Big Springs"
"88",2003,11.8010869565217,-2.04097826086957,149.86,27.8933695652174,7.69054347826087,38.21,13.437032967033,-2.20307692307692,21.16,5.22991666666667,-6.66408333333333,1.5385,24.6143356643357,5.63559440559441,0.560699300699301,8.08460784313725,-5.4871568627451,0.579019607843137,13.6221095890411,-1.51641095890411,323.86,1788,"Big Springs"
"89",2004,13.2346739130435,-1.44086956521739,111.58,24.5751086956522,6.72597826086957,76.48,11.9271428571429,-1.78945054945055,84.33,6.08158333333333,-7.08366666666667,0.760416666666667,21.876013986014,5.17055944055944,1.29223776223776,7.18196078431373,-4.87,0.725980392156863,12.5770410958904,-1.66408219178082,350.09,1788,"Big Springs"
"90",2005,11.7058695652174,-2.1429347826087,139.05,24.8515217391304,6.28880434782609,96.11,12.7793406593407,-1.5978021978022,103.12,6.03333333333333,-7.25683333333333,0.671083333333333,22.5293706293706,4.82405594405594,1.2627972027972,6.62176470588235,-5.50352941176471,1.31480392156863,12.660602739726,-2.03380821917808,395.22,1788,"Big Springs"
"91",2006,11.8539130434783,-2.2920652173913,111.25,26.9209782608696,7.68576086956522,60.4,12.0974725274725,-1.70824175824176,152.25,4.47758333333333,-7.51275,1.05591666666667,24.3247552447552,5.77944055944056,0.813776223776224,6.70303921568627,-5.39186274509804,1.54058823529412,12.8752328767123,-1.71243835616438,400.22,1788,"Big Springs"
"92",2007,13.7927173913043,-1.60413043478261,74.84,27.9027173913043,7.93184782608696,49.53,12.2296703296703,-1.64681318681319,113.3,5.91116666666667,-7.16233333333333,0.833333333333333,24.9833566433566,5.96258741258741,0.768951048951049,5.93686274509804,-5.87970588235294,1.19578431372549,13.3904657534247,-1.66180821917808,331.93,1788,"Big Springs"
"93",2008,9.06945652173913,-5.00934782608696,103.88,25.8053260869565,6.03358695652174,41.4,13.8452747252747,-1.04153846153846,84.32,2.57225,-9.9975,0.72925,22.9044755244755,4.32160839160839,0.83006993006993,7.54627450980392,-5.24774509803922,1.16127450980392,11.9280273972603,-3.06021917808219,324.66,1788,"Big Springs"
"94",2009,10.7152173913043,-3.66054347826087,157.32,24.0027173913043,7.06760869565217,139.12,12.9217582417582,-1.88582417582418,64.79,4.41666666666667,-7.93308333333333,1.55641666666667,22.9728671328671,5.55251748251748,1.11055944055944,5.35774509803922,-7.19039215686275,0.70078431372549,11.9496164383562,-2.44213698630137,417.06,1788,"Big Springs"
"95",2010,10.214347826087,-3.24858695652174,154.22,23.6759782608696,6.00434782608696,121.68,13.5016483516484,-1.01648351648352,79.58,5.434,-7.00716666666667,0.750083333333333,20.8109090909091,4.20398601398601,1.68853146853147,7.48049019607843,-4.9556862745098,1.1828431372549,12.0302739726027,-2.04156164383562,452.12,1788,"Big Springs"
"96",2011,8.55760869565217,-3.67347826086957,200.82,25.3291304347826,6.33684782608696,86.46,13.8624175824176,-1.52989010989011,80.82,2.581,-8.79241666666667,1.27933333333333,22.5937062937063,4.73762237762238,1.30041958041958,7.66303921568627,-5.81960784313725,0.843529411764706,11.8417808219178,-2.66084931506849,425.52,1788,"Big Springs"
"97",2012,12.873152173913,-2.1179347826087,136.44,27.2883695652174,7.15923913043478,39.07,14.6257142857143,-1.12285714285714,63.57,6.48166666666667,-6.92991666666667,1.29383333333333,24.5484615384615,5.18461538461538,0.572657342657343,8.15137254901961,-4.88813725490196,1.00441176470588,14.0264931506849,-1.61309589041096,339.6,1788,"Big Springs"
"98",2013,11.889347826087,-2.8670652173913,79.16,27.5589130434783,7.84826086956522,55.26,12.2396703296703,-0.934835164835165,111.43,4.57625,-8.56408333333333,0.49125,24.8397902097902,6.63286713286713,0.893566433566434,5.61362745098039,-6.54343137254902,1.18862745098039,12.8050136986301,-2.04553424657534,307.97,1788,"Big Springs"
"99",2014,12.5225,-2.47086956521739,96.78,25.2102173913043,7.27586956521739,99.78,13.6943956043956,-1.03857142857143,101.45,5.69141666666667,-7.42025,1.3225,23.3767832167832,5.46027972027972,0.91993006993007,7.86196078431372,-4.27735294117647,1.51,13.2267671232877,-1.49561643835616,444.27,1788,"Big Springs"
"100",2015,13.7063043478261,-1.40152173913043,135.72,26.3609782608696,7.96228260869565,77.76,13.4585714285714,-1.01241758241758,84.9,8.19825,-5.18775,0.940083333333333,23.4433566433566,6.40258741258741,1.32118881118881,7.32803921568627,-5.30235294117647,1.11529411764706,13.9278082191781,-0.678904109589041,415.5,1788,"Big Springs"
"101",2016,12.5494565217391,-1.13315217391304,147.73,26.7986956521739,6.44902173913044,21.32,13.6576923076923,0.820659340659341,142.89,6.13241666666667,-6.09033333333333,1.04375,23.4922377622378,5.15538461538462,0.74027972027972,7.08039215686274,-4.73205882352941,1.73960784313725,13.1985753424658,-1.30490410958904,408.55,1788,"Big Springs"
"102",2017,12.324347826087,-1.26760869565217,138.77,26.900652173913,7.57467391304348,69.56,11.6435164835165,-1.15824175824176,113.68,4.15083333333333,-7.18841666666667,1.581,24.2566433566434,5.99426573426573,1.15195804195804,6.08029411764706,-5.37882352941176,0.971274509803922,12.567095890411,-1.518,453.52,1788,"Big Springs"
"103",2018,12.0982608695652,-1.7629347826087,175.42,25.9303260869565,7.24630434782609,106.71,12.616043956044,-2.10230769230769,43.11,5.139,-7.0685,1.3785,24.0255244755245,5.93853146853147,1.26447552447552,6.17303921568627,-6.19549019607843,0.58421568627451,12.8273424657534,-1.7286301369863,405.83,1788,"Big Springs"
"104",2019,10.6545652173913,-2.62108695652174,141.66,25.5334782608696,7.06054347826087,47.67,10.8438461538462,-2.50934065934066,103.85,3.70625,-8.04408333333333,1.53141666666667,22.9072727272727,5.83181818181818,1.01188811188811,5.10803921568627,-6.69696078431373,0.998235294117647,11.6205753424658,-2.23131506849315,430.29,1788,"Big Springs"
"105",2020,11.1530434782609,-2.68978260869565,109.96,25.56,7.39608695652174,96.66,14.5550549450549,-1.52824175824176,80.37,4.12808333333333,-8.32116666666667,1.14791666666667,23.6394405594406,5.87482517482518,1.07111888111888,8.30627450980392,-5.58509803921569,0.977156862745098,12.9398630136986,-1.99484931506849,390.59,1788,"Big Springs"
"106",2000,10.2429347826087,-1.9295652173913,126.29,23.8915217391304,7.20913043478261,24.95,8.50142857142857,-2.84054945054945,176.03,4.32583333333333,-6.15658333333333,1.30391666666667,20.9925874125874,5.70370629370629,0.956783216783217,3.20862745098039,-6.70892156862745,1.65705882352941,10.5433424657534,-1.66430136986301,462.31,1996,"Bohannon Creek"
"107",2001,10.2351086956522,-2.23402173913043,141.04,23.5951086956522,7.67413043478261,107.63,12.1527472527473,0.302857142857143,127.22,2.606,-7.6095,1.27875,21.742027972028,6.04076923076923,1.18384615384615,5.78235294117647,-4.3428431372549,1.42911764705882,10.9907671232877,-1.34871232876712,468.51,1996,"Bohannon Creek"
"108",2002,8.38586956521739,-3.73217391304348,155.26,22.8141304347826,7.30641304347826,114.06,9.96351648351648,-1.97307692307692,64.33,2.24175,-8.24933333333333,1.4525,20.4393706293706,5.61132867132867,1.25475524475524,4.79254901960784,-5.13137254901961,0.728627450980392,10.0840547945205,-1.94767123287671,428.05,1996,"Bohannon Creek"
"109",2003,9.58815217391304,-2.00695652173913,207.32,24.953152173913,8.6995652173913,61.13,10.8327472527473,-1.37527472527473,73.84,3.59116666666667,-5.96875,2.68825,21.7537062937063,6.44300699300699,0.752307692307692,5.84617647058824,-4.65088235294118,1.35441176470588,11.3370684931507,-0.737780821917808,568.32,1996,"Bohannon Creek"
"110",2004,10.8038043478261,-1.32586956521739,170.33,21.8285869565217,6.85826086956522,100.92,10.2163736263736,-1.18725274725275,111.76,4.42725,-6.35933333333333,1.09741666666667,19.1822377622378,5.16377622377622,1.84321678321678,5.80813725490196,-4.115,1.07872549019608,10.5938630136986,-1.21761643835616,505.3,1996,"Bohannon Creek"
"111",2005,9.89663043478261,-2.49,188.98,22.2864130434783,6.66097826086957,104.02,10.3876923076923,-1.22230769230769,171.39,4.59025,-6.8315,1.0715,20.036013986014,5.05265734265734,1.52006993006993,4.67774509803922,-5.16362745098039,2.13254901960784,10.6660547945205,-1.70942465753425,563.47,1996,"Bohannon Creek"
"112",2006,10.0515217391304,-2.475,155.73,24.1705434782609,8.19869565217391,80.87,10.0645054945055,-1.46010989010989,181.46,3.12858333333333,-7.2385,1.92866666666667,21.7728671328671,6.25958041958042,0.930629370629371,4.97637254901961,-5.08274509803922,2.11588235294118,10.9494246575342,-1.34778082191781,580.34,1996,"Bohannon Creek"
"113",2007,11.6342391304348,-1.52597826086957,137.35,25.2852173913043,8.53097826086957,50.34,9.9389010989011,-1.42197802197802,184.23,4.38708333333333,-6.654,1.387,22.4262937062937,6.45083916083916,0.93013986013986,3.91852941176471,-5.60411764705882,2.38274509803922,11.3235616438356,-1.22638356164384,542.49,1996,"Bohannon Creek"
"114",2008,7.50315217391304,-4.84717391304348,161.56,22.8160869565217,6.88423913043478,54.77,11.3315384615385,-0.539010989010989,154.39,1.58766666666667,-9.28933333333333,1.63783333333333,20.0843356643357,4.98062937062937,0.992447552447552,5.44833333333333,-4.64990196078431,1.83196078431373,9.91317808219178,-2.40213698630137,525.32,1996,"Bohannon Creek"
"115",2009,8.96119565217391,-3.60923913043478,224.59,21.3671739130435,7.10989130434783,176.57,10.7492307692308,-1.40318681318681,103.05,2.88808333333333,-7.65475,2.22416666666667,20.3575524475524,5.71132867132867,1.63783216783217,3.565,-6.76156862745098,1.19127450980392,9.92145205479452,-2.16857534246575,622.62,1996,"Bohannon Creek"
"116",2010,8.55869565217391,-3.58173913043478,181.2,21.0360869565217,6.34510869565217,162.19,10.9538461538462,-0.537472527472527,170.42,4.09066666666667,-6.65158333333333,1.29325,18.2861538461538,4.35615384615385,2.2234965034965,5.56343137254902,-4.43107843137255,2.07519607843137,10.0637534246575,-1.71843835616438,684.82,1996,"Bohannon Creek"
"117",2011,7.17760869565217,-3.89945652173913,272.79,22.4102173913043,6.84478260869565,101.13,11.3341758241758,-0.831978021978022,90.61,1.51591666666667,-8.43208333333333,2.32833333333333,19.9621678321678,5.16181818181818,1.53272727272727,5.60588235294118,-5.03823529411765,1.20480392156863,9.88575342465753,-2.15783561643836,621.47,1996,"Bohannon Creek"
"118",2012,10.761847826087,-2.12108695652174,192.12,24.3980434782609,7.83173913043478,79.46,11.9336263736264,-0.47010989010989,115.4,4.76658333333333,-6.31466666666667,1.87233333333333,21.7564335664336,5.76440559440559,0.965174825174825,5.75421568627451,-4.27490196078431,1.9878431372549,11.6988767123288,-1.01230136986301,565.46,1996,"Bohannon Creek"
"119",2013,9.68934782608696,-2.81652173913043,109.56,24.6797826086957,8.62315217391304,92.51,10.0524175824176,-0.747582417582418,148.11,2.93166666666667,-7.87875,0.991916666666667,22.166013986014,7.09748251748252,1.12223776223776,3.65941176470588,-5.93960784313725,1.72117647058824,10.6706849315068,-1.46945205479452,455.07,1996,"Bohannon Creek"
"120",2014,10.1290217391304,-2.54,148.52,22.2876086956522,7.76673913043478,108.38,11.0679120879121,-0.527142857142857,159.25,3.57491666666667,-7.00241666666667,2.39383333333333,20.5086713286713,5.86398601398601,1.05909090909091,5.75617647058824,-3.68696078431373,2.36166666666667,10.8187945205479,-1.03509589041096,679.6,1996,"Bohannon Creek"
"121",2015,11.3932608695652,-1.33141304347826,152.19,23.835652173913,8.54108695652174,59.4,11.1658241758242,-0.230659340659341,149.41,6.254,-4.9395,1.18241666666667,20.909020979021,6.75321678321678,1.44202797202797,5.63274509803922,-4.22294117647059,1.85156862745098,11.8219452054795,-0.15827397260274,536.96,1996,"Bohannon Creek"
"122",2016,10.6179347826087,-1.07576086956522,184.03,23.8597826086957,7.3475,34.28,11.2454945054945,1.09857142857143,132.98,4.875,-5.41075,1.85,20.7095804195804,5.81132867132867,0.957412587412587,5.0371568627451,-4.08333333333333,1.96843137254902,11.124,-0.643205479452055,559.69,1996,"Bohannon Creek"
"123",2017,10.3241304347826,-1.18967391304348,239.59,24.113152173913,8.53858695652174,83.75,9.48142857142857,-0.900659340659341,202.94,2.72325,-6.875,2.49891666666667,21.6160839160839,6.74083916083916,1.47909090909091,4.19745098039216,-4.70960784313726,2.11617647058824,10.5370684931507,-0.935452054794521,727.23,1996,"Bohannon Creek"
"124",2018,10.1097826086957,-1.63913043478261,233.28,22.8834782608696,7.75521739130435,128.25,10.1252747252747,-1.14241758241758,119.24,3.43583333333333,-6.42066666666667,2.301,21.1196503496503,6.44594405594406,1.50328671328671,4.29058823529412,-5.26117647058823,1.53117647058824,10.6028767123288,-1.05575342465753,647.27,1996,"Bohannon Creek"
"125",2019,8.88391304347826,-2.74163043478261,160.79,22.8121739130435,7.50326086956522,50.38,8.64769230769231,-2.17989010989011,141.82,2.3985,-7.77691666666667,1.9525,20.4022377622378,6.12286713286713,0.912097902097902,3.45323529411765,-6.03549019607843,1.55254901960784,9.74676712328767,-1.84460273972603,523.09,1996,"Bohannon Creek"
"126",2020,9.3879347826087,-3.03576086956522,145.33,22.605,7.52380434782609,155.86,11.7785714285714,-1.06912087912088,116.78,2.80408333333333,-7.73133333333333,1.98366666666667,20.8422377622378,5.91342657342657,1.70839160839161,6.02705882352941,-4.94833333333333,1.41254901960784,10.7717534246575,-1.60786301369863,626.42,1996,"Bohannon Creek"
"127",2000,10.6713043478261,-2.55,119.88,24.7413043478261,7.695,46.19,9.24615384615385,-3.33934065934066,132.95,4.23216666666667,-7.14691666666667,1.13308333333333,21.9588111888112,6.00370629370629,1.00202797202797,3.80303921568627,-7.6593137254902,1.0778431372549,11.0572054794521,-2.13794520547945,389.2,2089,"Boundary"
"128",2001,11.1502173913043,-2.87913043478261,63.55,24.2517391304348,7.69423913043478,78.63,12.9697802197802,-0.695604395604396,60.15,2.90366666666667,-9.04125,0.671583333333333,22.4187412587413,5.93055944055944,0.648601398601399,6.23843137254902,-5.86186274509804,0.882647058823529,11.4812054794521,-2.28709589041096,263.37,2089,"Boundary"
"129",2002,8.94173913043478,-4.51010869565217,106.25,24.1215217391304,7.59271739130435,94.06,10.7079120879121,-2.68164835164835,65.45,1.51125,-10.5734166666667,0.927416666666667,21.5923076923077,5.77013986013986,1.12867132867133,5.38294117647059,-6.21666666666667,0.682450980392157,10.4605753424658,-2.95282191780822,342.3,2089,"Boundary"
"130",2003,10.0871739130435,-2.63782608695652,165.7,25.8003260869565,8.84239130434783,43.79,11.9025274725275,-2.14758241758242,25.54,4.01275,-7.03825,1.40425,22.5537762237762,6.42951048951049,0.66041958041958,6.97313725490196,-5.38147058823529,0.496176470588235,12.1040547945205,-1.29884931506849,313.56,2089,"Boundary"
"131",2004,11.4858695652174,-1.75695652173913,114.75,22.7695652173913,7.1929347826087,122,11.2891208791209,-1.11956043956044,102.13,4.35083333333333,-7.62441666666667,0.94025,20.3741958041958,5.43699300699301,1.52538461538462,6.27039215686275,-4.42509803921569,1.11235294117647,11.164904109589,-1.61315068493151,444.42,2089,"Boundary"
"132",2005,9.87097826086957,-2.65978260869565,218.16,23.0535869565217,7.06391304347826,116.38,11.7589010989011,-1.28549450549451,103.57,4.23066666666667,-7.73033333333333,0.8935,20.6895804195804,5.43377622377622,1.84356643356643,5.92509803921569,-5.42441176470588,1.50333333333333,11.1524657534247,-1.92849315068493,524.19,2089,"Boundary"
"133",2006,10.2417391304348,-2.61478260869565,150.76,24.9352173913043,8.50902173913043,76.54,10.6641758241758,-1.67131868131868,134.77,2.75625,-8.555,1.65933333333333,22.4743356643357,6.56797202797203,0.944965034965035,5.60186274509804,-5.68578431372549,1.29588235294118,11.2766301369863,-1.82830136986301,466.43,2089,"Boundary"
"134",2007,12.6169565217391,-1.54826086956522,102.82,26.0094565217391,9.15391304347826,58.19,11.1517582417582,-1.4343956043956,106.7,5.03608333333333,-7.37941666666667,0.9425,23.3109090909091,6.98888111888112,0.751748251748252,4.84754901960784,-6.04078431372549,1.22127450980392,12.1431232876712,-1.3761095890411,345.17,2089,"Boundary"
"135",2008,7.6704347826087,-5.51967391304348,101.16,24.1020652173913,7.37478260869565,43.22,12.7101098901099,-0.648571428571429,79.85,1.1275,-10.9995833333333,1.16383333333333,21.303006993007,5.37692307692308,0.752937062937063,6.51176470588235,-5.20029411764706,1.40186274509804,10.5365205479452,-2.96295890410959,390.32,2089,"Boundary"
"136",2009,9.73630434782609,-3.40804347826087,157.2,21.7402173913043,7.32282608695652,174.34,11.4218681318681,-1.64373626373626,107.66,3.14566666666667,-8.36775,1.41575,20.8840559440559,5.97314685314685,1.35265734265734,4.16607843137255,-7.14745098039216,1.12235294117647,10.3803835616438,-2.40824657534247,477.8,2089,"Boundary"
"137",2010,8.60565217391304,-3.45858695652174,169.82,22.1283695652174,6.67434782608696,95.73,12.180989010989,-0.899450549450549,117.27,3.56616666666667,-7.42008333333333,1.06483333333333,19.3473426573427,4.54902097902098,1.33748251748252,6.60578431372549,-4.45352941176471,1.49166666666667,10.5983561643836,-1.90180821917808,471.19,2089,"Boundary"
"138",2011,7.45163043478261,-4.17641304347826,201.47,22.8396739130435,6.64521739130435,58.44,11.7016483516484,-1.63648351648352,88.44,1.29258333333333,-9.5315,1.30183333333333,20.3237762237762,5.04,0.943356643356643,6.10852941176471,-6.12470588235294,1.01676470588235,10.0944657534247,-2.8706301369863,394.83,2089,"Boundary"
"139",2012,11.4798913043478,-2.19152173913043,144.22,24.9346739130435,7.91119565217391,28.47,12.6756043956044,-0.935604395604396,58.83,5.09316666666667,-7.32141666666667,1.11483333333333,22.4246153846154,5.86629370629371,0.446713286713287,6.42725490196078,-4.85127450980392,1.03990196078431,12.2561095890411,-1.46443835616438,303.73,2089,"Boundary"
"140",2013,10.0947826086957,-3.2595652173913,68.14,25.4976086956522,8.7620652173913,21.99,11.0268131868132,-1.23791208791209,81.08,2.5585,-9.51433333333333,0.522083333333333,22.778041958042,7.17818181818182,0.584265734265734,4.43754901960784,-7.14147058823529,0.779607843137255,11.0052328767123,-2.31142465753425,225.72,2089,"Boundary"
"141",2014,11.3755434782609,-2.6579347826087,91.83,22.8751086956522,7.75510869565217,123.74,11.8257142857143,-1.11098901098901,92.11,4.63,-7.97966666666667,1.08208333333333,21.1947552447552,5.99020979020979,0.958391608391608,6.41892156862745,-4.4528431372549,1.28794117647059,11.6196712328767,-1.52095890410959,398.27,2089,"Boundary"
"142",2015,12.0334782608696,-1.58608695652174,126.24,24.145652173913,8.345,89.56,12.0642857142857,-0.584945054945055,80.36,6.81691666666667,-5.73258333333333,0.273583333333333,21.3441958041958,6.58132867132867,1.56755244755245,5.94343137254902,-5.36539215686274,0.932450980392157,12.2643287671233,-0.805616438356164,352.1,2089,"Boundary"
"143",2016,11.0035869565217,-1.67402173913043,155.05,24.625652173913,7.3575,20.58,11.9705494505495,0.341648351648352,211.01,4.47866666666667,-6.83158333333333,0.979583333333333,21.4976223776224,5.60853146853147,0.82958041958042,5.59421568627451,-5.27754901960784,2.58676470588235,11.4581095890411,-1.52350684931507,500.03,2089,"Boundary"
"144",2017,10.7854347826087,-1.76521739130435,111.54,24.6647826086957,8.6425,55.3,10.55,-1.72010989010989,133.98,3.06891666666667,-7.77808333333333,1.87691666666667,22.3304195804196,6.82622377622378,1.05230769230769,5.02323529411765,-6.04774509803922,0.913823529411765,11.1613424657534,-1.57284931506849,468.92,2089,"Boundary"
"145",2018,10.4896739130435,-2.12021739130435,211.09,24.1109782608696,7.80478260869565,71.49,11.2263736263736,-1.93824175824176,40.87,3.86058333333333,-7.73391666666667,1.28875,22.1960839160839,6.54615384615385,1.1472027972028,5.03892156862745,-6.43343137254902,0.550588235294118,11.3733698630137,-1.77583561643836,374.86,2089,"Boundary"
"146",2019,9.56380434782609,-2.7329347826087,124.22,23.405,7.26010869565217,29.72,9.5932967032967,-3.25,100.42,2.771,-8.57183333333333,1.585,20.8585314685315,5.84265734265734,0.983846153846154,4.27470588235294,-6.99323529411765,0.981470588235294,10.2775616438356,-2.4833698630137,431,2089,"Boundary"
"147",2020,10.143152173913,-3.29086956521739,79.73,23.9554347826087,7.80586956521739,70.86,12.8154945054945,-1.75879120879121,54.53,2.90141666666667,-9.00175,0.894583333333333,22.0497902097902,6.05405594405594,0.738391608391608,6.95323529411765,-5.8793137254902,0.575196078431373,11.5356712328767,-2.23060273972603,271.61,2089,"Boundary"
"148",2000,11.1285869565217,-2.70804347826087,85.7,25.7144565217391,6.55076086956522,25.68,9.37076923076923,-3.68142857142857,104.5,4.99033333333333,-7.312,0.88675,22.757972027972,5.11643356643357,0.64006993006993,3.93813725490196,-7.87833333333333,0.946764705882353,11.6573150684932,-2.60104109589041,294.51,1959,"Bull Creek"
"149",2001,11.4413043478261,-3.19445652173913,107.45,25.035652173913,6.58945652173913,67.92,13.7552747252747,-0.747802197802198,75.06,3.36158333333333,-9.01033333333333,1.03375,23.1423776223776,4.94916083916084,0.705664335664336,7.37156862745098,-5.53774509803922,0.779705882352941,12.2319178082192,-2.57084931506849,304.49,1959,"Bull Creek"
"150",2002,9.4670652173913,-4.77065217391304,79.94,24.6367391304348,6.17163043478261,95.04,11.2379120879121,-3.31351648351648,60.59,2.65541666666667,-10.0346666666667,0.8215,22.0958041958042,4.6527972027972,0.970909090909091,5.8578431372549,-6.91323529411765,0.527450980392157,11.1667123287671,-3.4081095890411,291.22,1959,"Bull Creek"
"151",2003,10.6838043478261,-3.03152173913043,151.71,26.7127173913043,7.04380434782609,40.76,12.5759340659341,-2.9310989010989,31.75,4.32941666666667,-7.70133333333333,1.43058333333333,23.4807692307692,4.94090909090909,0.60013986013986,7.39098039215686,-6.20058823529412,0.601078431372549,12.6881095890411,-2.32895890410959,318.8,1959,"Bull Creek"
"152",2004,12.0877173913043,-2.31913043478261,113.56,23.4408695652174,6.00097826086956,98.56,11.2282417582418,-2.28516483516484,86.48,5.16675,-7.82458333333333,0.68375,20.8561538461538,4.43888111888112,1.39748251748252,6.50225490196078,-5.35647058823529,0.843725490196078,11.6867671232877,-2.33027397260274,367.95,1959,"Bull Creek"
"153",2005,10.4895652173913,-3.07641304347826,164.05,23.5914130434783,5.85847826086956,108.95,12.2387912087912,-1.94956043956044,107.45,5.16358333333333,-7.93266666666667,0.719083333333333,21.3195104895105,4.32321678321678,1.48552447552448,6.33313725490196,-5.79205882352941,1.25941176470588,11.82,-2.53284931506849,427.18,1959,"Bull Creek"
"154",2006,10.8232608695652,-3.01282608695652,116.6,25.9415217391304,7.25923913043478,57.3,11.26,-2.26802197802198,119.5,3.68258333333333,-8.24083333333333,1.24833333333333,23.336013986014,5.32132867132867,0.804125874125874,6.08676470588235,-5.95392156862745,1.16872549019608,12.0542739726027,-2.28835616438356,384,1959,"Bull Creek"
"155",2007,12.7527173913043,-2.22804347826087,90.35,27.0282608695652,7.5554347826087,66.96,11.6007692307692,-2.09373626373626,94.03,5.16275,-7.77925,0.787,24.056993006993,5.5213986013986,0.943916083916084,5.34401960784314,-6.45039215686274,0.921666666666667,12.6158082191781,-2.19695890410959,323.43,1959,"Bull Creek"
"156",2008,7.95304347826087,-5.91141304347826,112.26,24.8088043478261,5.5795652173913,39.01,13.1746153846154,-1.43571428571429,67.49,1.707,-10.9238333333333,0.967416666666667,21.8451748251748,3.82433566433566,0.805244755244755,6.9656862745098,-5.76019607843137,1.06862745098039,11.066301369863,-3.70279452054795,340.24,1959,"Bull Creek"
"157",2009,9.67717391304348,-4.42,169.37,22.8364130434783,6.48467391304348,147.42,11.9510989010989,-2.38362637362637,77.39,3.64566666666667,-8.70716666666667,1.47108333333333,21.8570629370629,5.02006993006993,1.22867132867133,4.52578431372549,-7.76607843137255,0.808725490196078,11.0264931506849,-3.0661095890411,434.72,1959,"Bull Creek"
"158",2010,9.01119565217391,-4.01565217391304,171.09,22.7238043478261,5.5045652173913,109.75,12.8250549450549,-1.53879120879121,82.19,4.50541666666667,-7.74583333333333,0.847916666666667,19.8353846153846,3.65657342657343,1.56846153846154,6.99245098039216,-5.45294117647059,1.09745098039216,11.2064109589041,-2.63783561643836,437.98,1959,"Bull Creek"
"159",2011,7.49989130434783,-4.63869565217391,217.72,24.173152173913,5.89065217391304,88.56,12.9281318681319,-1.93,92.89,1.75475,-9.6935,1.47225,21.3995804195804,4.24125874125874,1.36517482517483,6.96411764705882,-6.22186274509804,0.973235294117647,10.9069863013699,-3.26397260273973,471.16,1959,"Bull Creek"
"160",2012,11.7875,-2.72054347826087,129.33,26.23,6.87076086956522,38.62,13.7873626373626,-1.51516483516484,67.75,5.61783333333333,-7.58133333333333,1.23666666666667,23.4958041958042,4.85685314685315,0.569300699300699,7.41892156862745,-5.39892156862745,1.05264705882353,13.125397260274,-2.09841095890411,337.18,1959,"Bull Creek"
"161",2013,10.6689130434783,-3.52967391304348,93.07,26.4625,7.49315217391304,72.87,11.4940659340659,-1.2510989010989,110.87,3.63233333333333,-9.11091666666667,0.444416666666667,23.6881818181818,6.21979020979021,1.12146853146853,5.07519607843137,-6.86813725490196,1.11970588235294,11.8930410958904,-2.4778904109589,327.91,1959,"Bull Creek"
"162",2014,11.5107608695652,-3.21402173913043,93.22,24.0764130434783,6.58032608695652,105.1,12.8649450549451,-1.50769230769231,85.77,4.97291666666667,-8.21225,1.30575,22.2255944055944,4.82874125874126,0.948881118881119,7.25745098039216,-4.82401960784314,1.32245098039216,12.370602739726,-2.15619178082192,427.27,1959,"Bull Creek"
"163",2015,12.5853260869565,-1.95923913043478,143.98,25.1604347826087,7.34717391304348,88.19,12.6097802197802,-1.38131868131868,91.21,7.53825,-5.72608333333333,0.804083333333333,22.2556643356643,5.82006993006993,1.49181818181818,6.56186274509804,-5.74470588235294,1.14637254901961,13.031397260274,-1.20772602739726,426.75,1959,"Bull Creek"
"164",2016,11.3004347826087,-1.90760869565217,153.8,25.7394565217391,5.9645652173913,22.24,12.9540659340659,0.457582417582418,170.27,5.34858333333333,-6.58908333333333,0.99725,22.4174825174825,4.62636363636364,0.801678321678322,6.64,-5.11450980392157,2.03343137254902,12.3967397260274,-1.78301369863014,441.72,1959,"Bull Creek"
"165",2017,11.3216304347826,-1.94576086956522,117.69,25.7755434782609,7.04565217391304,69.12,11.0163736263736,-1.78626373626374,114.1,3.68341666666667,-7.63158333333333,1.51533333333333,23.2090909090909,5.45447552447552,1.06734265734266,5.6106862745098,-5.94960784313725,0.971176470588235,11.8717808219178,-2.03468493150685,433.53,1959,"Bull Creek"
"166",2018,10.915652173913,-2.60434782608696,170.18,24.8075,6.69739130434783,111.25,11.94,-2.5189010989011,44.98,4.20016666666667,-8.01333333333333,1.28391666666667,22.8995104895105,5.39783216783217,1.32671328671329,5.65372549019608,-6.6893137254902,0.545980392156863,11.9324109589041,-2.38909589041096,399.48,1959,"Bull Creek"
"167",2019,9.68630434782609,-3.5695652173913,133.85,24.2120652173913,6.12391304347826,58.24,10.1205494505495,-3.17175824175824,95.6,3.12775,-8.984,1.37208333333333,21.6004895104895,4.96104895104895,1.12993006993007,4.63980392156863,-7.23852941176471,0.933039215686274,10.7875616438356,-3.03282191780822,421.4,1959,"Bull Creek"
"168",2020,10.3140217391304,-3.63358695652174,89.95,24.5879347826087,6.64586956521739,89.18,13.8320879120879,-2.13813186813187,68.28,3.56725,-9.02583333333333,0.909083333333333,22.6844055944056,5.11846153846154,0.980979020979021,7.85039215686275,-6.12323529411765,0.781274509803922,12.2539178082192,-2.67323287671233,329.06,1959,"Bull Creek"
"169",2000,13.574347826087,0.179565217391304,70.62,27.8804347826087,9.48902173913043,13.69,11.4136263736264,-1.30263736263736,111.98,6.74841666666667,-4.75766666666667,0.887083333333333,24.9155944055944,7.93727272727273,0.556783216783217,5.37274509803922,-5.64921568627451,0.990490196078431,13.4815342465753,-0.0331780821917808,287.1,1651,"Cabin Creek"
"170",2001,13.5775,-0.462934782608696,100.49,26.9429347826087,9.52532608695652,60.83,15.0954945054945,1.36648351648352,85.12,4.62108333333333,-6.85041666666667,0.935333333333333,25.179020979021,7.85573426573427,0.714615384615385,7.89617647058824,-3.81578431372549,0.79921568627451,13.5905205479452,-0.240794520547945,295.95,1651,"Cabin Creek"
"171",2002,11.6111956521739,-1.67010869565217,109.39,26.3344565217391,8.99065217391304,65.84,12.5994505494505,-1.13967032967033,43.97,4.38316666666667,-7.15633333333333,0.933333333333333,23.906993006993,7.28678321678322,0.793076923076923,6.76480392156863,-4.475,0.566078431372549,12.6977808219178,-0.748493150684931,283.15,1651,"Cabin Creek"
"172",2003,12.743152173913,-0.236739130434783,108.72,28.7916304347826,10.3479347826087,39.24,14.230989010989,-0.222857142857143,34.15,5.94525,-4.51075,1.3285,25.4805594405594,8.07965034965035,0.462097902097902,8.67627450980392,-3.6056862745098,0.726176470588235,14.362,0.674849315068493,299.57,1651,"Cabin Creek"
"173",2004,14.3327173913043,0.449673913043478,103.42,25.5242391304348,8.81815217391304,68.34,12.7657142857143,-0.0106593406593406,90.61,6.94733333333333,-5.22616666666667,0.771,22.8141258741259,7.12916083916084,1.2493006993007,7.845,-3.23166666666667,0.837941176470588,13.4144931506849,0.171780821917808,356.64,1651,"Cabin Creek"
"174",2005,12.9823913043478,-0.513695652173913,123.41,25.8426086956522,8.60097826086957,76.84,13.2136263736264,-0.221648351648352,95.61,6.86433333333333,-5.58991666666667,0.632083333333333,23.4570629370629,6.92391608391608,1.07174825174825,6.84764705882353,-4.34294117647059,1.30558823529412,13.3603835616438,-0.338767123287671,362.28,1651,"Cabin Creek"
"175",2006,12.940652173913,-0.621086956521739,110.82,27.7060869565217,9.91097826086957,49.89,12.7857142857143,-0.268241758241758,156.14,5.36833333333333,-5.83425,1.23508333333333,25.1651048951049,7.86405594405594,0.672937062937063,7.19960784313725,-3.9878431372549,1.66313725490196,13.6360821917808,0.0484657534246575,414.08,1651,"Cabin Creek"
"176",2007,14.9707608695652,0.0535869565217391,81.55,28.4842391304348,10.0386956521739,52.46,12.7384615384615,-0.41021978021978,106.71,6.93983333333333,-5.29275,0.876583333333333,25.7416783216783,7.98146853146853,0.714265734265734,6.3778431372549,-4.67705882352941,1.32225490196078,14.1489863013699,0.0798904109589041,342.2,1651,"Cabin Creek"
"177",2008,10.655,-3.06532608695652,108.41,26.6508695652174,8.57608695652174,37.32,14.4128571428571,0.46032967032967,77.3,3.89441666666667,-7.93225,0.849166666666667,23.9168531468531,6.6113986013986,0.700839160839161,7.95411764705882,-3.69313725490196,1.03137254901961,12.8733150684932,-1.04969863013699,307.32,1651,"Cabin Creek"
"178",2009,11.965,-1.78282608695652,126.64,24.9503260869565,8.86358695652174,128.45,13.7723076923077,-0.396153846153846,64.24,5.29083333333333,-6.20416666666667,1.30333333333333,23.8762937062937,7.33426573426573,1.11867132867133,6.16666666666667,-5.75196078431373,0.695196078431373,12.8170136986301,-0.773698630136986,387.28,1651,"Cabin Creek"
"179",2010,11.1725,-1.94532608695652,117.32,24.4315217391304,7.93489130434783,128.86,13.767032967033,0.404285714285714,97.93,5.9915,-5.50166666666667,0.620833333333333,21.5313286713287,5.90356643356643,1.6448951048951,7.66627450980392,-3.55686274509804,1.32029411764706,12.5477260273973,-0.489835616438356,444.39,1651,"Cabin Creek"
"180",2011,9.86184782608696,-2.06521739130435,147.47,25.9898913043478,8.25271739130435,60.33,14.4340659340659,0.0185714285714286,80.46,3.68,-7.0025,1.04066666666667,23.4206993006993,6.60076923076923,0.926083916083916,8.16147058823529,-4.3378431372549,0.895490196078431,12.6663835616438,-0.928356164383562,348.65,1651,"Cabin Creek"
"181",2012,13.7478260869565,-0.7125,119.53,27.8447826086957,9.13739130434783,23.9,15.0379120879121,0.466813186813187,71.91,7.25825,-5.3155,1.06325,25.1926573426573,7.11741258741259,0.425454545454545,8.46264705882353,-3.29382352941176,1.17205882352941,14.6211780821918,0.120438356164384,307.98,1651,"Cabin Creek"
"182",2013,12.8470652173913,-1.70619565217391,60.52,28.3071739130435,9.30076086956522,56.07,12.8765934065934,-0.216263736263736,99.24,5.41333333333333,-7.37908333333333,0.39975,25.6558741258741,7.92223776223776,0.747412587412587,6.07686274509804,-5.66107843137255,1.10039215686275,13.529397260274,-0.904219178082192,267.09,1651,"Cabin Creek"
"183",2014,13.3522826086957,-1.07054347826087,94.64,25.9433695652174,9.31369565217391,96.21,14.1730769230769,0.238131868131868,97.37,6.3035,-5.85716666666667,1.24191666666667,24.1513986013986,7.35090909090909,0.824545454545455,8.09588235294118,-3.05970588235294,1.38686274509804,13.7968493150685,0.0992602739726027,408.4,1651,"Cabin Creek"
"184",2015,14.6347826086957,-0.0864130434782609,93.72,27.2677173913043,9.85630434782609,58.93,14.0512087912088,0.263516483516484,94.4,8.601,-4.03241666666667,0.739416666666667,24.3757342657343,8.04727272727273,1.08755244755245,7.84803921568627,-3.96862745098039,1.16803921568627,14.5708219178082,0.718,363.39,1651,"Cabin Creek"
"185",2016,13.7597826086957,0.202391304347826,117,27.4885869565217,8.60586956521739,15.96,14.0145054945055,1.69120879120879,109.97,6.81016666666667,-5.063,0.90975,24.2813986013986,7.01160839160839,0.578601398601399,7.19960784313725,-3.84882352941176,1.51186274509804,13.7638904109589,0.00690410958904105,346.12,1651,"Cabin Creek"
"186",2017,13.179347826087,0.00989130434782609,155.35,27.6473913043478,9.66597826086957,48.28,12.3210989010989,0.0204395604395604,128.54,4.52883333333333,-6.34966666666667,1.78175,25.0258741258741,7.91083916083916,1.06048951048951,6.59970588235294,-4.23058823529412,1.05803921568627,13.1378904109589,-0.170493150684932,473.38,1651,"Cabin Creek"
"187",2018,13.2113043478261,-0.15,134.07,26.9278260869565,9.38619565217391,79.14,13.3378021978022,-0.478241758241758,61.43,6.13533333333333,-5.23233333333333,1.16383333333333,25.0105594405594,7.98356643356643,0.92993006993007,6.79735294117647,-4.70637254901961,0.798725490196078,13.7152876712329,0.0923835616438356,354.11,1651,"Cabin Creek"
"188",2019,11.9225,-0.691413043478261,105.92,26.5734782608696,9.31467391304348,30.22,11.5216483516484,-1.17791208791209,81.83,4.64833333333333,-6.29591666666667,1.28541666666667,24.0086013986014,7.87881118881119,0.71986013986014,5.53490196078431,-5.49558823529412,0.775098039215686,12.4810684931507,-0.518876712328767,336.25,1651,"Cabin Creek"
"189",2020,12.2748913043478,-1.1495652173913,113.28,26.3316304347826,9.40510869565217,101.48,15.0710989010989,-0.0156043956043956,77.22,4.956,-6.82983333333333,1.186,24.4036363636364,7.71405594405594,1.08979020979021,8.57450980392157,-4.2628431372549,0.957843137254902,13.5864109589041,-0.414465753424658,395.86,1651,"Cabin Creek"
"190",2000,11.1632608695652,-1.06771739130435,102.45,25.1453260869565,8.63771739130435,20.94,9.56791208791209,-1.78923076923077,142.14,5.03416666666667,-5.403,1.14,22.1962937062937,6.96811188811189,0.795524475524475,4.0378431372549,-5.78245098039216,1.27450980392157,11.4795342465753,-0.66227397260274,380.56,1910,"Camp Creek"
"191",2001,11.5671739130435,-1.32934782608696,131.11,24.751847826087,8.86565217391304,93.79,13.1002197802198,1.1443956043956,105.3,3.58108333333333,-6.881,1.19,22.9552447552448,7.19538461538462,0.997482517482517,6.39872549019608,-3.70245098039216,1.21764705882353,11.958904109589,-0.477890410958904,409.64,1910,"Camp Creek"
"192",2002,9.5795652173913,-2.66804347826087,148.09,24.0925,8.28195652173913,100.19,10.9842857142857,-1.18164835164835,57.96,3.10216666666667,-7.44,1.22808333333333,21.6933566433566,6.56811188811189,1.18293706293706,5.49705882352941,-4.42401960784314,0.724411764705882,11.055095890411,-1.10906849315068,390.42,1910,"Camp Creek"
"193",2003,10.8304347826087,-1.03184782608696,163.21,26.5060869565217,9.89554347826087,47.34,12.0863736263736,-0.362197802197802,43.27,4.46508333333333,-5.02225,2.03558333333333,23.239020979021,7.58818181818182,0.637272727272727,6.92519607843137,-3.64009803921569,0.978921568627451,12.5078356164384,0.304520547945205,435.25,1910,"Camp Creek"
"194",2004,12.2213043478261,-0.394021739130435,145.97,23.2951086956522,8.01032608695652,93.52,11.177032967033,-0.364175824175824,98.14,5.51408333333333,-5.50275,0.977833333333333,20.6397902097902,6.24594405594406,1.71811188811189,6.53098039215686,-3.3778431372549,0.974411764705882,11.7242191780822,-0.306027397260274,462.42,1910,"Camp Creek"
"195",2005,11.1358695652174,-1.49782608695652,161.75,23.6516304347826,7.93913043478261,98.63,11.2247252747253,-0.320879120879121,132.57,5.58125,-5.84758333333333,0.826333333333333,21.3047552447552,6.2441958041958,1.39874125874126,5.34813725490196,-4.34303921568627,1.70960784313726,11.6762739726027,-0.689808219178082,473.56,1910,"Camp Creek"
"196",2006,10.8623913043478,-1.43119565217391,136.39,25.2210869565217,9.51586956521739,64.7,10.8515384615385,-0.582417582417582,174.61,3.82916666666667,-6.29583333333333,1.63725,22.7818881118881,7.48083916083916,0.852867132867133,5.71313725490196,-4.24941176470588,1.89754901960784,11.7809589041096,-0.326520547945205,511.98,1910,"Camp Creek"
"197",2007,12.6164130434783,-0.584021739130435,103.43,26.2272826086957,9.78652173913044,55.59,10.7502197802198,-0.585384615384615,152.82,5.27708333333333,-5.6765,1.13066666666667,23.4081818181818,7.65657342657343,0.855944055944056,4.66333333333333,-4.83049019607843,1.87166666666667,12.2089863013699,-0.216438356164384,448.99,1910,"Camp Creek"
"198",2008,8.535,-3.95217391304348,137.77,24.0227173913043,8.01967391304348,45.31,12.3452747252747,0.29010989010989,102.97,2.44216666666667,-8.40041666666667,1.31558333333333,21.3070629370629,6.01440559440559,0.821748251748252,6.28411764705882,-3.82833333333333,1.40382352941176,10.9067123287671,-1.47528767123288,418.57,1910,"Camp Creek"
"199",2009,9.89336956521739,-2.6125,178.39,22.4380434782609,8.18978260869565,153.68,11.6796703296703,-0.464835164835165,79.88,3.7535,-6.7055,1.75975,21.3795104895105,6.77006993006993,1.37923076923077,4.48029411764706,-5.8343137254902,0.877745098039216,10.8621369863014,-1.18257534246575,497.93,1910,"Camp Creek"
"200",2010,9.17282608695652,-2.77032608695652,140.22,21.9584782608696,7.27902173913043,161.59,11.7286813186813,0.254835164835165,123.49,4.63216666666667,-5.78725,0.8105,19.1474825174825,5.22398601398601,2.0448951048951,6.22990196078431,-3.58647058823529,1.6556862745098,10.7654794520548,-0.858246575342466,558.56,1910,"Camp Creek"
"201",2011,7.81445652173913,-3.09576086956522,212.47,23.3910869565217,7.83673913043478,82.16,12.227032967033,0.0838461538461538,90.01,2.21408333333333,-7.58575,1.58791666666667,20.8956643356643,6.13307692307692,1.28160839160839,6.40960784313725,-4.20450980392157,1.03676470588235,10.7056164383562,-1.26608219178082,479.57,1910,"Camp Creek"
"202",2012,11.4641304347826,-1.25967391304348,152.33,25.3539130434783,9.025,47.28,12.9027472527473,0.65967032967033,93.71,5.51075,-5.49666666666667,1.35791666666667,22.6993706293706,6.96440559440559,0.681188811188811,6.60666666666667,-3.23901960784314,1.66411764705882,12.5511780821918,0.0162465753424657,430.1,1910,"Camp Creek"
"203",2013,10.5676086956522,-1.99565217391304,84.07,25.7402173913043,9.57858695652174,71.85,10.9067032967033,-0.123516483516483,131.18,3.78466666666667,-7.17075,0.702666666666667,23.1376923076923,8.00601398601399,0.891818181818182,4.50852941176471,-5.3906862745098,1.52617647058824,11.569095890411,-0.727342465753425,367.52,1910,"Camp Creek"
"204",2014,11.0630434782609,-1.64521739130435,123.09,23.2952173913043,8.84956521739131,116.98,11.9893406593407,0.340989010989011,150.02,4.55358333333333,-6.09225,1.80833333333333,21.5140559440559,6.97559440559441,1.04797202797203,6.41794117647059,-2.97372549019608,2.03627450980392,11.7193698630137,-0.101041095890411,574.56,1910,"Camp Creek"
"205",2015,12.2570652173913,-0.514782608695652,132.92,24.7523913043478,9.66,59.13,12.0197802197802,0.535384615384615,118.68,6.904,-4.207,0.910166666666667,21.8406993006993,7.76363636363636,1.38510489510489,6.28176470588235,-3.56745098039216,1.53735294117647,12.5820273972603,0.66158904109589,464.1,1910,"Camp Creek"
"206",2016,11.4860869565217,-0.325,158.06,24.8333695652174,8.58239130434783,23.97,11.9691208791209,1.69032967032967,118.34,5.42591666666667,-4.9175,1.38425,21.6914685314685,6.8641958041958,0.775664335664336,5.63274509803922,-3.61519607843137,1.77323529411765,11.8562465753425,0.0622739726027397,457.9,1910,"Camp Creek"
"207",2017,11.0134782608696,-0.630326086956522,212.98,25.0763043478261,9.68423913043478,59.21,10.3494505494505,-0.140989010989011,191.31,3.21208333333333,-6.44408333333333,2.41508333333333,22.5365734265734,7.78713286713287,1.25307692307692,4.89039215686275,-4.21519607843137,1.7178431372549,11.2520547945205,-0.245698630136986,644.22,1910,"Camp Creek"
"208",2018,10.8946739130435,-0.796086956521739,174.08,24.058152173913,9.00532608695652,102.78,11.1315384615385,-0.337912087912088,93.18,4.23408333333333,-5.62425,1.59358333333333,22.2137062937063,7.6248951048951,1.15111888111888,5.13705882352941,-4.50401960784314,1.15480392156863,11.5304931506849,-0.120438356164384,473.63,1910,"Camp Creek"
"209",2019,9.82315217391304,-1.55467391304348,131.83,23.91,8.7925,52.63,9.54505494505494,-1.37681318681319,100.57,3.18341666666667,-6.62383333333333,1.6185,21.4254545454545,7.32370629370629,0.974825174825175,4.17588235294118,-5.35196078431373,0.943333333333333,10.6076438356164,-0.804027397260274,429.84,1910,"Camp Creek"
"210",2020,10.299347826087,-1.97532608695652,129.84,23.6572826086957,8.82358695652174,130.62,12.8561538461538,0.0738461538461539,100.98,3.618,-6.90233333333333,1.54008333333333,21.8197902097902,7.15531468531469,1.41006993006993,6.9193137254902,-4.01392156862745,1.24980392156863,11.6716712328767,-0.587643835616438,513.93,1910,"Camp Creek"
"211",2000,11.5235869565217,-1.94663043478261,87.72,25.9283695652174,7.02826086956522,21.2,9.6443956043956,-3.03835164835165,110.67,5.356,-6.50275,0.819833333333333,22.9452447552448,5.59202797202797,0.671258741258741,4.19245098039216,-7.17205882352941,0.972941176470588,11.9219726027397,-1.95128767123288,293.61,1890,"Cedar Gulch"
"212",2001,11.7247826086957,-2.53130434782609,127.06,25.3002173913043,7.22228260869565,73.03,13.8037362637363,-0.176703296703297,84.34,3.62608333333333,-8.32966666666667,1.18633333333333,23.3953146853147,5.56888111888112,0.782657342657343,7.37009803921569,-4.95254901960784,0.873039215686275,12.4175616438356,-1.9407397260274,343.33,1890,"Cedar Gulch"
"213",2002,9.80402173913044,-3.94826086956522,103.59,24.6661956521739,6.74717391304348,88.96,11.3317582417582,-2.72626373626374,55.13,3.12658333333333,-9.10366666666667,0.916,22.1934965034965,5.20902097902098,0.960909090909091,5.95882352941176,-6.18970588235294,0.583529411764706,11.3881095890411,-2.68191780821918,306.85,1890,"Cedar Gulch"
"214",2003,11,-2.33576086956522,157.77,26.9445652173913,7.58576086956522,41.56,12.6491208791209,-2.27538461538462,23.94,4.67308333333333,-6.83241666666667,1.68216666666667,23.6853846153846,5.49314685314685,0.594055944055944,7.45833333333333,-5.525,0.628921568627451,12.9000821917808,-1.63813698630137,350.96,1890,"Cedar Gulch"
"215",2004,12.4072826086957,-1.66597826086957,120.29,23.6635869565217,6.49597826086957,91.49,11.3185714285714,-1.9110989010989,87.85,5.55908333333333,-7.11233333333333,0.78975,20.994965034965,4.91272727272727,1.45552447552448,6.6928431372549,-4.9393137254902,0.756960784313725,11.923397260274,-1.7938904109589,380.12,1890,"Cedar Gulch"
"216",2005,10.9723913043478,-2.47532608695652,151.03,23.9742391304348,6.12891304347826,101.02,12.1315384615385,-1.63032967032967,116.11,5.53466666666667,-7.37675,0.73475,21.673986013986,4.64776223776224,1.33335664335664,6.17686274509804,-5.49676470588235,1.44480392156863,12.0372054794521,-2.14041095890411,426.21,1890,"Cedar Gulch"
"217",2006,11.1122826086957,-2.55478260869565,113.2,25.9998913043478,7.60108695652174,65.93,11.4053846153846,-1.82901098901099,158.81,3.95291666666667,-7.65325,1.11141666666667,23.4353846153846,5.68433566433566,0.863496503496504,6.18450980392157,-5.48196078431373,1.57774509803922,12.209397260274,-1.82106849315068,417.78,1890,"Cedar Gulch"
"218",2007,12.9792391304348,-1.81717391304348,83.44,27.0404347826087,7.83597826086956,50.62,11.5392307692308,-1.75879120879121,120.05,5.35216666666667,-7.28858333333333,0.899833333333333,24.1124475524476,5.83881118881119,0.827412587412587,5.34539215686275,-5.98058823529412,1.27725490196078,12.7001917808219,-1.78,356.58,1890,"Cedar Gulch"
"219",2008,8.33054347826087,-5.25565217391304,108.46,24.8282608695652,5.92641304347826,44.19,13.1065934065934,-1.11065934065934,81.96,2.08016666666667,-10.11625,0.820833333333333,21.9394405594406,4.1779020979021,0.844615384615385,6.95813725490196,-5.31225490196078,1.17941176470588,11.2238082191781,-3.17358904109589,339.58,1890,"Cedar Gulch"
"220",2009,9.96782608695652,-3.92,168.17,23.0571739130435,6.8429347826087,144.55,12.1614285714286,-1.96637362637363,75.56,3.89691666666667,-8.0725,1.67616666666667,22.0367832167832,5.36041958041958,1.16517482517483,4.75294117647059,-7.27764705882353,0.798333333333333,11.2429863013699,-2.58761643835616,449.19,1890,"Cedar Gulch"
"221",2010,9.46054347826087,-3.53836956521739,167.64,22.7514130434783,5.82565217391304,137.2,12.7517582417582,-1.12769230769231,88.29,4.90858333333333,-7.11391666666667,0.855833333333333,19.9168531468531,3.99202797202797,1.85398601398601,6.95058823529412,-5.02980392156863,1.34578431372549,11.3591780821918,-2.18041095890411,505.09,1890,"Cedar Gulch"
"222",2011,7.84282608695652,-4.00771739130435,214.2,24.3765217391304,6.22489130434783,86.91,13.0806593406593,-1.57098901098901,88.88,2.08383333333333,-8.95791666666667,1.41333333333333,21.6686713286713,4.59482517482517,1.33314685314685,7.07509803921569,-5.83098039215686,0.936960784313725,11.1516164383562,-2.77438356164384,455.81,1890,"Cedar Gulch"
"223",2012,12.0695652173913,-2.33858695652174,149.44,26.3577173913043,7.08739130434783,40.77,13.8486813186813,-1.15197802197802,73.32,5.87683333333333,-7.02708333333333,1.42366666666667,23.6269230769231,5.08825174825175,0.626223776223776,7.47176470588235,-4.94950980392157,1.16019607843137,13.2766849315068,-1.69994520547945,378.73,1890,"Cedar Gulch"
"224",2013,11.0792391304348,-3.09521739130435,81.32,26.5929347826087,7.80478260869565,59.37,11.5561538461538,-1.04351648351648,119.79,4.04658333333333,-8.62583333333333,0.551,23.8967832167832,6.52832167832168,0.927132867132867,5.09852941176471,-6.575,1.29676470588235,12.1174794520548,-2.11561643835616,330.97,1890,"Cedar Gulch"
"225",2014,11.6966304347826,-2.70054347826087,103.5,24.2390217391304,7.11163043478261,107.62,12.9076923076923,-1.12483516483516,105.08,5.05883333333333,-7.559,1.4155,22.4109090909091,5.29993006993007,1.00104895104895,7.26892156862745,-4.33960784313726,1.57882352941176,12.4746575342466,-1.62145205479452,474.05,1890,"Cedar Gulch"
"226",2015,12.853152173913,-1.6004347826087,146,25.4458695652174,7.85902173913043,79.75,12.7586813186813,-1.02835164835165,92.05,7.63083333333333,-5.2945,0.9685,22.5256643356643,6.26013986013986,1.40153846153846,6.7971568627451,-5.26803921568627,1.22274509803922,13.2333698630137,-0.760219178082192,441.36,1890,"Cedar Gulch"
"227",2016,11.7467391304348,-1.36902173913043,165.04,25.8526086956522,6.38728260869565,27.69,12.9267032967033,0.720879120879121,149.37,5.66466666666667,-6.1125,1.17275,22.5666433566434,5.04874125874126,0.825174825174825,6.52921568627451,-4.76843137254902,1.8471568627451,12.5281369863014,-1.36413698630137,447.14,1890,"Cedar Gulch"
"228",2017,11.5752173913043,-1.50597826086957,157.99,25.979347826087,7.52641304347826,58.04,10.9784615384615,-1.31736263736264,125.82,3.69666666666667,-7.28116666666667,1.74341666666667,23.3725174825175,5.89951048951049,1.10468531468531,5.56058823529412,-5.47019607843137,1.16147058823529,11.9261643835616,-1.61115068493151,485.65,1890,"Cedar Gulch"
"229",2018,11.3084782608696,-2.00532608695652,182.37,24.9370652173913,7.09891304347826,111.92,11.8681318681319,-2.15637362637363,54.42,4.51591666666667,-7.2355,1.4765,23.0574125874126,5.78797202797203,1.31902097902098,5.61137254901961,-6.25264705882353,0.704607843137255,12.0862465753425,-1.85849315068493,437.67,1890,"Cedar Gulch"
"230",2019,9.93141304347826,-2.94326086956522,148.37,24.5945652173913,6.87108695652174,54,10.173956043956,-2.68868131868132,112.74,3.21708333333333,-8.25683333333333,1.55758333333333,21.9960839160839,5.61615384615385,1.07713286713287,4.64029411764706,-6.77833333333333,1.08813725490196,10.9720547945205,-2.40849315068493,451.93,1890,"Cedar Gulch"
"231",2020,10.4764130434783,-2.99902173913043,124.6,24.6411956521739,7.22369565217391,101.75,13.799010989011,-1.6043956043956,84.09,3.67433333333333,-8.40041666666667,1.28433333333333,22.7506993006993,5.67335664335664,1.16531468531469,7.76647058823529,-5.59294117647059,1.01803921568627,12.2916438356164,-2.10202739726027,424.6,1890,"Cedar Gulch"
"232",2000,10.7001086956522,-3.01717391304348,94.6,25.185,6.52934782608696,29.21,9.09164835164835,-3.86032967032967,120.25,4.587,-7.679,0.980583333333333,22.2579020979021,5.02692307692308,0.725174825174825,3.77490196078431,-8.08705882352941,1.10519607843137,11.2831780821918,-2.81509589041096,334.1,2031,"Center Ridge"
"233",2001,11.100652173913,-3.41173913043478,120.2,24.4840217391304,6.58380434782609,74.42,13.2601098901099,-0.990549450549451,70,3.13125,-9.37616666666667,1.17483333333333,22.6108391608392,4.91853146853147,0.726783216783217,6.9128431372549,-5.91088235294118,0.840392156862745,11.8197534246575,-2.80739726027397,330.63,2031,"Center Ridge"
"234",2002,9.13641304347826,-4.97184782608696,88.37,24.1876086956522,6.24119565217391,95.83,10.9521978021978,-3.4467032967033,70.97,2.29525,-10.4319166666667,0.918166666666667,21.6478321678322,4.63916083916084,1.0120979020979,5.62039215686274,-7.09735294117647,0.732549019607843,10.8064383561644,-3.59550684931507,329.63,2031,"Center Ridge"
"235",2003,10.2708695652174,-3.27347826086957,164.4,26.156847826087,7.17369565217391,42.04,12.2181318681319,-3.02659340659341,37.97,4.10366666666667,-7.93466666666667,1.5115,22.9327972027972,4.98951048951049,0.653496503496503,7.12637254901961,-6.32411764705882,0.798725490196078,12.3252602739726,-2.42115068493151,356.3,2031,"Center Ridge"
"236",2004,11.7451086956522,-2.41652173913043,113.89,23.0103260869565,6.04315217391304,109.23,11.0542857142857,-2.26197802197802,92.72,4.91525,-8.062,0.929916666666667,20.4646853146853,4.44993006993007,1.43727272727273,6.33245098039216,-5.41980392156863,0.979803921568627,11.4032602739726,-2.42169863013699,417.06,2031,"Center Ridge"
"237",2005,10.1654347826087,-3.24326086956522,187.59,23.1575,5.81804347826087,124.54,11.9138461538462,-2.08032967032967,112.77,4.94291666666667,-8.15325,0.855916666666667,20.8761538461538,4.27552447552448,1.70195804195804,6.14127450980392,-5.98774509803922,1.48598039215686,11.5201369863014,-2.6787397260274,497.66,2031,"Center Ridge"
"238",2006,10.5015217391304,-3.27630434782609,133.95,25.4630434782609,7.17195652173913,55.36,10.9334065934066,-2.44857142857143,125.32,3.43158333333333,-8.6555,1.4885,22.8907692307692,5.24377622377622,0.764965034965035,5.82764705882353,-6.22049019607843,1.34745098039216,11.724904109589,-2.52956164383562,425.45,2031,"Center Ridge"
"239",2007,12.5301086956522,-2.29880434782609,90.21,26.5267391304348,7.63054347826087,58.28,11.3846153846154,-2.12857142857143,105.47,5.08266666666667,-7.94575,0.869166666666667,23.6338461538462,5.58055944055944,0.866503496503496,5.18362745098039,-6.57676470588235,1.11872549019608,12.3788767123288,-2.26383561643836,342.32,2031,"Center Ridge"
"240",2008,7.92445652173913,-6.13,118.9,24.5163043478261,5.68380434782609,42.37,12.9882417582418,-1.42802197802198,75.89,1.77625,-11.1883333333333,1.156,21.5981118881119,3.88657342657343,0.843566433566434,6.8143137254902,-5.79156862745098,1.19382352941176,10.9499726027397,-3.77413698630137,381.12,2031,"Center Ridge"
"241",2009,9.6179347826087,-4.46608695652174,175.49,22.3936956521739,6.47239130434783,156.22,11.7147252747253,-2.39153846153846,93.78,3.665,-8.86775,1.60883333333333,21.4506293706294,5.02853146853147,1.29223776223776,4.42058823529412,-7.80950980392157,0.974313725490196,10.8442191780822,-3.12772602739726,477.23,2031,"Center Ridge"
"242",2010,8.70445652173913,-4.22,174.1,22.3541304347826,5.50945652173913,109.5,12.4954945054945,-1.59802197802198,90.77,4.26575,-7.98391666666667,0.912416666666667,19.478951048951,3.60629370629371,1.56426573426573,6.78509803921569,-5.49529411764706,1.325,10.9300273972603,-2.74764383561644,468.33,2031,"Center Ridge"
"243",2011,7.41815217391304,-4.95641304347826,236.71,23.7198913043478,5.78989130434783,79.84,12.5223076923077,-2.02659340659341,105.92,1.82408333333333,-9.9865,1.65308333333333,21.0016083916084,4.14230769230769,1.31363636363636,6.73411764705882,-6.33382352941176,1.13333333333333,10.7095890410959,-3.43035616438356,501.82,2031,"Center Ridge"
"244",2012,11.5325,-2.87673913043478,137.82,25.7296739130435,6.8170652173913,39.1,13.4763736263736,-1.54692307692308,73.35,5.4735,-7.83191666666667,1.39275,23.0604195804196,4.82804195804196,0.537202797202797,7.15774509803922,-5.50303921568627,1.19921568627451,12.8343835616438,-2.22117808219178,366.27,2031,"Center Ridge"
"245",2013,10.3848913043478,-3.70369565217391,89.76,25.9710869565217,7.53760869565217,73.35,11.2428571428571,-1.33483516483516,117.68,3.43116666666667,-9.36283333333333,0.52775,23.211048951049,6.20433566433566,1.13636363636364,4.90823529411765,-6.98411764705882,1.14205882352941,11.5933150684932,-2.59917808219178,342.32,2031,"Center Ridge"
"246",2014,11.3780434782609,-3.30880434782609,95.14,23.5558695652174,6.64032608695652,102.58,12.547032967033,-1.47835164835165,97.61,4.963,-8.25466666666667,1.39683333333333,21.7725174825175,4.90055944055944,0.936363636363636,7.01245098039216,-4.8356862745098,1.45539215686275,12.1213698630137,-2.1452602739726,449.97,2031,"Center Ridge"
"247",2015,12.3164130434783,-2.03054347826087,138.93,24.6561956521739,7.38771739130435,104.7,12.3145054945055,-1.36263736263736,96.27,7.35375,-5.85291666666667,0.901,21.7972027972028,5.81335664335664,1.59160839160839,6.31480392156863,-5.8006862745098,1.21686274509804,12.7220821917808,-1.26769863013699,459.84,2031,"Center Ridge"
"248",2016,11.0861956521739,-2.06902173913043,180.26,25.1727173913043,6.07467391304348,23.11,12.4569230769231,0.277692307692308,181.78,5.17525,-6.84066666666667,1.21533333333333,21.9225174825175,4.64804195804196,0.872167832167832,6.22352941176471,-5.29598039215686,2.21401960784314,12.0294520547945,-1.90794520547945,496.39,2031,"Center Ridge"
"249",2017,11.0175,-2.1870652173913,122.14,25.2028260869565,7.1495652173913,75.52,10.7345054945055,-1.88703296703297,114.71,3.49958333333333,-7.85433333333333,1.7025,22.7140559440559,5.53237762237762,1.08769230769231,5.41490196078431,-6.07421568627451,1.01421568627451,11.5626849315068,-2.11221917808219,463.29,2031,"Center Ridge"
"250",2018,10.6721739130435,-2.76673913043478,190.36,24.375652173913,6.74489130434783,107.57,11.6637362637363,-2.45703296703297,48.46,4.09866666666667,-8.17158333333333,1.48283333333333,22.4734965034965,5.4548951048951,1.33608391608392,5.4721568627451,-6.70627450980392,0.629607843137255,11.681397260274,-2.42350684931507,433.22,2031,"Center Ridge"
"251",2019,9.53163043478261,-3.52108695652174,144.2,23.6969565217391,6.21760869565217,62.7,9.86912087912088,-3.20956043956044,100.58,3.08258333333333,-8.93508333333333,1.60508333333333,21.1174825174825,4.9965034965035,1.18384615384615,4.45627450980392,-7.29137254901961,1.02166666666667,10.5321917808219,-3.01761643835616,466.11,2031,"Center Ridge"
"252",2020,10.150652173913,-3.76434782608696,91.61,24.1141304347826,6.66815217391304,88.92,13.4654945054945,-2.14923076923077,67.37,3.45391666666667,-9.22641666666667,1.02816666666667,22.231958041958,5.12097902097902,0.946853146853147,7.57549019607843,-6.17529411764706,0.831960784313726,11.9625753424658,-2.7527397260274,343.64,2031,"Center Ridge"
"253",2000,7.96923913043478,-3.97391304347826,132.9,21.6572826086957,6.56152173913044,47.51,6.76879120879121,-4.36230769230769,148.76,2.46883333333333,-8.21833333333333,1.3275,18.846013986014,4.81594405594406,1.03412587412587,2.08990196078431,-8.36264705882353,1.24156862745098,8.77920547945205,-3.15208219178082,433.82,2433,"Chamberlain Creek"
"254",2001,8.3725,-4.26945652173913,112.35,20.965652173913,6.34760869565217,117.23,10.3521978021978,-1.31692307692308,87.57,1.43383333333333,-9.73075,1.10075,19.1447552447552,4.60832167832168,1.0841958041958,4.6071568627451,-6.07754901960784,0.940980392156863,9.25942465753425,-3.09208219178082,383.11,2433,"Chamberlain Creek"
"255",2002,6.40478260869565,-5.94869565217391,143.36,20.8007608695652,5.94391304347826,129.27,8.29879120879121,-3.63571428571429,81.23,0.352583333333333,-10.94425,1.18741666666667,18.299020979021,4.20643356643357,1.49951048951049,3.51411764705882,-7.21774509803922,0.705392156862745,8.26715068493151,-3.96712328767123,428.87,2433,"Chamberlain Creek"
"256",2003,7.29347826086957,-4.31869565217391,185.88,22.4697826086957,7.29597826086956,52.74,9.45120879120879,-3.11934065934066,41.94,2.02583333333333,-8.4805,1.79725,19.3571328671329,4.87433566433566,0.738881118881119,4.95029411764706,-6.3243137254902,0.652254901960784,9.63315068493151,-2.64578082191781,387.86,2433,"Chamberlain Creek"
"257",2004,8.96989130434783,-3.0325,145.17,19.6089130434783,5.6370652173913,121.58,9.00725274725275,-2.38252747252747,106.35,3.07958333333333,-8.15733333333333,1.01583333333333,17.2464335664336,3.93405594405594,1.70321678321678,4.65264705882353,-5.4921568627451,1.12647058823529,9.06947945205479,-2.6753698630137,480.36,2433,"Chamberlain Creek"
"258",2005,7.68021739130435,-4.29445652173913,246.51,19.9426086956522,5.64413043478261,158.84,9.73010989010989,-2.0910989010989,116.59,3.25658333333333,-8.5385,0.981583333333333,17.7638461538462,4.00146853146853,2.21685314685315,4.68911764705882,-5.94078431372549,1.43519607843137,9.34057534246575,-2.89964383561644,581.19,2433,"Chamberlain Creek"
"259",2006,8.13510869565217,-4.07010869565217,153.6,22.1222826086957,7.23097826086957,92.42,8.5421978021978,-2.68241758241758,152.41,1.82283333333333,-9.13858333333333,1.72858333333333,19.7160839160839,5.24111888111888,1.06993006993007,3.99470588235294,-6.41019607843137,1.54892156862745,9.44,-2.74243835616438,518.42,2433,"Chamberlain Creek"
"260",2007,10.076847826087,-2.82380434782609,124.43,23.2376086956522,7.77836956521739,77.02,9.10197802197802,-2.41637362637363,125.3,3.4555,-8.17058333333333,1.12416666666667,20.4736363636364,5.5720979020979,1.09923076923077,3.24078431372549,-6.90794117647059,1.34196078431373,10.0628767123288,-2.43361643835616,428.97,2433,"Chamberlain Creek"
"261",2008,5.89891304347826,-6.82315217391304,149.56,21.2559782608696,5.9020652173913,40.82,10.6649450549451,-1.46,99.64,0.446416666666667,-11.4758333333333,1.488,18.4874825174825,3.86727272727273,0.904545454545455,4.97274509803922,-5.86627450980392,1.59872549019608,8.77945205479452,-3.89709589041096,470.98,2433,"Chamberlain Creek"
"262",2009,7.51423913043478,-5.1570652173913,207.87,19.0935869565217,6.01130434782609,173.98,9.3410989010989,-2.57307692307692,135.54,2.24508333333333,-9.26691666666667,1.88275,18.2548251748252,4.66902097902098,1.46776223776224,2.59117647058824,-8.03323529411765,1.38882352941176,8.6141095890411,-3.46232876712329,577.48,2433,"Chamberlain Creek"
"263",2010,6.36489130434783,-5.27391304347826,217.01,19.2423913043478,5.23228260869565,113.07,9.95912087912088,-1.82098901098901,114.64,2.52183333333333,-8.40608333333333,1.17658333333333,16.5075524475524,3.10265734265734,1.6927972027972,4.9571568627451,-5.52470588235294,1.43656862745098,8.68172602739726,-3.09197260273973,529.79,2433,"Chamberlain Creek"
"264",2011,5.37467391304348,-6.00315217391304,280.89,20.2692391304348,5.79478260869565,85.47,9.87010989010989,-2.06923076923077,135.23,0.369083333333333,-10.4840833333333,1.80341666666667,17.7552447552448,3.98888111888112,1.52125874125874,4.80333333333333,-6.40107843137255,1.42607843137255,8.41980821917808,-3.67284931506849,579.41,2433,"Chamberlain Creek"
"265",2012,8.92586956521739,-3.50663043478261,169.23,22.1742391304348,6.95119565217391,49.25,10.8208791208791,-1.42802197802198,78.96,3.52958333333333,-8.16916666666667,1.61341666666667,19.675034965035,4.89041958041958,0.676433566433566,4.86186274509804,-5.54852941176471,1.39852941176471,10.2273698630137,-2.32032876712329,432.99,2433,"Chamberlain Creek"
"266",2013,7.85880434782609,-4.57391304347826,117.77,22.5176086956522,7.68271739130435,102.77,9.06505494505494,-1.72230769230769,153.15,1.82433333333333,-9.79483333333333,0.83725,19.8707692307692,6.0820979020979,1.45818181818182,3.32029411764706,-7.18254901960784,1.49107843137255,9.3126301369863,-2.84454794520548,461.08,2433,"Chamberlain Creek"
"267",2014,8.80184782608696,-4.11717391304348,141.42,20.0919565217391,6.35684782608696,132.42,9.96582417582418,-1.7178021978022,104.37,3.08466666666667,-8.7445,1.64708333333333,18.4152447552448,4.61769230769231,1.23300699300699,5.0093137254902,-5.07833333333333,1.52421568627451,9.6287397260274,-2.48493150684931,529.44,2433,"Chamberlain Creek"
"268",2015,9.59021739130435,-2.72717391304348,161.94,21.3705434782609,7.24217391304348,137.28,10.0412087912088,-1.28648351648352,124.54,5.53483333333333,-6.228,0.857166666666667,18.6071328671329,5.4613986013986,2.05755244755245,4.58264705882353,-5.64549019607843,1.43666666666667,10.3902191780822,-1.48553424657534,543.63,2433,"Chamberlain Creek"
"269",2016,8.65880434782609,-2.93445652173913,220.36,21.848152173913,6.255,34,9.90791208791209,-0.165604395604396,228.87,3.70175,-7.16475,1.44925,18.760979020979,4.51657342657343,1.02223776223776,4.31705882352941,-5.59637254901961,2.7993137254902,9.77361643835616,-2.14994520547945,605.62,2433,"Chamberlain Creek"
"270",2017,8.6120652173913,-3.07923913043478,163.51,21.8034782608696,7.2645652173913,83.07,8.65417582417582,-2.35802197802198,136.91,2.03566666666667,-8.38633333333333,2.0865,19.5553146853147,5.46251748251748,1.35664335664336,3.85539215686275,-6.41970588235294,1.095,9.40805479452055,-2.41104109589041,556.07,2433,"Chamberlain Creek"
"271",2018,8.27423913043478,-3.58521739130435,242.5,21.1188043478261,6.65934782608696,114.07,9.3878021978022,-2.46428571428571,60.05,2.29875,-8.72108333333333,1.68666666666667,19.335034965035,5.33076923076923,1.56622377622378,3.82049019607843,-6.79147058823529,0.70921568627451,9.39849315068493,-2.67660273972603,498.71,2433,"Chamberlain Creek"
"272",2019,7.44608695652174,-4.29228260869565,148.85,20.3941304347826,6.03521739130435,74.05,7.75901098901099,-3.6589010989011,117.08,1.80275,-9.30008333333333,1.52308333333333,17.9731468531469,4.65202797202797,1.4786013986014,2.99343137254902,-7.49156862745098,1.13362745098039,8.4707397260274,-3.32852054794521,509.84,2433,"Chamberlain Creek"
"273",2020,8.04380434782609,-4.60445652173913,97.29,20.9884782608696,6.59032608695652,84.5,10.9152747252747,-2.16450549450549,69.75,2.06316666666667,-9.46008333333333,1.1635,19.1856643356643,4.8606993006993,0.903636363636364,5.7571568627451,-6.04392156862745,0.790588235294118,9.80372602739726,-2.89482191780822,349.48,2433,"Chamberlain Creek"
"274",2000,14.6992391304348,1.37869565217391,87.49,28.6375,10.2485869565217,15.82,11.8321978021978,-0.532197802197802,133.02,7.53716666666667,-3.55133333333333,0.879916666666667,25.7227272727273,8.70356643356643,0.658951048951049,5.43921568627451,-4.78235294117647,1.29225490196078,14.0756438356164,0.905890410958904,331.63,1424,"Chipps Creek"
"275",2001,14.3422826086957,0.835652173913043,112.95,28.1416304347826,10.8017391304348,77.62,15.8318681318681,2.61527472527473,87.97,5.01508333333333,-5.35458333333333,1.07375,26.3793706293706,9.12678321678322,0.897272727272727,8.35019607843137,-2.39019607843137,0.975,14.3172054794521,1.14734246575342,356.61,1424,"Chipps Creek"
"276",2002,12.2998913043478,-0.433478260869565,108.85,27.2190217391304,10.2176086956522,99.26,13.1618681318681,0.0150549450549451,42.04,5.00975,-5.58541666666667,0.932083333333333,24.8529370629371,8.51748251748252,1.05566433566434,7.19117647058824,-3.10127450980392,0.462156862745098,13.3935342465753,0.634027397260274,309.95,1424,"Chipps Creek"
"277",2003,13.6426086956522,1.14271739130435,127.85,29.6630434782609,11.6619565217391,43.66,14.4581318681319,1.04681318681319,41.49,6.37958333333333,-3.1725,1.64558333333333,26.3479020979021,9.40363636363636,0.504895104895105,8.74686274509804,-2.2978431372549,0.788235294117647,14.8643287671233,1.99901369863014,350.07,1424,"Chipps Creek"
"278",2004,15.1470652173913,1.36260869565217,103.54,26.3709782608696,9.84532608695652,82.23,13.5203296703297,0.909230769230769,74.45,7.258,-4.28058333333333,0.79275,23.7254545454545,8.0693006993007,1.36993006993007,8.2921568627451,-2.30529411764706,0.668333333333333,13.9986301369863,1.10986301369863,359.2,1424,"Chipps Creek"
"279",2005,14.0804347826087,0.566630434782609,119.94,26.7852173913043,9.85119565217391,75,13.1225274725275,0.788021978021978,103.79,7.18516666666667,-4.60216666666667,0.576416666666667,24.4456643356643,8.07944055944056,1.13496503496503,6.53323529411765,-3.50137254901961,1.21049019607843,13.7653150684932,0.67386301369863,354.94,1424,"Chipps Creek"
"280",2006,13.9590217391304,0.761086956521739,104.02,28.5088043478261,11.2710869565217,55.29,13.1965934065934,0.712087912087912,118.7,5.89475,-4.56425,1.19125,26.0808391608392,9.14993006993007,0.673566433566434,7.30362745098039,-2.98009803921569,1.28019607843137,14.1969863013699,1.25139726027397,369.85,1424,"Chipps Creek"
"281",2007,15.4560869565217,1.20260869565217,84.27,29.3753260869565,11.2866304347826,36.9,12.7281318681319,0.623956043956044,113.4,7.06516666666667,-4.24725,0.8725,26.5564335664336,9.20874125874126,0.496783216783217,6.2628431372549,-3.56882352941176,1.64578431372549,14.4772602739726,1.21413698630137,343.61,1424,"Chipps Creek"
"282",2008,11.1415217391304,-1.54641304347826,107.31,27.3041304347826,9.78826086956522,32.28,14.3294505494505,1.23032967032967,89.45,4.06158333333333,-6.48625,1.0005,24.5222377622378,7.81090909090909,0.662937062937063,7.78656862745098,-2.84147058823529,1.09862745098039,13.1186301369863,0.133643835616438,326.92,1424,"Chipps Creek"
"283",2009,12.7484782608696,-0.582173913043478,127.41,25.8304347826087,10.1697826086957,133.73,14.1782417582418,0.706593406593407,59.59,5.32941666666667,-5.34575,1.3475,24.7932167832168,8.62027972027972,1.19153846153846,6.27578431372549,-4.68401960784314,0.647450980392157,13.2194246575342,0.310794520547945,398.13,1424,"Chipps Creek"
"284",2010,12.2316304347826,-0.642826086956522,101.54,25.2502173913043,9.22695652173913,127.88,13.8981318681319,1.48747252747253,122.59,6.65008333333333,-4.24725,0.725666666666667,22.3493706293706,7.16944055944056,1.6886013986014,7.70725490196078,-2.60401960784314,1.55117647058824,13.0961917808219,0.684794520547945,486.77,1424,"Chipps Creek"
"285",2011,10.7888043478261,-0.595869565217391,163.59,26.6160869565217,9.53804347826087,70.07,14.6416483516484,1.21659340659341,76.78,3.90808333333333,-5.89808333333333,1.26783333333333,24.1441258741259,7.83265734265734,1.0434965034965,8.02529411764706,-3.17617647058824,0.862647058823529,12.9867397260274,0.242,389.35,1424,"Chipps Creek"
"286",2012,14.6452173913043,0.59304347826087,106.66,28.5738043478261,10.6672826086957,42.66,15.0581318681319,1.66043956043956,74.69,7.75383333333333,-3.75891666666667,0.9605,25.8830769230769,8.51391608391608,0.556643356643357,8.49343137254902,-2.03098039215686,1.25598039215686,15.0632054794521,1.53221917808219,322.97,1424,"Chipps Creek"
"287",2013,13.6102173913043,0.0907608695652174,70.56,29.3014130434783,11.2120652173913,64.58,13.0826373626374,1.05945054945055,95.62,5.51475,-5.66525,0.51725,26.6929370629371,9.71342657342657,0.826153846153846,5.83578431372549,-4.40088235294118,1.15156862745098,13.9016712328767,0.713150684931507,297.67,1424,"Chipps Creek"
"288",2014,13.8794565217391,0.154130434782609,101.05,26.7246739130435,10.7991304347826,107.19,14.2148351648352,1.47945054945055,134.73,6.26408333333333,-4.82558333333333,1.41233333333333,24.8592307692308,8.72755244755245,0.981678321678322,8.08578431372549,-1.76294117647059,1.86705882352941,14.0583835616438,1.34013698630137,500.3,1424,"Chipps Creek"
"289",2015,15.2895652173913,1.17739130434783,118.99,28.1415217391304,11.3667391304348,43.57,14.1621978021978,1.59142857142857,107.81,8.67991666666667,-2.96475,0.817416666666667,25.1475524475524,9.48433566433566,1.2141958041958,7.93823529411765,-2.54352941176471,1.43588235294118,14.9243561643836,2.03027397260274,418.18,1424,"Chipps Creek"
"290",2016,14.4433695652174,1.58923913043478,120.52,28.1738043478261,10.2673913043478,24.25,14.3598901098901,2.95318681318681,107.49,7.10116666666667,-3.67875,1.14625,24.9430769230769,8.62664335664336,0.758531468531469,7.3006862745098,-2.57696078431373,1.5728431372549,14.1470410958904,1.45016438356164,406.45,1424,"Chipps Creek"
"291",2017,13.6959782608696,1.62804347826087,194.59,28.1988043478261,11.1829347826087,59.47,12.4269230769231,1.42065934065934,156.67,4.823,-4.85841666666667,2.04066666666667,25.5201398601399,9.34559440559441,1.12741258741259,6.30852941176471,-2.79078431372549,1.43725490196078,13.3468767123288,1.28424657534247,552.7,1424,"Chipps Creek"
"292",2018,13.6732608695652,1.20695652173913,150.63,27.2258695652174,10.6405434782609,100.56,13.0764835164835,0.819230769230769,71.88,6.19516666666667,-3.82591666666667,1.43783333333333,25.3584615384615,9.24300699300699,1.07804195804196,6.50647058823529,-3.34754901960784,0.919803921568627,13.7899726027397,1.42791780821918,420.52,1424,"Chipps Creek"
"293",2019,12.5023913043478,0.194891304347826,117.7,27.5058695652174,10.5452173913043,29.56,11.6556043956044,-0.173076923076923,90.53,4.71741666666667,-5.18833333333333,1.36591666666667,25.0222377622378,9.0134965034965,0.736363636363636,5.55833333333333,-4.39225490196078,0.83921568627451,12.9074520547945,0.59813698630137,354.81,1424,"Chipps Creek"
"294",2020,13.0057608695652,-0.193695652173913,105.78,27.0277173913043,10.3195652173913,125.36,15.0264835164835,0.635494505494505,91.76,5.27283333333333,-5.80075,1.14183333333333,25.0807692307692,8.61090909090909,1.34111888111888,8.36588235294118,-3.5493137254902,1.10666666666667,13.8975616438356,0.474630136986301,441.68,1424,"Chipps Creek"
"295",2000,10.5360869565217,-2.86652173913043,114.59,24.7632608695652,7.1554347826087,35.02,9.09318681318681,-3.64208791208791,137.83,4.2865,-7.53158333333333,1.20833333333333,21.9295104895105,5.52958041958042,0.872797202797203,3.76392156862745,-7.89,1.22725490196078,11.0526575342466,-2.5146301369863,394.99,2088,"Coal Kiln"
"296",2001,10.9942391304348,-3.2075,96.31,24.1954347826087,7.10282608695652,93.87,13.0015384615385,-0.948791208791209,60.16,2.97666666666667,-9.28258333333333,0.961,22.3433566433566,5.39664335664336,0.797062937062937,6.50088235294118,-6.03254901960784,0.881372549019608,11.5490136986301,-2.62331506849315,319.2,2088,"Coal Kiln"
"297",2002,8.96467391304348,-4.8679347826087,117.92,24.090652173913,6.9254347826087,101.72,10.8712087912088,-3.04340659340659,64.38,1.86108333333333,-10.6325833333333,1.15275,21.5435664335664,5.17951048951049,1.13440559440559,5.55941176470588,-6.69352941176471,0.741666666666667,10.6058082191781,-3.33693150684932,376.2,2088,"Coal Kiln"
"298",2003,10.054347826087,-3.03054347826087,169.3,25.7917391304348,8.08184782608696,49.18,11.9820879120879,-2.59032967032967,39.96,4.03575,-7.56791666666667,1.5465,22.5653846153846,5.75118881118881,0.712097902097902,7.00901960784314,-5.8778431372549,0.783725490196078,12.1261917808219,-1.87745205479452,367.35,2088,"Coal Kiln"
"299",2004,11.4835869565217,-2.10902173913043,108.66,22.7232608695652,6.63673913043478,119.1,11.121978021978,-1.64351648351648,105.6,4.56233333333333,-7.88883333333333,0.981,20.2825174825175,4.94643356643357,1.50342657342657,6.23764705882353,-4.91676470588235,1.15019607843137,11.1893698630137,-2.02967123287671,450.03,2088,"Coal Kiln"
"300",2005,9.85836956521739,-3.01532608695652,215.94,22.915,6.50630434782609,127.22,11.7831868131868,-1.66252747252747,109.49,4.46316666666667,-7.98608333333333,1.03716666666667,20.5932167832168,4.89195804195804,1.8341958041958,6.06686274509804,-5.67107843137255,1.53323529411765,11.2307671232877,-2.29378082191781,543.14,2088,"Coal Kiln"
"301",2006,10.2735869565217,-2.97782608695652,154.13,25.0569565217391,7.90945652173913,73.11,10.6949450549451,-2.09054945054945,132.34,3.02516666666667,-8.678,1.78058333333333,22.5501398601399,5.97503496503496,0.922867132867133,5.66911764705882,-5.99343137254902,1.31029411764706,11.4135342465753,-2.18701369863014,479.29,2088,"Coal Kiln"
"302",2007,12.4747826086957,-1.86608695652174,108.15,26.1135869565217,8.49608695652174,65.62,11.2104395604396,-1.73824175824176,134.99,5.07825,-7.56558333333333,0.955416666666667,23.3326573426573,6.3793006993007,0.878601398601399,4.97774509803922,-6.33970588235294,1.47509803921569,12.2018904109589,-1.75967123287671,390.75,2088,"Coal Kiln"
"303",2008,7.75163043478261,-5.84076086956522,105.03,24.1780434782609,6.68054347826087,39.82,12.7515384615385,-0.924175824175824,81.84,1.47916666666667,-11.1265,1.28,21.319020979021,4.75699300699301,0.741188811188811,6.57705882352941,-5.39990196078431,1.53696078431373,10.6766575342466,-3.30334246575342,416.36,2088,"Coal Kiln"
"304",2009,9.61663043478261,-3.90032608695652,171.31,21.8869565217391,6.93423913043478,178.66,11.4486813186813,-1.9532967032967,130.04,3.42025,-8.58016666666667,1.52866666666667,20.9925174825175,5.55391608391608,1.47881118881119,4.225,-7.44794117647059,1.37705882352941,10.5296164383562,-2.72630136986301,535.37,2088,"Coal Kiln"
"305",2010,8.47695652173913,-3.88304347826087,182.11,22.0940217391304,6.11510869565217,104.66,12.212967032967,-1.22516483516484,113.84,3.769,-7.79266666666667,1.09708333333333,19.2548251748252,4.07951048951049,1.48895104895105,6.62823529411765,-4.94862745098039,1.52411764705882,10.6350684931507,-2.34660273972603,500.03,2088,"Coal Kiln"
"306",2011,7.33847826086957,-4.64652173913043,249.48,23.0166304347826,6.24717391304348,68.06,11.8678021978022,-1.79065934065934,96.6,1.55725,-9.74508333333333,1.78875,20.4245454545455,4.63405594405594,1.13272727272727,6.28333333333333,-6.13107843137255,1.06921568627451,10.2698082191781,-3.10167123287671,485.69,2088,"Coal Kiln"
"307",2012,11.3586956521739,-2.55434782608696,169.61,25.0698913043478,7.45652173913043,52.34,12.8772527472527,-1.14835164835165,76.97,5.19433333333333,-7.56566666666667,1.63925,22.5123776223776,5.46391608391608,0.653986013986014,6.58774509803922,-5.16519607843137,1.33598039215686,12.368602739726,-1.7901095890411,426.5,2088,"Coal Kiln"
"308",2013,10.1303260869565,-3.54641304347826,93.48,25.5469565217391,8.16326086956522,74.71,11.0578021978022,-1.25626373626374,114.23,2.96191666666667,-9.42116666666667,0.626916666666667,22.8060839160839,6.67741258741259,1.14153846153846,4.66372549019608,-6.97637254901961,1.09392156862745,11.2120547945205,-2.43084931506849,350.05,2088,"Coal Kiln"
"309",2014,11.3146739130435,-2.98836956521739,119.63,22.9805434782609,7.22510869565217,118.59,12.0386813186813,-1.16065934065934,100.23,4.80958333333333,-8.02633333333333,1.46508333333333,21.2748251748252,5.49972027972028,1.0579020979021,6.61843137254902,-4.54362745098039,1.46392156862745,11.7658356164384,-1.75383561643836,476.41,2088,"Coal Kiln"
"310",2015,12.0486956521739,-1.78945652173913,141.38,24.1832608695652,7.8970652173913,114.7,12.0548351648352,-0.866373626373626,106.3,7.07725,-5.75116666666667,0.652083333333333,21.3613286713287,6.22216783216783,1.80629370629371,6.02333333333333,-5.50519607843137,1.23362745098039,12.3789589041096,-0.991506849315068,462.38,2088,"Coal Kiln"
"311",2016,10.8991304347826,-1.89673913043478,190.25,24.6505434782609,6.8175,23.32,11.9859340659341,0.293296703296703,199.56,4.76458333333333,-6.79725,1.30066666666667,21.4782517482517,5.18181818181818,0.886363636363636,5.73627450980392,-5.2628431372549,2.42735294117647,11.5842191780822,-1.67528767123288,530.42,2088,"Coal Kiln"
"312",2017,10.7534782608696,-2.02130434782609,141.75,24.6897826086957,8.0025,93.52,10.5159340659341,-1.83494505494505,125.18,3.28291666666667,-7.74325,1.93408333333333,22.3065734265734,6.27377622377622,1.40447552447552,5.185,-6.01078431372549,0.93578431372549,11.2675616438356,-1.76750684931507,528.38,2088,"Coal Kiln"
"313",2018,10.4060869565217,-2.51315217391304,237.24,24.03,7.3095652173913,92.47,11.2996703296703,-2.07626373626374,57.85,3.90783333333333,-8.0125,1.60466666666667,22.1082517482517,6.04608391608392,1.36986013986014,5.16254901960784,-6.49098039215686,0.756470588235294,11.3890410958904,-2.07942465753425,465.61,2088,"Coal Kiln"
"314",2019,9.4370652173913,-3.18184782608696,134.83,23.318152173913,6.72576086956522,52.9,9.6345054945055,-3.19681318681319,114.69,2.90808333333333,-8.758,1.59091666666667,20.7622377622378,5.39034965034965,1.1286013986014,4.31598039215686,-7.1093137254902,1.17921568627451,10.2964383561644,-2.75421917808219,472.58,2088,"Coal Kiln"
"315",2020,10.0616304347826,-3.61565217391304,84.5,23.8344565217391,7.23652173913043,73.74,12.9901098901099,-1.8967032967033,59.11,3.11683333333333,-9.14658333333333,1.029,21.9513986013986,5.5886013986014,0.793146853146853,7.1793137254902,-5.9571568627451,0.661470588235294,11.6311232876712,-2.48232876712329,304.37,2088,"Coal Kiln"
"316",2000,10.0151086956522,-3.12369565217391,114.86,24.2128260869565,6.94717391304348,40.54,8.58505494505495,-3.83065934065934,132.66,3.93841666666667,-7.70433333333333,1.1955,21.364965034965,5.31699300699301,0.886713286713287,3.37843137254902,-8.01833333333333,1.15764705882353,10.6093150684932,-2.69057534246575,388.34,2148,"Cottonwood"
"317",2001,10.446847826087,-3.46260869565217,101.1,23.5761956521739,6.85597826086957,93.89,12.5061538461538,-1.00186813186813,68.38,2.64333333333333,-9.3695,1.00841666666667,21.7339160839161,5.15013986013986,0.843986013986014,6.18539215686275,-5.9693137254902,0.858235294117647,11.1124931506849,-2.73079452054795,329.24,2148,"Cottonwood"
"318",2002,8.4229347826087,-5.10663043478261,110.25,23.4235869565217,6.61673913043478,105.41,10.311978021978,-3.23692307692308,72.28,1.57183333333333,-10.6438333333333,1.02166666666667,20.8840559440559,4.90055944055944,1.17300699300699,5.09019607843137,-6.87362745098039,0.813235294117647,10.1212054794521,-3.50024657534247,373.29,2148,"Cottonwood"
"319",2003,9.49271739130435,-3.35195652173913,167.61,25.1683695652174,7.775,47.76,11.48,-2.77285714285714,37.75,3.58275,-7.83141666666667,1.52408333333333,21.9638461538462,5.44468531468531,0.700769230769231,6.57058823529412,-6.04666666666667,0.741470588235294,11.6190684931507,-2.13134246575342,358.73,2148,"Cottonwood"
"320",2004,10.993152173913,-2.36695652173913,118.31,22.1298913043478,6.32336956521739,120.8,10.661978021978,-1.89285714285714,98.55,4.28958333333333,-7.96,0.98725,19.6925874125874,4.64818181818182,1.56167832167832,5.89882352941176,-5.10725490196078,1.04088235294118,10.7738904109589,-2.22315068493151,447.96,2148,"Cottonwood"
"321",2005,9.44152173913043,-3.32423913043478,214.97,22.3180434782609,6.24804347826087,131.88,11.3591208791209,-1.79472527472527,105.36,4.29408333333333,-8.0935,0.946666666666667,20.0373426573427,4.62608391608392,1.87538461538462,5.77264705882353,-5.74166666666667,1.45509803921569,10.8751780821918,-2.45298630136986,530.2,2148,"Cottonwood"
"322",2006,9.835,-3.26021739130435,145.11,24.5063043478261,7.67228260869565,74.75,10.2536263736264,-2.2521978021978,131.04,2.80975,-8.76341666666667,1.61858333333333,22.0106293706294,5.72,0.944825174825175,5.30137254901961,-6.10274509803922,1.27774509803922,11.0285753424658,-2.34556164383562,459.67,2148,"Cottonwood"
"323",2007,11.9645652173913,-2.14510869565217,111.38,25.6016304347826,8.21554347826087,67.84,10.7812087912088,-1.93571428571429,119.97,4.6865,-7.7595,0.984833333333333,22.8009090909091,6.08272727272727,0.937692307692308,4.61509803921569,-6.48088235294118,1.32529411764706,11.7634246575342,-1.97906849315069,387.45,2148,"Cottonwood"
"324",2008,7.36369565217391,-6.10239130434783,114.21,23.6532608695652,6.33869565217391,37.96,12.3498901098901,-1.12,81.02,1.28266666666667,-11.19675,1.302,20.7904195804196,4.41748251748252,0.754125874125874,6.26235294117647,-5.56441176470588,1.39637254901961,10.3170136986301,-3.50542465753425,406.51,2148,"Cottonwood"
"325",2009,9.14413043478261,-4.26413043478261,180.71,21.3921739130435,6.67804347826087,173.22,11.0248351648352,-2.1321978021978,124.44,3.17725,-8.75808333333333,1.5825,20.5048251748252,5.29615384615385,1.45405594405594,3.87313725490196,-7.60529411764706,1.27519607843137,10.1603287671233,-2.92975342465753,527.9,2148,"Cottonwood"
"326",2010,8.03282608695652,-4.23989130434783,183.7,21.559347826087,5.86478260869565,104.46,11.7927472527473,-1.37087912087912,105.34,3.544,-7.95175,1.03425,18.7254545454545,3.82629370629371,1.51916083916084,6.30205882352941,-5.12098039215686,1.34607843137255,10.2625479452055,-2.54627397260274,478.65,2148,"Cottonwood"
"327",2011,6.90760869565217,-4.95717391304348,262.42,22.5580434782609,6.11108695652174,65.1,11.5532967032967,-1.86703296703297,116.23,1.28333333333333,-9.92458333333333,1.7595,19.9586713286713,4.4427972027972,1.28608391608392,6.01990196078431,-6.21392156862745,1.19392156862745,9.92361643835616,-3.25876712328767,516.83,2148,"Cottonwood"
"328",2012,10.8629347826087,-2.79152173913043,170.93,24.5842391304348,7.26239130434783,58.21,12.5210989010989,-1.26879120879121,79.54,4.85041666666667,-7.72541666666667,1.63658333333333,22.0146153846154,5.24734265734266,0.733706293706294,6.29970588235294,-5.28029411764706,1.33676470588235,11.9800273972603,-1.95964383561644,437.66,2148,"Cottonwood"
"329",2013,9.66782608695652,-3.75565217391304,99.54,24.9952173913043,8.00445652173913,87.86,10.6463736263736,-1.32120879120879,125.74,2.76708333333333,-9.43216666666667,0.652916666666667,22.2686013986014,6.51874125874126,1.2972027972028,4.38254901960784,-6.97539215686275,1.19176470588235,10.8588493150685,-2.49635616438356,385.41,2148,"Cottonwood"
"330",2014,10.7729347826087,-3.26554347826087,124.2,22.4745652173913,6.96423913043478,117.43,11.6628571428571,-1.32274725274725,100.17,4.41875,-8.2195,1.53675,20.7546853146853,5.23307692307692,1.06979020979021,6.32166666666667,-4.68960784313725,1.47019607843137,11.3506301369863,-1.96260273972603,487.35,2148,"Cottonwood"
"331",2015,11.5704347826087,-2.00380434782609,143.06,23.6748913043478,7.70967391304348,113.83,11.6621978021978,-0.989340659340659,106.72,6.77,-5.8315,0.706916666666667,20.8594405594406,6.02468531468531,1.80622377622378,5.75490196078431,-5.525,1.23225490196078,12.006301369863,-1.10082191780822,468.81,2148,"Cottonwood"
"332",2016,10.4475,-2.12902173913043,201.23,24.1626086956522,6.59902173913043,24.36,11.6340659340659,0.228351648351648,202.2,4.589,-6.84275,1.38033333333333,20.9923076923077,4.97587412587413,0.925314685314685,5.51598039215686,-5.29843137254902,2.4478431372549,11.2745479452055,-1.78087671232877,547.64,2148,"Cottonwood"
"333",2017,10.3451086956522,-2.24413043478261,146.36,24.1823913043478,7.73858695652174,83.1,10.1487912087912,-1.91395604395604,122.43,3.04516666666667,-7.86441666666667,1.92433333333333,21.8078321678322,6.01146853146853,1.29426573426573,4.91970588235294,-6.06970588235294,0.95156862745098,10.9198630136986,-1.92657534246575,513.06,2148,"Cottonwood"
"334",2018,10.0042391304348,-2.7429347826087,229.75,23.4861956521739,7.11826086956522,96.75,10.9482417582418,-2.17384615384615,57.02,3.56966666666667,-8.15575,1.57725,21.6011888111888,5.83874125874126,1.38727272727273,4.91588235294118,-6.53519607843137,0.754607843137255,11.0102739726027,-2.2201095890411,464.62,2148,"Cottonwood"
"335",2019,9.04815217391304,-3.43119565217391,138.77,22.7742391304348,6.51010869565217,69.69,9.25758241758242,-3.24648351648352,114.78,2.70483333333333,-8.84891666666667,1.55658333333333,20.2444755244755,5.19237762237762,1.32440559440559,4.04509803921569,-7.15882352941177,1.13401960784314,9.95106849315068,-2.87550684931507,491.85,2148,"Cottonwood"
"336",2020,9.64032608695652,-3.80945652173913,88.4,23.2842391304348,7.02402173913043,80.05,12.6056043956044,-1.95043956043956,61.9,2.93933333333333,-9.16041666666667,1.04066666666667,21.4155944055944,5.38699300699301,0.854965034965035,6.93176470588235,-5.94450980392157,0.75343137254902,11.2936712328767,-2.56232876712329,323.99,2148,"Cottonwood"
"337",2000,14.8767391304348,1.07597826086957,76.56,29.0640217391304,9.50141304347826,13.75,11.8620879120879,-1.13285714285714,120.71,7.70266666666667,-3.95125,0.6565,26.1402097902098,8.08384615384615,0.575664335664336,5.47529411764706,-5.41049019607843,1.21117647058824,14.303698630137,0.356082191780822,284.64,1407,"County Road"
"338",2001,14.2986956521739,0.314891304347826,100.32,28.3236956521739,10.0214130434783,76.6,16.1946153846154,2.04406593406593,67.93,4.90291666666667,-5.99358333333333,0.91075,26.5097902097902,8.37146853146853,0.85986013986014,8.86117647058824,-2.90166666666667,0.644607843137255,14.4742191780822,0.49841095890411,298,1407,"County Road"
"339",2002,12.4209782608696,-1.06489130434783,86.97,27.4783695652174,9.57239130434783,93.58,13.3240659340659,-0.70956043956044,37.28,5.07008333333333,-6.30591666666667,0.853583333333333,25.0927972027972,7.93062937062937,0.886573426573427,7.41774509803922,-3.94892156862745,0.420294117647059,13.5706575342466,-0.0696438356164383,272.08,1407,"County Road"
"340",2003,13.6336956521739,0.61945652173913,113.01,29.8898913043478,10.5875,38.89,14.780989010989,0.085934065934066,40.03,6.45275,-3.97616666666667,1.19541666666667,26.5684615384615,8.44034965034965,0.474265734265734,9.05490196078431,-3.2378431372549,0.693627450980392,15.0608767123288,1.09471232876712,282.02,1407,"County Road"
"341",2004,15.1805434782609,0.845760869565217,100.19,26.4416304347826,9.12608695652174,69.18,13.5521978021978,0.16978021978022,65.09,7.26816666666667,-4.90333333333333,0.58975,23.7955244755245,7.44545454545455,1.19461538461538,8.37490196078431,-3.0356862745098,0.512254901960784,14.0525479452055,0.456602739726027,293.85,1407,"County Road"
"342",2005,13.9076086956522,0.130108695652174,114.12,26.9170652173913,8.96184782608696,75.35,13.6713186813187,0.166813186813187,83.63,7.08791666666667,-5.30175,0.566,24.6108391608392,7.3006993006993,1.01034965034965,7.06588235294118,-3.96078431372549,1.01294117647059,13.946904109589,0.0103835616438356,315.72,1407,"County Road"
"343",2006,14.0272826086957,0.179130434782609,111.4,28.9052173913043,10.2739130434783,49.51,13.5041758241758,0.058021978021978,110.6,5.93425,-5.17475,1.0175,26.4094405594406,8.22153846153846,0.64,7.5928431372549,-3.59774509803922,1.06705882352941,14.4195342465753,0.514356164383562,322.46,1407,"County Road"
"344",2007,15.5995652173913,0.588586956521739,82.68,29.7065217391304,10.2979347826087,45.89,13.1123076923077,0.00890109890109887,109.33,7.09925,-4.9795,0.765916666666667,26.839020979021,8.29986013986014,0.629090909090909,6.58627450980392,-4.15656862745098,1.31235294117647,14.6895616438356,0.453068493150685,315.73,1407,"County Road"
"345",2008,10.9157608695652,-2.15423913043478,95.36,27.6605434782609,8.87760869565217,26.25,14.7130769230769,0.596483516483516,77.06,3.8145,-7.22175,0.7775,24.768951048951,7.00321678321678,0.614335664335664,8.13892156862745,-3.50039215686275,0.841274509803922,13.2325205479452,-0.608739726027397,266.96,1407,"County Road"
"346",2009,12.6620652173913,-1.20967391304348,103.19,26,9.48228260869565,120.88,14.3281318681319,-0.119340659340659,55.69,5.30666666666667,-5.934,1.06666666666667,24.9887412587413,7.90062937062937,1.01944055944056,6.32843137254902,-5.46039215686274,0.568627450980392,13.3032602739726,-0.381506849315069,331.78,1407,"County Road"
"347",2010,12.1976086956522,-1.03358695652174,118.53,25.553152173913,8.56260869565217,114.85,14.3618681318681,0.775604395604396,103.12,6.62858333333333,-4.96208333333333,0.712583333333333,22.6253846153846,6.60510489510489,1.59713286713287,8.00509803921569,-3.37803921568627,1.29539215686275,13.2804931506849,0.0123835616438356,446.03,1407,"County Road"
"348",2011,10.7151086956522,-1.00565217391304,141,27.0646739130435,8.79173913043478,67.95,15.0901098901099,0.263736263736264,58.57,3.80466666666667,-6.47916666666667,0.950166666666667,24.4733566433566,7.09965034965035,1.0106993006993,8.39549019607843,-4.02156862745098,0.615098039215686,13.1851780821918,-0.472465753424658,321.29,1407,"County Road"
"349",2012,14.8851086956522,0.0189130434782609,99,28.9847826086957,9.59326086956522,58.76,15.4432967032967,0.552197802197802,63.11,7.89358333333333,-4.509,0.82725,26.263986013986,7.48300699300699,0.642097902097902,8.83137254901961,-3.07990196078431,0.921078431372549,15.3528219178082,0.588602739726027,285.04,1407,"County Road"
"350",2013,13.7463043478261,-0.423913043478261,61.3,29.5736956521739,10.3759782608696,61.31,13.3202197802198,0.61956043956044,92.47,5.59258333333333,-6.22291666666667,0.407666666666667,26.9198601398601,9.00538461538462,0.797832167832168,6.08107843137255,-4.8656862745098,1.0106862745098,14.0847123287671,0.122520547945205,266.1,1407,"County Road"
"351",2014,14.0803260869565,-0.337608695652174,93.48,27.0501086956522,9.98152173913043,103.24,14.5879120879121,0.739120879120879,113.5,6.388,-5.45991666666667,1.40358333333333,25.158041958042,7.92265734265734,0.948391608391608,8.4556862745098,-2.42058823529412,1.63754901960784,14.3195616438356,0.632465753424658,471.08,1407,"County Road"
"352",2015,15.483152173913,0.64195652173913,130.71,28.3723913043478,10.4732608695652,42.84,14.4869230769231,0.82010989010989,104.16,9.04566666666667,-3.40383333333333,0.780666666666667,25.3737062937063,8.72755244755245,1.21748251748252,8.18352941176471,-3.32696078431373,1.15980392156863,15.2017534246575,1.37049315068493,386.08,1407,"County Road"
"353",2016,14.4794565217391,1.11097826086957,125.47,28.6104347826087,9.19673913043478,18.05,14.8136263736264,2.45714285714286,101.17,7.20108333333333,-4.14758333333333,1.042,25.2905594405594,7.73559440559441,0.682727272727273,7.73558823529412,-3.09392156862745,1.45127450980392,14.4375616438356,0.802465753424658,370.7,1407,"County Road"
"354",2017,13.9070652173913,1.33413043478261,197.64,28.5798913043478,10.1480434782609,62.17,12.7224175824176,0.808241758241758,130.29,5.03033333333333,-5.10625,1.77691666666667,25.8502797202797,8.44748251748252,1.16909090909091,6.74745098039216,-3.29558823529412,1.24049019607843,13.6670410958904,0.709835616438356,506.94,1407,"County Road"
"355",2018,13.7845652173913,0.635760869565217,138.06,27.59,9.73836956521739,105.77,13.3859340659341,-0.061978021978022,56.13,6.31175,-4.55683333333333,1.21866666666667,25.6901398601399,8.35657342657343,1.11132867132867,6.73147058823529,-4.17313725490196,0.760196078431373,14.0211232876712,0.609616438356164,382.7,1407,"County Road"
"356",2019,12.3840217391304,-0.549673913043478,121.75,27.873152173913,9.62489130434783,24.54,11.968021978022,-0.807692307692308,90.12,4.55766666666667,-6.07366666666667,1.26391666666667,25.3123076923077,8.1741958041958,0.680839160839161,5.81117647058824,-5.05921568627451,0.847352941176471,13.0392328767123,-0.20813698630137,335.46,1407,"County Road"
"357",2020,12.9825,-0.69,92.94,27.5359782608696,9.59445652173913,112.65,15.5863736263736,-0.153076923076923,79.01,5.22883333333333,-6.45275,0.997916666666667,25.5534265734266,7.93335664335664,1.21265734265734,8.92598039215686,-4.20313725490196,0.945294117647059,14.2247945205479,-0.187890410958904,389.58,1407,"County Road"
"358",2000,14.7285869565217,0.957934782608696,86.33,28.5723913043478,9.49597826086957,15.4,11.8472527472527,-0.938681318681319,132.51,7.47691666666667,-3.95558333333333,0.99,25.6886713286713,8.08377622377622,0.622167832167832,5.3878431372549,-5.17990196078431,1.42186274509804,14.0281369863014,0.419068493150685,352.8,1389,"Diamond Creek"
"359",2001,14.2745652173913,0.468586956521739,110.61,28.2627173913043,10.2183695652174,84.24,15.8254945054945,2.1667032967033,93.01,4.91675,-5.71941666666667,1.09858333333333,26.4934265734266,8.56433566433566,0.980979020979021,8.29411764705882,-2.74774509803922,1.07666666666667,14.3138904109589,0.707123287671233,381.93,1389,"Diamond Creek"
"360",2002,12.1545652173913,-0.771847826086956,99.52,27.1783695652174,9.72847826086957,97.02,13.16,-0.377582417582418,45.31,4.92633333333333,-5.86958333333333,0.933583333333333,24.8135664335664,8.04398601398601,1.05230769230769,7.1856862745098,-3.38019607843137,0.553333333333333,13.3491506849315,0.277150684931507,318.95,1389,"Diamond Creek"
"361",2003,13.654347826087,0.9175,145.33,29.6979347826087,11.1766304347826,50.68,14.3798901098901,0.655384615384615,52.18,6.32958333333333,-3.43066666666667,1.9955,26.3827972027972,9.00160839160839,0.572027972027972,8.58598039215686,-2.7078431372549,0.939803921568627,14.816602739726,1.64205479452055,417.12,1389,"Diamond Creek"
"362",2004,15.1073913043478,1.0770652173913,104.71,26.5096739130435,9.52315217391304,105.43,13.657032967033,0.720989010989011,63.73,7.15383333333333,-4.655,0.970416666666667,23.812027972028,7.78062937062937,1.53713286713287,8.44745098039216,-2.43852941176471,0.615882352941176,14.041698630137,0.836438356164384,399.08,1389,"Diamond Creek"
"363",2005,14.1489130434783,0.277282608695652,129.04,26.8695652173913,9.23358695652174,82.53,13.0843956043956,0.304835164835165,121.08,7.21308333333333,-4.92983333333333,0.662916666666667,24.542027972028,7.51839160839161,1.27286713286713,6.37529411764706,-3.9571568627451,1.42058823529412,13.7681095890411,0.218958904109589,406.47,1389,"Diamond Creek"
"364",2006,14.0413043478261,0.374673913043478,107.99,28.636847826087,10.6760869565217,61.12,13.3016483516484,0.448461538461538,129.25,5.8835,-4.91416666666667,1.48483333333333,26.223986013986,8.60615384615385,0.702027972027972,7.26950980392157,-3.25117647058824,1.45588235294118,14.2398356164384,0.847561643835616,427.07,1389,"Diamond Creek"
"365",2007,15.4909782608696,0.854347826086957,93.93,29.5402173913043,10.7278260869565,34.41,12.8014285714286,0.307692307692308,126.75,7.01633333333333,-4.59983333333333,0.983,26.6994405594406,8.68902097902098,0.548041958041958,6.27970588235294,-3.83421568627451,1.9521568627451,14.5219452054795,0.820438356164384,395.45,1389,"Diamond Creek"
"366",2008,11.2083695652174,-1.88402173913043,118.49,27.3523913043478,9.19771739130435,38.29,14.3298901098901,0.849340659340659,99.21,4.05758333333333,-6.9005,1.25208333333333,24.5834965034965,7.32,0.732587412587413,7.73450980392157,-3.19147058823529,1.17588235294118,13.1267671232877,-0.292684931506849,374.95,1389,"Diamond Creek"
"367",2009,12.7716304347826,-0.895652173913044,127.77,26.0027173913043,9.82804347826087,131.59,14.2438461538462,0.367472527472527,60.53,5.17891666666667,-5.76491666666667,1.404,24.9605594405594,8.24545454545455,1.20048951048951,6.2328431372549,-5.02058823529412,0.708039215686274,13.2235068493151,-0.0679178082191781,412.37,1389,"Diamond Creek"
"368",2010,12.4125,-0.912065217391304,105.94,25.4764130434783,8.80141304347826,132.59,14.0289010989011,1.21835164835165,127.29,6.70758333333333,-4.59741666666667,0.801333333333333,22.5761538461538,6.82104895104895,1.67251748251748,7.71607843137255,-2.91411764705882,1.6771568627451,13.2064109589041,0.346520547945205,506.4,1389,"Diamond Creek"
"369",2011,10.9455434782609,-0.769239130434783,171.74,26.7284782608696,9.09934782608696,79.09,14.6587912087912,0.929120879120879,93.42,3.94125,-6.16458333333333,1.45991666666667,24.2902797202797,7.42447552447552,1.11503496503497,7.9006862745098,-3.46058823529412,1.15352941176471,13.0200821917808,-0.085013698630137,452.3,1389,"Diamond Creek"
"370",2012,14.7752173913043,0.414239130434783,105.07,28.7766304347826,10.2946739130435,60.61,15.1035164835165,1.30626373626374,81.94,7.72916666666667,-3.94225,1.02791666666667,26.0872727272727,8.12909090909091,0.677272727272727,8.4693137254902,-2.26039215686274,1.30049019607843,15.1283561643836,1.25706849315068,352.85,1389,"Diamond Creek"
"371",2013,13.7176086956522,0.0498913043478261,71.55,29.4509782608696,11.0601086956522,71.82,13.1091208791209,0.96989010989011,99.92,5.46016666666667,-5.74258333333333,0.572,26.8806993006993,9.57356643356643,0.89,5.71078431372549,-4.47656862745098,1.24,13.9223561643836,0.611780821917808,322.39,1389,"Diamond Creek"
"372",2014,13.89,0.0583695652173913,109.14,26.910652173913,10.6038043478261,108.87,14.2568131868132,1.2889010989011,140.56,6.14716666666667,-4.9255,1.76833333333333,25.0318881118881,8.49090909090909,0.993566433566434,8.08539215686275,-1.88009803921569,1.97882352941176,14.0874794520548,1.18183561643836,556.12,1389,"Diamond Creek"
"373",2015,15.45,1.07173913043478,119.47,28.4267391304348,11.0945652173913,48.21,14.2431868131868,1.41868131868132,115.34,8.69183333333333,-3.14641666666667,0.85525,25.4044055944056,9.25300699300699,1.25811188811189,7.98686274509804,-2.66450980392157,1.50343137254902,15.0424931506849,1.8461095890411,435.89,1389,"Diamond Creek"
"374",2016,14.6086956521739,1.55141304347826,123.66,28.3260869565217,9.9595652173913,27.79,14.4279120879121,2.88967032967033,104.14,7.203,-3.73841666666667,1.20108333333333,25.0976923076923,8.42657342657343,0.79972027972028,7.29725490196078,-2.60843137254902,1.55166666666667,14.2401369863014,1.3433698630137,416.76,1389,"Diamond Creek"
"375",2017,13.8321739130435,1.66771739130435,197.11,28.3948913043478,10.8867391304348,71.81,12.441978021978,1.27582417582418,157.31,4.86658333333333,-4.91816666666667,2.09658333333333,25.7144755244755,9.11615384615385,1.17342657342657,6.20960784313726,-2.85627450980392,1.58509803921569,13.409698630137,1.15641095890411,581.07,1389,"Diamond Creek"
"376",2018,13.8054347826087,1.14728260869565,152.88,27.3248913043478,10.3308695652174,107.26,13.1083516483516,0.740769230769231,84.94,6.22,-3.84975,1.59491666666667,25.4718881118881,8.98678321678322,1.14104895104895,6.48803921568627,-3.41764705882353,1.08960784313725,13.8374246575342,1.3001095890411,465.7,1389,"Diamond Creek"
"377",2019,12.6155434782609,-0.0383695652173913,120.56,27.5939130434783,10.2672826086957,45.45,11.6887912087912,-0.238901098901099,89.84,4.73683333333333,-5.43558333333333,1.43275,25.1571328671329,8.77734265734266,0.845804195804196,5.55176470588235,-4.43598039215686,0.851470588235294,12.9648493150685,0.412109589041096,379.73,1389,"Diamond Creek"
"378",2020,13.1159782608696,-0.441304347826087,110.61,26.9892391304348,9.83619565217391,129.49,14.8452747252747,0.251978021978022,95.3,5.3265,-5.93275,1.33516666666667,25.0897902097902,8.1786013986014,1.41524475524476,8.08323529411765,-3.88911764705882,1.19470588235294,13.8397534246575,0.166904109589041,484.46,1389,"Diamond Creek"
"379",2000,14.8617391304348,1.12630434782609,85.64,28.7266304347826,9.71173913043478,15.24,11.946043956044,-0.802857142857143,132.14,7.58858333333333,-3.80875,0.945083333333333,25.8367832167832,8.2772027972028,0.64034965034965,5.46598039215686,-5.05539215686275,1.41892156862745,14.1447123287671,0.577917808219178,349.71,1377,"Diamond Moose"
"380",2001,14.3977173913043,0.651195652173913,109.97,28.3835869565217,10.4458695652174,83.25,15.9253846153846,2.33637362637363,91.73,4.99466666666667,-5.56041666666667,1.08958333333333,26.6146153846154,8.78587412587413,0.971608391608392,8.36637254901961,-2.60352941176471,1.04088235294118,14.4071780821918,0.886493150684932,375.86,1377,"Diamond Moose"
"381",2002,12.2811956521739,-0.586739130434783,97.94,27.3109782608696,9.93532608695652,96.69,13.2473626373626,-0.211098901098901,43.66,5.0155,-5.71008333333333,0.905,24.9453146853147,8.24657342657343,1.04286713286713,7.24990196078431,-3.22666666666667,0.521862745098039,13.4480273972603,0.45186301369863,310.96,1377,"Diamond Moose"
"382",2003,13.7916304347826,1.08652173913043,138.94,29.8402173913043,11.3998913043478,47.15,14.4878021978022,0.838681318681319,50.69,6.43208333333333,-3.26641666666667,1.87841666666667,26.5243356643357,9.2093006993007,0.552517482517483,8.68892156862745,-2.52725490196078,0.896862745098039,14.9345205479452,1.8278904109589,395.9,1377,"Diamond Moose"
"383",2004,15.2357608695652,1.23934782608696,104.95,26.6128260869565,9.70760869565217,104.28,13.7313186813187,0.853076923076923,67.24,7.246,-4.49641666666667,0.95275,23.9257342657343,7.95293706293706,1.52587412587413,8.48970588235294,-2.3271568627451,0.635882352941176,14.1283561643836,0.987205479452055,397.39,1377,"Diamond Moose"
"384",2005,14.2670652173913,0.416413043478261,127.27,26.9992391304348,9.43163043478261,81.41,13.1807692307692,0.449230769230769,117.77,7.296,-4.802,0.640666666666667,24.6660839160839,7.70097902097902,1.2572027972028,6.47019607843137,-3.82058823529412,1.35617647058824,13.8704931506849,0.370684931506849,394.99,1377,"Diamond Moose"
"385",2006,14.1535869565217,0.54,107.23,28.7516304347826,10.8707608695652,59.41,13.3786813186813,0.566043956043956,127.15,5.97925,-4.76825,1.43683333333333,26.336013986014,8.78706293706294,0.691398601398601,7.34450980392157,-3.13117647058824,1.41921568627451,14.3361643835616,0.999945205479452,416.05,1377,"Diamond Moose"
"386",2007,15.600652173913,1.00597826086957,87.15,29.648152173913,10.9138043478261,33.54,12.8696703296703,0.436593406593407,124.88,7.1055,-4.45308333333333,0.957833333333333,26.8102797202797,8.86699300699301,0.50027972027972,6.34274509803922,-3.71362745098039,1.90950980392157,14.612301369863,0.972109589041096,381.25,1377,"Diamond Moose"
"387",2008,11.305,-1.71217391304348,117,27.478152173913,9.3920652173913,38.95,14.4110989010989,0.973516483516484,93.49,4.13916666666667,-6.731,1.22558333333333,24.7048251748252,7.49482517482517,0.725384615384615,7.80254901960784,-3.06980392156863,1.115,13.2201369863014,-0.134465753424658,364.53,1377,"Diamond Moose"
"388",2009,12.8885869565217,-0.732391304347826,129.95,26.1183695652174,9.99445652173913,130.17,14.3348351648352,0.512197802197802,59.87,5.28675,-5.60416666666667,1.41108333333333,25.075034965035,8.41636363636364,1.18356643356643,6.32107843137255,-4.88333333333333,0.696862745098039,13.3284657534247,0.0902465753424657,409.66,1377,"Diamond Moose"
"389",2010,12.5011956521739,-0.763152173913043,105.28,25.5684782608696,8.98,132.2,14.0889010989011,1.3467032967033,126.98,6.7835,-4.44391666666667,0.79425,22.6632867132867,6.9827972027972,1.66853146853147,7.77558823529412,-2.78725490196078,1.66794117647059,13.2821369863014,0.495808219178082,504.04,1377,"Diamond Moose"
"390",2011,11.0375,-0.62554347826087,168.49,26.838152173913,9.27402173913043,77.02,14.7461538461538,1.06945054945055,80.16,4.01058333333333,-6.02708333333333,1.40858333333333,24.3948251748252,7.59328671328671,1.09160839160839,7.985,-3.3278431372549,1.00950980392157,13.107397260274,0.0634246575342466,428.1,1377,"Diamond Moose"
"391",2012,14.8760869565217,0.553913043478261,103.77,28.8659782608696,10.4866304347826,56.82,15.1724175824176,1.46747252747253,80.37,7.82408333333333,-3.7995,1.0035,26.1751048951049,8.31699300699301,0.648391608391608,8.53882352941176,-2.12274509803922,1.28019607843137,15.213397260274,1.41608219178082,343.72,1377,"Diamond Moose"
"392",2013,13.8125,0.201086956521739,70.55,29.546847826087,11.2361956521739,71.36,13.1602197802198,1.07769230769231,96.39,5.52208333333333,-5.62308333333333,0.557,26.9698601398601,9.74391608391608,0.881258741258741,5.75205882352941,-4.38960784313725,1.19960784313725,13.9891780821918,0.742109589041096,315.22,1377,"Diamond Moose"
"393",2014,13.995652173913,0.19195652173913,107.97,26.9911956521739,10.7863043478261,108.23,14.3045054945055,1.42285714285714,139.67,6.22941666666667,-4.81641666666667,1.75158333333333,25.1140559440559,8.67321678321678,0.99041958041958,8.12245098039216,-1.76333333333333,1.96343137254902,14.1570684931507,1.32175342465753,552.09,1377,"Diamond Moose"
"394",2015,15.526847826087,1.20804347826087,119.8,28.4864130434783,11.2897826086957,51.66,14.2861538461538,1.5556043956044,115.88,8.73558333333333,-3.0275,0.851416666666667,25.4667832167832,9.43426573426573,1.28916083916084,8.02107843137255,-2.54539215686275,1.49941176470588,15.0908767123288,1.98950684931507,439.46,1377,"Diamond Moose"
"395",2016,14.6909782608696,1.67945652173913,122.86,28.4084782608696,10.1757608695652,27.08,14.4840659340659,2.99263736263736,103.32,7.2325,-3.64658333333333,1.17116666666667,25.1788811188811,8.6120979020979,0.791958041958042,7.3343137254902,-2.53362745098039,1.53950980392157,14.292,1.46715068493151,410.82,1377,"Diamond Moose"
"396",2017,13.9021739130435,1.7825,196.27,28.4535869565217,11.0871739130435,70.68,12.5067032967033,1.41186813186813,156.69,4.90258333333333,-4.82308333333333,2.092,25.771048951049,9.29496503496503,1.1651048951049,6.25941176470588,-2.75392156862745,1.55911764705882,13.4576164383562,1.28632876712329,576.68,1377,"Diamond Moose"
"397",2018,13.8860869565217,1.29195652173913,150.06,27.4108695652174,10.5296739130435,105.87,13.1562637362637,0.858131868131868,83.2,6.287,-3.71583333333333,1.56308333333333,25.5558041958042,9.17293706293706,1.12125874125874,6.52647058823529,-3.30980392156863,1.06509803921569,13.9030684931507,1.44720547945205,456.55,1377,"Diamond Moose"
"398",2019,12.7153260869565,0.137173913043478,119.7,27.7021739130435,10.4585869565217,44.97,11.7405494505494,-0.147362637362637,88.46,4.80191666666667,-5.26683333333333,1.41575,25.2613986013986,8.95181818181818,0.837902097902098,5.58392156862745,-4.36,0.836862745098039,13.0360821917808,0.557178082191781,375.07,1377,"Diamond Moose"
"399",2020,13.2094565217391,-0.287391304347826,108.95,27.1128260869565,10.0352173913043,128.32,14.9437362637363,0.392527472527473,94.53,5.382,-5.83058333333333,1.24116666666667,25.2008391608392,8.36363636363636,1.39657342657343,8.17323529411765,-3.77156862745098,1.17843137254902,13.9266575342466,0.305835616438356,468.85,1377,"Diamond Moose"
"400",2000,13.0147826086957,0.111847826086957,86.8,27.1301086956522,9.41380434782609,17.49,10.8172527472527,-1.24252747252747,138.45,6.35508333333333,-4.589,0.895416666666667,24.1806993006993,7.81125874125874,0.686363636363636,4.87490196078431,-5.41529411764706,1.24588235294118,12.9251780821918,0.0382739726027397,332.68,1676,"Dummy Creek"
"401",2001,13.0894565217391,-0.4,121.45,26.5303260869565,9.64402173913044,80.73,14.6373626373626,1.67120879120879,87.02,4.37108333333333,-6.39025,1.07391666666667,24.752027972028,7.97146853146853,0.885314685314685,7.56656862745098,-3.31117647058824,0.971078431372549,13.2489315068493,0.0968493150684932,354.52,1676,"Dummy Creek"
"402",2002,11.1127173913043,-1.69054347826087,124.5,25.8133695652174,9.07326086956522,91.3,12.1727472527473,-0.822087912087912,49.01,4.127,-6.79908333333333,1.07625,23.4169230769231,7.38034965034965,1.06755244755245,6.445,-4.07745098039216,0.600980392156863,12.3321917808219,-0.483287671232877,343.11,1676,"Dummy Creek"
"403",2003,12.3341304347826,-0.141413043478261,137.98,28.2532608695652,10.4733695652174,45.26,13.5295604395604,0.0445054945054945,39.74,5.54583333333333,-4.35275,1.66483333333333,24.9551748251748,8.20356643356643,0.572447552447552,8.08078431372549,-3.27549019607843,0.820098039215686,13.8584383561644,0.867616438356164,365.29,1676,"Dummy Creek"
"404",2004,13.8044565217391,0.361304347826087,120.08,24.9635869565217,8.77108695652174,87.87,12.3862637362637,0.0610989010989011,85.8,6.50841666666667,-5.06741666666667,0.819166666666667,22.2957342657343,7.02937062937063,1.51706293706294,7.47294117647059,-3.07794117647059,0.80578431372549,12.9631232876712,0.227835616438356,397.43,1676,"Dummy Creek"
"405",2005,12.614347826087,-0.614782608695652,138.24,25.344347826087,8.61239130434783,85.06,12.4851648351648,-0.00549450549450544,111.55,6.45566666666667,-5.45883333333333,0.665916666666667,22.9904195804196,6.91377622377622,1.22468531468531,6.23735294117647,-4.10529411764706,1.40754901960784,12.8726575342466,-0.233232876712329,398.61,1676,"Dummy Creek"
"406",2006,12.4771739130435,-0.550978260869565,122.76,27.0638043478261,10.0694565217391,56.78,12.2056043956044,-0.143846153846154,153.85,4.9425,-5.66616666666667,1.38275,24.5881818181818,8.01482517482517,0.761328671328671,6.69970588235294,-3.82823529411765,1.61892156862745,13.1303561643836,0.207397260273973,439.93,1676,"Dummy Creek"
"407",2007,14.2334782608696,0.0923913043478261,88.86,27.9710869565217,10.2142391304348,51.39,12.0031868131868,-0.207582417582418,135.1,6.3205,-5.20241666666667,0.971,25.1560839160839,8.13097902097902,0.740489510489511,5.70647058823529,-4.44186274509804,1.66333333333333,13.5283287671233,0.233890410958904,392.07,1676,"Dummy Creek"
"408",2008,9.93695652173913,-2.99108695652174,123.34,25.9009782608696,8.63228260869565,38.99,13.6206593406593,0.599450549450549,87.53,3.31725,-7.72041666666667,1.03925,23.1375524475524,6.66286713286713,0.764335664335664,7.28696078431373,-3.5243137254902,1.15774509803922,12.1918082191781,-0.912712328767123,352.1,1676,"Dummy Creek"
"409",2009,11.4007608695652,-1.75304347826087,142.31,24.2684782608696,8.99304347826087,139.73,13.1062637362637,-0.0958241758241758,68.05,4.70116666666667,-6.1105,1.43208333333333,23.2212587412587,7.49573426573427,1.21629370629371,5.54686274509804,-5.45274509803922,0.749607843137255,12.1933150684932,-0.596027397260274,422.24,1676,"Dummy Creek"
"410",2010,10.7484782608696,-1.86369565217391,120.5,23.7820652173913,8.01663043478261,142.53,13.079010989011,0.643626373626374,110.19,5.68325,-5.25125,0.719833333333333,20.9172027972028,5.98503496503497,1.7879020979021,7.15950980392157,-3.30411764705882,1.49519607843137,12.0641643835616,-0.304958904109589,494.56,1676,"Dummy Creek"
"411",2011,9.33978260869565,-2.02565217391304,179.43,25.2535869565217,8.42771739130435,73.1,13.7047252747253,0.341648351648352,75,3.14708333333333,-6.91133333333333,1.27991666666667,22.7241958041958,6.73825174825175,1.13818181818182,7.47990196078431,-3.97637254901961,0.823627450980392,12.0278356164384,-0.743506849315068,400.36,1676,"Dummy Creek"
"412",2012,13.1842391304348,-0.536521739130435,122.45,27.159347826087,9.50945652173913,41.7,14.2631868131868,0.865604395604396,79.48,6.758,-4.92325,1.08233333333333,24.4851748251748,7.4358041958042,0.568671328671329,7.81029411764706,-2.93245098039216,1.29598039215686,13.9972328767123,0.475123287671233,343.39,1676,"Dummy Creek"
"413",2013,12.2319565217391,-1.20663043478261,69.74,27.6608695652174,10.0713043478261,61.25,12.1873626373626,0.284945054945055,108.07,4.8245,-6.6875,0.521666666666667,25.0370629370629,8.58181818181818,0.779440559440559,5.40313725490196,-5.10019607843137,1.25558823529412,12.905095890411,-0.261698630136986,302.13,1676,"Dummy Creek"
"414",2014,12.6783695652174,-0.926413043478261,106.17,25.1992391304348,9.55380434782609,107.32,13.3775824175824,0.654175824175824,134.19,5.63566666666667,-5.64833333333333,1.54066666666667,23.3884615384615,7.60034965034965,0.959160839160839,7.48176470588235,-2.6328431372549,1.81950980392157,13.1067671232877,0.384931506849315,507.63,1676,"Dummy Creek"
"415",2015,13.9482608695652,0.122717391304348,119.46,26.5877173913043,10.2204347826087,54.41,13.3154945054945,0.76989010989011,106.33,7.99725,-3.74625,0.793666666666667,23.6558741258741,8.3606993006993,1.25692307692308,7.28137254901961,-3.38333333333333,1.31450980392157,13.9319452054795,1.09843835616438,409.06,1676,"Dummy Creek"
"416",2016,13.1021739130435,0.42,140.71,26.7276086956522,9.06347826086957,20.65,13.3864835164835,2.09032967032967,109.81,6.36875,-4.55516666666667,1.14475,23.5276223776224,7.4148951048951,0.724895104895105,6.68725490196078,-3.33823529411765,1.61343137254902,13.1802739726027,0.474547945205479,405.6,1676,"Dummy Creek"
"417",2017,12.540652173913,0.2775,198.93,26.8615217391304,10.0952173913043,53.5,11.6005494505495,0.417912087912088,167.74,4.15825,-5.85675,2.15625,24.245034965035,8.26867132867133,1.13783216783217,5.88196078431373,-3.735,1.49176470588235,12.5095616438356,0.270246575342466,573.62,1676,"Dummy Creek"
"418",2018,12.4766304347826,-0.00760869565217394,154.59,25.9421739130435,9.5854347826087,95.85,12.4018681318681,-0.0672527472527473,76.23,5.41641666666667,-4.98716666666667,1.35483333333333,24.0704195804196,8.18573426573426,1.07293706293706,6.05803921568627,-4.22147058823529,0.968823529411765,12.904,0.387698630136986,414.83,1676,"Dummy Creek"
"419",2019,11.2585869565217,-0.773260869565217,123.59,25.8952173913043,9.47065217391304,39.2,10.8075824175824,-0.948901098901099,97.58,4.05375,-6.08175,1.41383333333333,23.3726573426573,7.99328671328671,0.84965034965035,5.01107843137255,-5.10225490196078,0.897254901960784,11.8900547945205,-0.293698630136986,382.68,1676,"Dummy Creek"
"420",2020,11.7053260869565,-1.15130434782609,114.59,25.5927173913043,9.49532608695652,119.26,14.2564835164835,0.243626373626374,90.11,4.475,-6.54016666666667,1.2605,23.6824475524476,7.80888111888112,1.29111888111888,7.93343137254902,-3.90235294117647,1.095,12.9665753424658,-0.181342465753425,447.58,1676,"Dummy Creek"
"421",2000,12.0740217391304,-2.18913043478261,76.51,26.7866304347826,6.65586956521739,20.13,10.1197802197802,-3.32241758241758,96.39,5.75116666666667,-6.9015,0.834916666666667,23.7858741258741,5.2979020979021,0.547692307692308,4.52039215686275,-7.58470588235294,0.893921568627451,12.4728767123288,-2.31293150684932,269.69,1827,"Dump"
"422",2001,12.3125,-2.75434782608696,119.62,26.0460869565217,6.8925,57.98,14.5130769230769,-0.508241758241758,72.5,3.94141666666667,-8.75525,1.08791666666667,24.1347552447552,5.24888111888112,0.644965034965035,7.9593137254902,-5.3571568627451,0.746372549019608,12.9755890410959,-2.31909589041096,298.91,1827,"Dump"
"423",2002,10.3490217391304,-4.17076086956522,77.91,25.4898913043478,6.43445652173913,83.11,11.9356043956044,-3.09868131868132,57.14,3.38783333333333,-9.5945,0.790583333333333,22.9702097902098,4.95027972027972,0.858881118881119,6.4343137254902,-6.66411764705882,0.533137254901961,11.9111780821918,-3.07723287671233,272.07,1827,"Dump"
"424",2003,11.6196739130435,-2.52728260869565,150.34,27.7833695652174,7.16391304347826,40.56,13.366043956044,-2.69593406593407,30.65,5.05966666666667,-7.2615,1.42458333333333,24.5091608391608,5.12671328671329,0.593216783216783,8.02990196078431,-5.97303921568627,0.68578431372549,13.5096438356164,-2.04797260273973,325.73,1827,"Dump"
"425",2004,13.0295652173913,-1.90619565217391,106.06,24.4577173913043,6.29358695652174,88.76,11.8212087912088,-2.14461538461538,83.63,5.888,-7.57716666666667,0.70375,21.776013986014,4.76461538461538,1.28699300699301,7.0643137254902,-5.21843137254902,0.814313725490196,12.4413424657534,-2.0827397260274,351.55,1827,"Dump"
"426",2005,11.4059782608696,-2.55989130434783,139.89,24.6561956521739,5.8895652173913,102.74,12.7885714285714,-1.89351648351648,93.18,5.84133333333333,-7.66266666666667,0.678166666666667,22.3444055944056,4.43706293706294,1.30699300699301,6.66823529411765,-5.77617647058824,1.19911764705882,12.538,-2.39504109589041,390.59,1827,"Dump"
"427",2006,11.6139130434783,-2.68619565217391,109,26.8580434782609,7.2575,59.4,11.9967032967033,-2.06516483516484,128.16,4.26891666666667,-7.96408333333333,1.05,24.2294405594406,5.35762237762238,0.807902097902098,6.62686274509804,-5.76009803921569,1.26774509803922,12.748,-2.12898630136986,370.84,1827,"Dump"
"428",2007,13.5842391304348,-1.97130434782609,75.25,27.8771739130435,7.56380434782609,54.28,12.2357142857143,-1.9178021978022,102.68,5.73958333333333,-7.58933333333333,0.773583333333333,24.9170629370629,5.59251748251748,0.808951048951049,5.92588235294118,-6.19245098039216,1.01058823529412,13.3050136986301,-2.03457534246575,311.59,1827,"Dump"
"429",2008,8.72304347826087,-5.57119565217391,106.04,25.7602173913043,5.50347826086957,38.85,13.8548351648352,-1.39010989010989,63.51,2.273,-10.628,0.8315,22.8002797202797,3.82573426573427,0.775664335664336,7.55862745098039,-5.62480392156863,1.0256862745098,11.7922739726027,-3.56715068493151,315.32,1827,"Dump"
"430",2009,10.4672826086957,-4.12760869565217,159,23.8983695652174,6.66521739130435,145.31,12.8001098901099,-2.22901098901099,63.4,4.26333333333333,-8.423,1.513,22.8756643356643,5.1548951048951,1.16538461538462,5.23029411764706,-7.54745098039216,0.685098039215686,11.8255068493151,-2.85876712328767,418.09,1827,"Dump"
"431",2010,9.97217391304348,-3.57032608695652,161.95,23.6269565217391,5.59315217391304,115.13,13.5642857142857,-1.33351648351648,76.32,5.297,-7.39058333333333,0.783166666666667,20.7434265734266,3.83748251748252,1.6341958041958,7.54911764705882,-5.27745098039216,1.15107843137255,11.9779726027397,-2.40112328767123,445.08,1827,"Dump"
"432",2011,8.24,-4.13989130434783,201.49,25.2733695652174,5.915,90.59,13.8018681318681,-1.85824175824176,77.72,2.3575,-9.31083333333333,1.29825,22.4707692307692,4.32363636363636,1.30062937062937,7.61352941176471,-6.15803921568627,0.827647058823529,11.706301369863,-3.08805479452055,426.2,1827,"Dump"
"433",2012,12.6766304347826,-2.44913043478261,130.87,27.2803260869565,6.77913043478261,36.67,14.6608791208791,-1.46637362637363,62.64,6.31708333333333,-7.37666666666667,1.29441666666667,24.5112587412587,4.80587412587413,0.535804195804196,8.18382352941176,-5.26470588235294,0.98078431372549,13.9668767123288,-2.01358904109589,331.99,1827,"Dump"
"434",2013,11.6696739130435,-3.21782608695652,79.16,27.490652173913,7.46239130434783,58.64,12.1972527472527,-1.14208791208791,110.3,4.39383333333333,-8.94683333333333,0.4615,24.7264335664336,6.28174825174825,0.94951048951049,5.62509803921569,-6.7993137254902,1.13137254901961,12.7038356164384,-2.38043835616438,306.56,1827,"Dump"
"435",2014,12.3920652173913,-2.80945652173913,93.19,25.1241304347826,6.83880434782609,96.8,13.6876923076923,-1.31263736263736,89.98,5.64883333333333,-7.822,1.33666666666667,23.2746153846154,5.06874125874126,0.876783216783217,7.88411764705882,-4.59450980392157,1.41088235294118,13.1789315068493,-1.86972602739726,429.69,1827,"Dump"
"436",2015,13.5489130434783,-1.71891304347826,138.24,26.2185869565217,7.48282608695652,82.53,13.3979120879121,-1.35901098901099,83.77,8.19516666666667,-5.5225,0.928416666666667,23.3004195804196,5.9941958041958,1.37461538461538,7.23362745098039,-5.70254901960784,1.10549019607843,13.8444109589041,-1.06079452054795,420.74,1827,"Dump"
"437",2016,12.2738043478261,-1.49130434782609,142.3,26.7216304347826,6.03489130434783,19.75,13.653956043956,0.610989010989011,154.92,5.978,-6.40041666666667,0.986166666666667,23.3883216783217,4.77923076923077,0.737692307692308,7.13313725490196,-4.98127450980392,1.84892156862745,13.1218356164384,-1.62386301369863,412.42,1827,"Dump"
"438",2017,12.1541304347826,-1.59510869565217,122.21,26.7908695652174,7.14782608695652,69.36,11.6228571428571,-1.48692307692308,103.76,4.128,-7.44316666666667,1.48775,24.1558041958042,5.60377622377622,1.08027972027972,6.07588235294118,-5.71656862745098,0.917156862745098,12.5188493150685,-1.84912328767123,426.56,1827,"Dump"
"439",2018,11.8494565217391,-2.18434782608696,170.8,25.8255434782609,6.85913043478261,101.58,12.6197802197802,-2.42428571428571,44.51,4.94783333333333,-7.58208333333333,1.34066666666667,23.9031468531469,5.56300699300699,1.22692307692308,6.16529411764706,-6.55235294117647,0.570686274509804,12.7143835616438,-2.14432876712329,394.54,1827,"Dump"
"440",2019,10.4540217391304,-3.13336956521739,136.19,25.319347826087,6.41728260869565,50.01,10.809010989011,-2.89175824175824,99.1,3.62016666666667,-8.5795,1.45675,22.6732867132867,5.26076923076923,1.02251748251748,5.11490196078431,-7.06647058823529,0.961960784313725,11.5025205479452,-2.73432876712329,419.15,1827,"Dump"
"441",2020,11.0047826086957,-3.16130434782609,100.34,25.4936956521739,6.86260869565217,99.53,14.5771428571429,-1.96527472527473,81.1,4.05608333333333,-8.79525,1.03141666666667,23.5711888111888,5.37804195804196,1.08496503496504,8.35539215686275,-6.00745098039216,0.93343137254902,12.9031780821918,-2.4633698630137,374.13,1827,"Dump"
"442",2000,9.20565217391304,-2.52880434782609,142.23,22.8188043478261,6.8354347826087,27.07,7.7443956043956,-3.15593406593407,182.95,3.62,-6.57216666666667,1.44583333333333,19.9024475524476,5.2786013986014,1.03979020979021,2.75382352941176,-6.91529411764706,1.68745098039216,9.75709589041096,-2.02515068493151,494.31,2144,"East Fork Wimpey Creek"
"443",2001,9.39402173913044,-2.80467391304348,158.74,22.5802173913043,7.1795652173913,115.61,11.3359340659341,-0.0476923076923077,130.18,2.19391666666667,-7.94366666666667,1.45,20.706013986014,5.54160839160839,1.25272727272727,5.25186274509804,-4.62166666666667,1.45166666666667,10.3011506849315,-1.73205479452055,501.21,2144,"East Fork Wimpey Creek"
"444",2002,7.56608695652174,-4.33423913043478,166.82,21.8583695652174,6.79336956521739,120.02,9.27681318681319,-2.25,69.9,1.68525,-8.71591666666667,1.544,19.475034965035,5.10370629370629,1.32951048951049,4.2956862745098,-5.43941176470588,0.788921568627451,9.38443835616438,-2.38602739726027,455.87,2144,"East Fork Wimpey Creek"
"445",2003,8.71141304347826,-2.65163043478261,220.18,23.8979347826087,8.21119565217391,59.37,10.0548351648352,-1.72186813186813,73.63,3.03366666666667,-6.4605,2.83833333333333,20.7233566433566,5.92153846153846,0.744335664335664,5.27578431372549,-4.96009803921569,1.36764705882353,10.5907123287671,-1.19016438356164,586.54,2144,"East Fork Wimpey Creek"
"446",2004,9.87228260869565,-1.81521739130435,182.29,20.8205434782609,6.32021739130435,105.09,9.46714285714286,-1.57571428571429,119.86,3.88441666666667,-6.63941666666667,1.14808333333333,18.1881818181818,4.62517482517482,1.94048951048951,5.22990196078431,-4.45441176470588,1.20254901960784,9.86435616438356,-1.61556164383562,537.92,2144,"East Fork Wimpey Creek"
"447",2005,8.97336956521739,-3.1129347826087,196.41,21.2786956521739,6.12913043478261,109.01,9.79527472527472,-1.47516483516484,177.2,4.06033333333333,-7.213,1.12883333333333,19.0365034965035,4.54223776223776,1.57027972027972,4.33607843137255,-5.33656862745098,2.21362745098039,10.0047671232877,-2.08315068493151,585.8,2144,"East Fork Wimpey Creek"
"448",2006,9.13858695652174,-3.06076086956522,156.98,23.1329347826087,7.74358695652174,85.1,9.30439560439561,-1.81153846153846,198.74,2.5295,-7.69483333333333,2.02716666666667,20.7323076923077,5.82685314685315,0.979160839160839,4.47578431372549,-5.40823529411765,2.28725490196078,10.204904109589,-1.75830136986301,616.58,2144,"East Fork Wimpey Creek"
"449",2007,10.7446739130435,-1.97836956521739,145.12,24.2911956521739,8.17478260869565,54.58,9.25505494505495,-1.7010989010989,188.23,3.81091666666667,-6.99166666666667,1.47483333333333,21.4276923076923,6.07237762237762,1.01594405594406,3.37205882352941,-5.90470588235294,2.42303921568627,10.5901917808219,-1.56967123287671,569.41,2144,"East Fork Wimpey Creek"
"450",2008,6.67978260869565,-5.43663043478261,180.25,21.7372826086957,6.44902173913044,58.86,10.6289010989011,-0.746923076923077,160.63,1.08041666666667,-9.715,1.81083333333333,19.0241958041958,4.52797202797203,1.05678321678322,4.91725490196078,-4.87990196078431,1.9506862745098,9.18265753424657,-2.78369863013699,567.39,2144,"East Fork Wimpey Creek"
"451",2009,8.09282608695652,-4.16032608695652,240.41,20.3045652173913,6.56065217391304,172.46,9.95274725274725,-1.70483516483516,117.39,2.4155,-7.98225,2.29083333333333,19.2930769230769,5.21153846153846,1.64251748251748,2.99156862745098,-7.05862745098039,1.31313725490196,9.18879452054795,-2.55506849315069,643.72,2144,"East Fork Wimpey Creek"
"452",2010,7.67097826086956,-4.14130434782609,209.57,19.9861956521739,5.85239130434783,181.73,10.2292307692308,-0.837362637362637,171.29,3.5325,-6.98583333333333,1.39383333333333,17.2742657342657,3.84384615384615,2.49468531468531,5.09911764705882,-4.62607843137255,2.05852941176471,9.35405479452055,-2.08353424657534,733.97,2144,"East Fork Wimpey Creek"
"453",2011,6.3129347826087,-4.57130434782609,300.83,21.3963043478261,6.41467391304348,103.49,10.5540659340659,-1.10043956043956,92.8,0.982333333333333,-8.854,2.46791666666667,18.945034965035,4.72909090909091,1.61734265734266,5.08901960784314,-5.25862745098039,1.23911764705882,9.16739726027397,-2.52767123287671,653.82,2144,"East Fork Wimpey Creek"
"454",2012,9.83967391304348,-2.63076086956522,203.55,23.4038043478261,7.39902173913043,63.44,11.2268131868132,-0.702637362637363,118.99,4.12433333333333,-6.75775,2.01358333333333,20.7655944055944,5.35433566433566,0.885594405594406,5.16176470588235,-4.5843137254902,2.04598039215686,10.9339726027397,-1.40509589041096,576.96,2144,"East Fork Wimpey Creek"
"455",2013,8.76804347826087,-3.40336956521739,119.14,23.5725,8.18260869565217,93.95,9.33912087912088,-1.0689010989011,166.14,2.38883333333333,-8.28775,1.10766666666667,21.0655944055944,6.63503496503496,1.1672027972028,3.19235294117647,-6.20696078431373,1.89009803921569,9.93057534246575,-1.85980821917808,492.62,2144,"East Fork Wimpey Creek"
"456",2014,9.28967391304348,-3.06108695652174,167.2,21.2114130434783,7.20380434782609,113.4,10.3194505494505,-0.838131868131868,166.65,3.03958333333333,-7.39341666666667,2.557,19.4586013986014,5.36230769230769,1.15146853146853,5.225,-4.0006862745098,2.44852941176471,10.0829589041096,-1.44786301369863,721.25,2144,"East Fork Wimpey Creek"
"457",2015,10.4401086956522,-1.81130434782609,168.04,22.7485869565217,8.07271739130435,63.45,10.4581318681319,-0.487912087912088,157.75,5.6955,-5.261,1.29316666666667,19.8442657342657,6.28573426573427,1.51195804195804,5.10852941176471,-4.46911764705882,1.96627450980392,11.0746849315068,-0.515917808219178,571.95,2144,"East Fork Wimpey Creek"
"458",2016,9.70902173913043,-1.62434782608696,189.93,22.8189130434783,6.89728260869565,31.38,10.5001098901099,0.743846153846154,137.28,4.36133333333333,-5.73158333333333,1.8745,19.6895804195804,5.32615384615385,0.93027972027972,4.52127450980392,-4.38303921568627,2.02911764705882,10.4113424657534,-1.02252054794521,564.94,2144,"East Fork Wimpey Creek"
"459",2017,9.52619565217391,-1.83663043478261,256.85,23.1,8.13217391304348,84.91,8.80582417582418,-1.29945054945055,203.53,2.28516666666667,-7.26741666666667,2.63091666666667,20.6498601398601,6.30412587412587,1.53965034965035,3.74990196078431,-5.06941176470588,2.08656862745098,9.88942465753425,-1.3361095890411,748.71,2144,"East Fork Wimpey Creek"
"460",2018,9.28097826086957,-2.19673913043478,242.47,21.8429347826087,7.29315217391304,139.62,9.43318681318681,-1.48637362637363,123.91,2.83675,-6.90833333333333,2.34541666666667,20.1046153846154,5.98321678321678,1.59755244755245,3.79794117647059,-5.59058823529412,1.58323529411765,9.87057534246575,-1.48942465753425,671.39,2144,"East Fork Wimpey Creek"
"461",2019,8.07163043478261,-3.24173913043478,170.72,21.7154347826087,6.97304347826087,51.95,7.94956043956044,-2.57956043956044,145.95,1.93966666666667,-8.16591666666667,2.007,19.305034965035,5.61076923076923,0.953566433566434,2.98803921568627,-6.33980392156863,1.57696078431373,9.03605479452055,-2.25816438356164,538.05,2144,"East Fork Wimpey Creek"
"462",2020,8.55989130434783,-3.54217391304348,153.57,21.5833695652174,7.10467391304348,157.34,11.0645054945055,-1.21362637362637,117.15,2.26925,-8.0475,2.02058333333333,19.8474825174825,5.5027972027972,1.74986013986014,5.58264705882353,-5.04029411764706,1.42254901960784,10.082,-1.89838356164384,637.8,2144,"East Fork Wimpey Creek"
"463",2000,9.68760869565217,-3.13065217391304,100.03,23.8698913043478,6.6429347826087,29.32,8.36934065934066,-3.65142857142857,131.95,3.91375,-7.54283333333333,1.09525,20.9018881118881,5.03048951048951,0.761818181818182,3.38970588235294,-7.72352941176471,1.23490196078431,10.4229315068493,-2.66734246575342,366.33,2160,"Everson Creek"
"464",2001,10.3738043478261,-3.4454347826087,134.01,23.3871739130435,6.77815217391304,94.25,12.1407692307692,-0.772747252747253,93.77,2.85408333333333,-9.16383333333333,1.24783333333333,21.5184615384615,5.08013986013986,0.897902097902098,6.03098039215686,-5.63117647058824,1.06441176470588,11.0542191780822,-2.5961095890411,386.71,2160,"Everson Creek"
"465",2002,8.41934782608696,-4.81336956521739,123.48,22.8690217391304,6.2745652173913,102.55,10.0483516483516,-3.24384615384615,61.82,2.07091666666667,-9.93291666666667,1.07391666666667,20.4129370629371,4.63097902097902,1.14706293706294,4.90019607843137,-6.73019607843137,0.666764705882353,10.0476164383562,-3.33205479452055,360.91,2160,"Everson Creek"
"466",2003,9.44358695652174,-3.36413043478261,182.07,25.0397826086957,7.34782608695652,47.66,11.2482417582418,-2.69340659340659,35.11,3.61916666666667,-7.64108333333333,1.93616666666667,21.8216783216783,5.10755244755245,0.688461538461538,6.36176470588235,-5.93813725490196,0.809803921568627,11.5169863013699,-2.17052054794521,413.39,2160,"Everson Creek"
"467",2004,10.9885869565217,-2.30630434782609,140.59,22.038152173913,6.02565217391304,95.92,10.3115384615385,-2.28934065934066,89.56,4.62925,-7.65716666666667,1.02533333333333,19.435034965035,4.38993006993007,1.50643356643357,5.89862745098039,-5.35509803921569,0.937156862745098,10.784602739726,-2.29402739726027,434.05,2160,"Everson Creek"
"468",2005,9.66815217391304,-3.42869565217391,189.18,22.2930434782609,5.6204347826087,120,10.8797802197802,-2.04142857142857,114.13,4.82041666666667,-8.04108333333333,0.943416666666667,19.9866433566434,4.11895104895105,1.64636363636364,5.33990196078431,-5.96274509803922,1.52588235294118,10.9074246575342,-2.69621917808219,504.28,2160,"Everson Creek"
"469",2006,9.59695652173913,-3.46380434782609,135.71,24.0558695652174,7.19923913043478,63.38,10.0257142857143,-2.37956043956044,165.17,2.95325,-8.5035,1.49825,21.5563636363636,5.27363636363636,0.863146853146853,5.20225490196078,-6.07754901960784,1.77833333333333,10.8700821917808,-2.42794520547945,484.61,2160,"Everson Creek"
"470",2007,11.5603260869565,-2.37880434782609,99.43,25.1428260869565,7.63163043478261,65.97,10.3472527472527,-2.13637362637363,128.74,4.50716666666667,-7.83866666666667,1.13966666666667,22.2993006993007,5.57293706293706,0.997202797202797,4.40656862745098,-6.45401960784314,1.30117647058824,11.4496712328767,-2.19731506849315,412.08,2160,"Everson Creek"
"471",2008,7.34369565217391,-6.10021739130435,128.09,23.0558695652174,5.80869565217391,46.19,11.9384615384615,-1.38296703296703,78.72,1.57991666666667,-10.796,1.11625,20.2788111888112,3.91874125874126,0.89027972027972,6.05107843137255,-5.62009803921569,1.26411764705882,10.1552602739726,-3.5846301369863,390.2,2160,"Everson Creek"
"472",2009,8.80652173913044,-4.54967391304348,180.05,21.1741304347826,6.3629347826087,159.29,10.9024175824176,-2.29164835164835,82.14,3.285,-8.65825,1.76375,20.1973426573427,4.93706293706294,1.31,3.92676470588235,-7.64411764705882,0.874705882352941,10.0902739726027,-3.04846575342466,488.2,2160,"Everson Creek"
"473",2010,8.00923913043478,-4.43217391304348,200.68,20.9592391304348,5.40684782608696,145.58,11.3498901098901,-1.5067032967033,104.77,3.91533333333333,-7.72083333333333,1.0195,18.1828671328671,3.45965034965035,2.01839160839161,5.99401960784314,-5.32980392156863,1.47411764705882,10.0859726027397,-2.67235616438356,561.33,2160,"Everson Creek"
"474",2011,6.64217391304348,-5.03423913043478,241.41,22.4217391304348,5.92130434782609,98.97,11.566043956044,-1.85384615384615,108.29,1.43183333333333,-9.72175,1.6155,19.8229370629371,4.22342657342657,1.4486013986014,6.0693137254902,-6.17794117647059,1.15921568627451,9.93306849315069,-3.26797260273973,519.25,2160,"Everson Creek"
"475",2012,10.480652173913,-2.9945652173913,172,24.3775,6.85076086956522,32.81,12.5083516483516,-1.35912087912088,77.09,4.79225,-7.71208333333333,1.69933333333333,21.7514685314685,4.84097902097902,0.620979020979021,6.3221568627451,-5.28705882352941,1.30392156862745,11.8640821917808,-2.11635616438356,425.72,2160,"Everson Creek"
"476",2013,9.63663043478261,-3.9379347826087,90.26,24.623152173913,7.4720652173913,74,10.3969230769231,-1.54318681318681,143.75,3.25025,-9.38108333333333,0.647416666666667,21.9597202797203,6.07314685314685,1.07587412587413,4.37039215686274,-7.0471568627451,1.54803921568627,10.8932876712329,-2.67419178082192,389.44,2160,"Everson Creek"
"477",2014,10.4005434782609,-3.42010869565217,111.18,22.3296739130435,6.65760869565217,119.66,11.6254945054945,-1.49494505494505,116.48,4.34366666666667,-8.07683333333333,1.53225,20.5927272727273,4.8772027972028,1.0765034965035,6.27666666666667,-4.7721568627451,1.71333333333333,11.2499178082192,-2.07819178082192,512.57,2160,"Everson Creek"
"478",2015,11.355652173913,-2.27086956521739,154.43,23.5533695652174,7.42163043478261,98.51,11.4691208791209,-1.45494505494505,110.34,6.70625,-5.89016666666667,1.06658333333333,20.705034965035,5.73041958041958,1.59594405594406,5.78245098039216,-5.71705882352941,1.45970588235294,11.9325479452055,-1.28906849315068,505.1,2160,"Everson Creek"
"479",2016,10.3476086956522,-2.2120652173913,160.21,23.9039130434783,6.12217391304348,25.82,11.3603296703297,0.126483516483516,179.86,4.82791666666667,-6.86733333333333,1.192,20.7318881118881,4.61874125874126,0.824335664335664,5.34960784313725,-5.33509803921569,2.28029411764706,11.2045753424658,-1.93912328767123,493.51,2160,"Everson Creek"
"480",2017,10.1725,-2.48369565217391,160.68,24.0446739130435,7.21923913043478,69.03,9.78417582417582,-1.85692307692308,131.31,2.78958333333333,-8.17808333333333,2.06558333333333,21.5794405594406,5.51727272727273,1.24902097902098,4.6606862745098,-6.07088235294118,1.04764705882353,10.6739726027397,-2.22364383561644,533.34,2160,"Everson Creek"
"481",2018,9.91804347826087,-2.84804347826087,215.85,23.1417391304348,6.74336956521739,111.67,10.7453846153846,-2.45758241758242,55.14,3.57216666666667,-7.98758333333333,1.79691666666667,21.2995804195804,5.41398601398601,1.33748251748252,4.83774509803922,-6.62725490196078,0.703725490196078,10.871095890411,-2.35695890410959,478.67,2160,"Everson Creek"
"482",2019,8.75989130434783,-3.52695652173913,153.49,22.6017391304348,6.40663043478261,63.66,9.01934065934066,-3.15285714285714,118.17,2.64633333333333,-8.66583333333333,1.7435,20.0539160839161,5.10202797202797,1.19048951048951,3.84313725490196,-7.20970588235294,1.13705882352941,9.8007397260274,-2.86493150684932,495.44,2160,"Everson Creek"
"483",2020,9.26913043478261,-3.76804347826087,141.68,22.7389130434783,6.84173913043478,114.44,12.3886813186813,-1.83692307692308,85.52,2.9385,-8.97991666666667,1.50216666666667,20.9106293706294,5.2286013986014,1.2820979020979,6.73362745098039,-5.87049019607843,1.03323529411765,11.0401917808219,-2.54435616438356,468.99,2160,"Everson Creek"
"484",2000,15.193152173913,1.42978260869565,69.19,29.4846739130435,10.3348913043478,13.35,12.3840659340659,-0.563186813186813,103.51,7.8975,-3.70033333333333,0.768,26.5383216783217,8.81748251748252,0.513986013986014,5.93294117647059,-4.97058823529412,0.967941176470588,14.6516164383562,0.848931506849315,264.39,1404,"Fenced Pasture"
"485",2001,14.8788043478261,0.643152173913043,89.42,28.5863043478261,10.526847826087,63.43,16.3773626373626,2.22054945054945,68.62,5.33291666666667,-5.88625,0.877833333333333,26.8327972027972,8.8513986013986,0.655454545454546,8.84078431372549,-2.94911764705882,0.69,14.7364383561644,0.708465753424658,269.45,1404,"Fenced Pasture"
"486",2002,12.861847826087,-0.55445652173913,94.6,27.8107608695652,9.97804347826087,80.83,13.5953846153846,-0.399120879120879,36.04,5.28275,-6.09991666666667,0.852833333333333,25.406013986014,8.29937062937063,0.87027972027972,7.55245098039216,-3.6728431372549,0.49,13.8009315068493,0.219698630136986,276.77,1404,"Fenced Pasture"
"487",2003,14.1541304347826,0.955108695652174,110.49,30.3769565217391,11.1897826086957,37.97,15.2578021978022,0.513736263736264,29.99,6.82916666666667,-3.54333333333333,1.29683333333333,27.0421678321678,8.98797202797203,0.471398601398601,9.44794117647059,-2.8728431372549,0.628725490196078,15.4800547945205,1.55356164383562,287.16,1404,"Fenced Pasture"
"488",2004,15.7079347826087,1.21402173913043,94.67,26.9801086956522,9.67217391304348,79.47,13.8328571428571,0.617252747252747,76.08,7.7345,-4.6145,0.6645,24.281958041958,7.95832167832168,1.28636363636364,8.60941176470588,-2.65862745098039,0.658333333333333,14.4619726027397,0.85786301369863,330.84,1404,"Fenced Pasture"
"489",2005,14.3682608695652,0.527608695652174,111.27,27.3544565217391,9.55891304347826,71.71,13.9831868131868,0.447912087912088,89.36,7.54541666666667,-4.85,0.518333333333333,24.9748951048951,7.83965034965035,1.03615384615385,7.3006862745098,-3.75019607843137,1.10588235294118,14.3055616438356,0.428904109589041,323.17,1404,"Fenced Pasture"
"490",2006,14.3723913043478,0.542173913043478,102.24,29.2484782608696,10.8522826086957,44.47,13.8187912087912,0.473076923076923,131.83,6.27208333333333,-4.8505,1.07008333333333,26.7272727272727,8.76531468531469,0.62972027972028,7.8706862745098,-3.24401960784314,1.33529411764706,14.7327671232877,0.932849315068493,354.66,1404,"Fenced Pasture"
"491",2007,16.188152173913,0.971630434782609,68.55,30.0072826086957,10.87,44.69,13.5217582417582,0.322527472527472,108.51,7.63841666666667,-4.51683333333333,0.73825,27.2207692307692,8.82958041958042,0.585174825174825,6.97598039215686,-3.90558823529412,1.34666666666667,15.1252876712329,0.882849315068493,309.63,1404,"Fenced Pasture"
"492",2008,11.7234782608696,-1.87989130434783,100.99,28.1738043478261,9.37836956521739,29.16,15.2194505494505,1.01142857142857,62.15,4.48541666666667,-6.93016666666667,0.79575,25.378041958042,7.44902097902098,0.63041958041958,8.53794117647059,-3.11598039215686,0.829019607843137,13.8032328767123,-0.230794520547945,270.2,1404,"Fenced Pasture"
"493",2009,13.256847826087,-0.776086956521739,103.19,26.5298913043478,9.88271739130435,123.45,14.851978021978,0.319340659340659,51.09,5.92058333333333,-5.45075,1.14016666666667,25.477972027972,8.2934965034965,1.0313986013986,6.88127450980392,-5.02970588235294,0.557450980392157,13.8512602739726,0.0516438356164384,341.17,1404,"Fenced Pasture"
"494",2010,12.6052173913043,-0.830326086956522,94.54,25.969347826087,8.87565217391304,128.91,14.7132967032967,1.11428571428571,97.17,6.94066666666667,-4.62416666666667,0.54075,23.030979020979,6.86832167832168,1.56902097902098,8.29333333333333,-2.94294117647059,1.2771568627451,13.6225479452055,0.348191780821918,419.53,1404,"Fenced Pasture"
"495",2011,11.1630434782609,-0.810108695652174,141,27.4872826086957,9.11228260869565,59.92,15.4802197802198,0.702197802197802,69.8,4.34575,-6.09725,0.934166666666667,24.9181818181818,7.45384615384615,0.944475524475525,8.79098039215686,-3.66274509803922,0.726176470588235,13.6478630136986,-0.10786301369863,321.23,1404,"Fenced Pasture"
"496",2012,15.1979347826087,0.2825,98.99,29.3480434782609,10.0595652173913,37.77,15.9563736263736,1.13582417582418,64.71,8.2435,-4.29091666666667,0.814583333333333,26.6582517482517,7.98440559440559,0.47993006993007,9.27382352941176,-2.54333333333333,0.981078431372549,15.7459726027397,1.00668493150685,266.45,1404,"Fenced Pasture"
"497",2013,14.2234782608696,-0.337608695652174,58.35,29.9609782608696,10.5422826086957,49.13,13.7923076923077,0.711098901098901,83.95,6.126,-6.16266666666667,0.3905,27.3107692307692,9.16230769230769,0.646223776223776,6.58862745098039,-4.79382352941176,0.988137254901961,14.5550684931507,0.223890410958904,240.06,1404,"Fenced Pasture"
"498",2014,14.6003260869565,-0.0442391304347826,90.91,27.5004347826087,10.4548913043478,96.28,15.1004395604396,1.0756043956044,115.29,6.99066666666667,-5.04291666666667,1.23575,25.6559440559441,8.41013986013986,0.844195804195804,8.77970588235294,-2.20970588235294,1.60156862745098,14.8033150684932,1.01947945205479,432.37,1404,"Fenced Pasture"
"499",2015,15.9905434782609,0.914347826086957,114.73,28.8213043478261,10.9422826086957,47.25,14.946043956044,1.08274725274725,92.08,9.33225,-3.18983333333333,0.698583333333333,25.8742657342657,9.11048951048951,1.15321678321678,8.53019607843137,-3.14205882352941,1.10254901960784,15.5889589041096,1.64254794520548,361.2,1404,"Fenced Pasture"
"500",2016,15.0627173913043,1.30695652173913,115.44,28.9928260869565,9.6975,15.73,15.0743956043956,2.56241758241758,100.34,7.52341666666667,-4.14325,0.906833333333333,25.7393006993007,8.11286713286713,0.624545454545455,7.93882352941176,-3.02166666666667,1.42607843137255,14.7761369863014,0.971890410958904,343.59,1404,"Fenced Pasture"
"501",2017,14.3538043478261,1.28695652173913,182.55,29.0370652173913,10.6536956521739,49.68,13.1625274725275,1.04252747252747,141.94,5.27466666666667,-5.24483333333333,1.88125,26.3355944055944,8.8993006993007,1.07041958041958,7.12588235294118,-3.22647058823529,1.27323529411765,14.0432602739726,0.860602739726027,508.69,1404,"Fenced Pasture"
"502",2018,14.3932608695652,0.960652173913043,128.25,28.2798913043478,10.3671739130435,86.09,14.0558241758242,0.332747252747253,58.38,6.89325,-4.19258333333333,1.121,26.3613286713287,8.94727272727273,0.934405594405594,7.27519607843137,-3.84764705882353,0.761470588235294,14.6272054794521,1.05175342465753,345.81,1404,"Fenced Pasture"
"503",2019,13.0340217391304,0.291086956521739,103.02,28.2339130434783,10.4304347826087,22.12,12.3548351648352,-0.337032967032967,84.81,5.17508333333333,-5.33075,1.18308333333333,25.6739160839161,8.93363636363636,0.642937062937063,6.04323529411765,-4.71696078431373,0.778235294117647,13.4487397260274,0.429287671232877,313.29,1404,"Fenced Pasture"
"504",2020,13.4328260869565,-0.124347826086957,98.75,27.8683695652174,10.365652173913,105.1,15.969010989011,0.555934065934066,83.01,5.58883333333333,-6.0435,0.99825,25.8777622377622,8.65566433566434,1.12132867132867,9.16647058823529,-3.69872549019608,0.958039215686274,14.5374246575342,0.370602739726027,377.86,1404,"Fenced Pasture"
"505",2000,14.376847826087,0.936413043478261,93.14,28.2425,9.70282608695652,16.23,11.6067032967033,-0.844285714285714,137.79,7.271,-3.9105,0.957666666666667,25.3429370629371,8.21748251748252,0.716853146853147,5.26,-5.05843137254902,1.45137254901961,13.7892602739726,0.520219178082192,365.47,1448,"Fenster Creek"
"506",2001,13.9901086956522,0.561413043478261,113.59,27.8464130434783,10.4613043478261,85.3,15.5108791208791,2.36912087912088,91.3,4.78066666666667,-5.553,1.10108333333333,26.0732167832168,8.79608391608392,0.971888111888112,8.06813725490196,-2.57411764705882,1.05166666666667,14.0413698630137,0.901150684931507,378.38,1448,"Fenster Creek"
"507",2002,11.9192391304348,-0.719565217391304,95.79,26.8529347826087,9.91434782608696,98.98,12.9020879120879,-0.160989010989011,45.34,4.75616666666667,-5.78125,0.95325,24.4855244755245,8.21412587412587,0.990909090909091,6.97794117647059,-3.21882352941176,0.527450980392157,13.1066301369863,0.417945205479452,309.89,1448,"Fenster Creek"
"508",2003,13.3744565217391,0.949565217391304,142.91,29.34,11.4292391304348,49.09,14.1097802197802,0.864065934065934,50.35,6.144,-3.34633333333333,1.90991666666667,26.0341958041958,9.2,0.578041958041958,8.41519607843137,-2.49450980392157,0.938039215686274,14.5712876712329,1.80712328767123,407.53,1448,"Fenster Creek"
"509",2004,14.8035869565217,1.14760869565217,110.69,26.0860869565217,9.63663043478261,98.37,13.3238461538462,0.815164835164835,75.71,6.98916666666667,-4.47633333333333,0.926666666666667,23.4172727272727,7.86111888111888,1.52195804195804,8.15225490196078,-2.35921568627451,0.711862745098039,13.7504109589041,0.948876712328767,401.45,1448,"Fenster Creek"
"510",2005,13.8164130434783,0.275978260869565,134.03,26.5023913043478,9.44336956521739,85.81,12.856043956044,0.506263736263736,119.24,7.00791666666667,-4.82308333333333,0.676166666666667,24.1709090909091,7.69832167832168,1.2920979020979,6.27039215686275,-3.76127450980392,1.38764705882353,13.5259452054795,0.379287671232877,407.45,1448,"Fenster Creek"
"511",2006,13.7154347826087,0.41445652173913,107.94,28.2473913043478,10.874347826087,58.58,12.9981318681319,0.51978021978022,132.11,5.69316666666667,-4.8455,1.39508333333333,25.8308391608392,8.78608391608392,0.715664335664336,7.09598039215686,-3.17598039215686,1.46490196078431,13.9747397260274,0.961643835616438,419.17,1448,"Fenster Creek"
"512",2007,15.1784782608696,0.912282608695652,94.11,29.1617391304348,10.9422826086957,34.34,12.5321978021978,0.411978021978022,129.61,6.84325,-4.49933333333333,1.02191666666667,26.326013986014,8.87174825174825,0.514335664335664,6.07362745098039,-3.75950980392157,1.95598039215686,14.2611506849315,0.945945205479452,395.69,1448,"Fenster Creek"
"513",2008,10.9222826086957,-1.84836956521739,111.94,26.9870652173913,9.42586956521739,39.71,14.0734065934066,1.01956043956044,92.87,3.89841666666667,-6.77608333333333,1.13825,24.218951048951,7.48993006993007,0.725104895104895,7.54833333333333,-3.04372549019608,1.14274509803922,12.8795890410959,-0.143917808219178,356.84,1448,"Fenster Creek"
"514",2009,12.5046739130435,-0.832173913043478,137.54,25.5851086956522,9.9220652173913,133.58,13.9349450549451,0.54010989010989,62.47,5.08533333333333,-5.59941666666667,1.46191666666667,24.5448951048951,8.37286713286713,1.21629370629371,6.04039215686274,-4.85941176470588,0.702549019607843,12.9761095890411,0.0814520547945205,421.02,1448,"Fenster Creek"
"515",2010,12.0490217391304,-0.904239130434783,111.97,25.0360869565217,8.91630434782609,137.62,13.7065934065934,1.31791208791209,127.53,6.49683333333333,-4.47775,0.824083333333333,22.1451748251748,6.89111888111888,1.74020979020979,7.5328431372549,-2.77735294117647,1.67127450980392,12.9170684931507,0.451534246575342,518.21,1448,"Fenster Creek"
"516",2011,10.5980434782609,-0.849565217391304,175.15,26.3445652173913,9.24532608695652,77.71,14.3697802197802,1.07692307692308,82.21,3.74775,-6.12575,1.45125,23.8944055944056,7.55433566433566,1.10916083916084,7.75009803921569,-3.31529411764706,0.989411764705882,12.7592876712329,0.0192328767123287,433.68,1448,"Fenster Creek"
"517",2012,14.4032608695652,0.426521739130435,110.9,28.3323913043478,10.481847826087,52.14,14.7993406593407,1.52450549450549,80.25,7.51,-3.88808333333333,1.06116666666667,25.6451748251748,8.31839160839161,0.630769230769231,8.23470588235294,-2.13539215686274,1.35990196078431,14.8175342465753,1.38397260273973,356.25,1448,"Fenster Creek"
"518",2013,13.3505434782609,-0.00836956521739134,73.59,29.0014130434783,11.1309782608696,74.16,12.8121978021978,0.987362637362637,101.44,5.25558333333333,-5.74783333333333,0.581083333333333,26.4201398601399,9.61923076923077,0.906853146853147,5.54254901960784,-4.46382352941176,1.2471568627451,13.6276438356164,0.631506849315069,326.62,1448,"Fenster Creek"
"519",2014,13.5791304347826,0.00717391304347826,110.44,26.4523913043478,10.633152173913,109.77,13.9331868131868,1.3689010989011,138.71,5.97608333333333,-4.93908333333333,1.60133333333333,24.585034965035,8.55328671328671,0.998041958041958,7.84852941176471,-1.8471568627451,1.95813725490196,13.7899726027397,1.21101369863014,534.61,1448,"Fenster Creek"
"520",2015,15.0435869565217,1.0529347826087,122.93,27.9259782608696,11.2019565217391,45.8,13.9214285714286,1.51736263736264,120.53,8.44616666666667,-3.11116666666667,0.88075,24.9207692307692,9.32748251748252,1.26874125874126,7.74333333333333,-2.58823529411765,1.55872549019608,14.7041917808219,1.90819178082192,446.11,1448,"Fenster Creek"
"521",2016,14.220652173913,1.47369565217391,122.79,27.8764130434783,10.094347826087,28.6,14.1038461538462,2.88879120879121,104.24,6.94566666666667,-3.747,1.20483333333333,24.6592307692308,8.48664335664336,0.806923076923077,7.06598039215686,-2.61852941176471,1.56490196078431,13.9191232876712,1.3612602739726,419.59,1448,"Fenster Creek"
"522",2017,13.4741304347826,1.50858695652174,193.94,27.9420652173913,11.035,66.11,12.1771428571429,1.2910989010989,161.92,4.64233333333333,-4.977,2.06341666666667,25.2789510489511,9.20643356643357,1.15825174825175,6.035,-2.88029411764706,1.57264705882353,13.1165479452055,1.16572602739726,573.65,1448,"Fenster Creek"
"523",2018,13.4510869565217,1.08315217391304,153.19,26.9010869565217,10.4372826086957,106.53,12.8124175824176,0.768901098901099,81.25,5.972,-3.90616666666667,1.59958333333333,25.0518181818182,9.06874125874126,1.12342657342657,6.28058823529412,-3.40196078431373,1.04892156862745,13.5333424657534,1.31805479452055,459.59,1448,"Fenster Creek"
"524",2019,12.2985869565217,-0.0372826086956522,122.12,27.1630434782609,10.3104347826087,47.3,11.4007692307692,-0.281208791208791,91.25,4.55566666666667,-5.38766666666667,1.44466666666667,24.7164335664336,8.80034965034965,0.863706293706294,5.36,-4.45539215686274,0.867843137254902,12.6790410958904,0.431452054794521,385.39,1448,"Fenster Creek"
"525",2020,12.7966304347826,-0.435869565217391,110.97,26.6348913043478,9.9945652173913,132.55,14.6394505494505,0.436153846153846,95.82,5.11316666666667,-5.9115,1.23925,24.7258741258741,8.31125874125874,1.42027972027972,7.995,-3.72313725490196,1.19176470588235,13.6023835616438,0.272246575342466,473.37,1448,"Fenster Creek"
"526",2000,14.8563043478261,1.02891304347826,61.04,29.2327173913043,10.0279347826087,12.42,12.2601098901099,-0.875714285714286,99.26,7.65925,-4.13741666666667,0.79575,26.2739160839161,8.53195804195804,0.487902097902098,5.91901960784314,-5.33882352941176,0.88921568627451,14.4658082191781,0.490465753424658,255.96,1477,"Findley Basin"
"527",2001,14.585,0.200652173913043,90.75,28.1654347826087,10.0677173913043,54.46,16.1124175824176,1.75714285714286,75.96,5.15266666666667,-6.44441666666667,0.853666666666667,26.4072727272727,8.39741258741259,0.651468531468531,8.66176470588235,-3.49117647058824,0.691666666666667,14.4604383561644,0.195616438356164,266.15,1477,"Findley Basin"
"528",2002,12.6109782608696,-0.976304347826087,94.59,27.4888043478261,9.55021739130435,71.54,13.3886813186813,-0.818791208791209,38.59,5.048,-6.66825,0.850083333333333,25.0616783216783,7.86755244755245,0.795384615384615,7.39813725490196,-4.15490196078431,0.506176470588235,13.5457260273973,-0.271041095890411,267.38,1477,"Findley Basin"
"529",2003,13.8325,0.504565217391304,100.37,30.0316304347826,10.8077173913043,36.24,15.1701098901099,0.112307692307692,30.43,6.68058333333333,-3.9635,1.179,26.705034965035,8.59090909090909,0.445104895104895,9.41176470588235,-3.30343137254902,0.655686274509804,15.2890136986301,1.13953424657534,272.01,1477,"Findley Basin"
"530",2004,15.4069565217391,0.95554347826087,91.65,26.6664130434783,9.3645652173913,69.43,13.5795604395604,0.338461538461538,82.77,7.60883333333333,-4.91725,0.7065,23.9397202797203,7.68237762237762,1.18167832167832,8.47264705882353,-2.9571568627451,0.746862745098039,14.2483561643836,0.566794520547945,329.94,1477,"Findley Basin"
"531",2005,13.9977173913043,0.167065217391304,110.49,27.0104347826087,9.1375,71.33,14.0258241758242,0.0730769230769231,87.62,7.44625,-5.22175,0.54,24.6218881118881,7.4534965034965,1.00167832167832,7.39705882352941,-4.1,1.17813725490196,14.1615890410959,0.0576438356164384,328.21,1477,"Findley Basin"
"532",2006,14.0782608695652,0.0670652173913044,106.92,28.9920652173913,10.3711956521739,44.33,13.7064835164835,0.131538461538462,140.01,6.13725,-5.30633333333333,1.10033333333333,26.4328671328671,8.31503496503496,0.646013986013986,7.84794117647059,-3.60343137254902,1.46352941176471,14.5667397260274,0.50613698630137,373.7,1477,"Findley Basin"
"533",2007,16.0784782608696,0.58554347826087,71.37,29.7208695652174,10.4255434782609,46.51,13.5701098901099,-0.0537362637362637,100.95,7.63633333333333,-4.88966666666667,0.759,26.9724475524476,8.39531468531469,0.618881118881119,7.06078431372549,-4.31117647058824,1.26852941176471,15.0510136986301,0.476794520547945,308.97,1477,"Findley Basin"
"534",2008,11.6382608695652,-2.35891304347826,99.8,27.9698913043478,9.00315217391304,32.14,15.2740659340659,0.721428571428571,64.78,4.50108333333333,-7.40883333333333,0.790083333333333,25.2013286713287,7.07426573426573,0.653076923076923,8.61519607843137,-3.43509803921569,0.853235294117647,13.7607397260274,-0.624164383561644,275.23,1477,"Findley Basin"
"535",2009,13.0417391304348,-1.12260869565217,107.5,26.2459782608696,9.48858695652174,130.7,14.7541758241758,-0.0329670329670329,56.14,5.9435,-5.71266666666667,1.13866666666667,25.1835664335664,7.90783216783217,1.10405594405594,6.88254901960784,-5.38725490196078,0.595980392156863,13.7438082191781,-0.285479452054795,355.31,1477,"Findley Basin"
"536",2010,12.32,-1.26891304347826,101.97,25.7322826086957,8.46086956521739,128.43,14.7006593406593,0.726153846153846,93.08,6.76266666666667,-5.06958333333333,0.545416666666667,22.796993006993,6.4551048951049,1.57783216783217,8.30372549019608,-3.30039215686275,1.25794117647059,13.4752602739726,-0.060027397260274,419.39,1477,"Findley Basin"
"537",2011,10.9508695652174,-1.28423913043478,133.64,27.3114130434783,8.68380434782609,57.43,15.4461538461538,0.274175824175824,72.35,4.32633333333333,-6.48658333333333,0.925916666666667,24.7225174825175,7.04692307692308,0.873286713286713,8.86549019607843,-4.10019607843137,0.766960784313725,13.5856438356164,-0.517534246575343,314.22,1477,"Findley Basin"
"538",2012,14.9571739130435,-0.127282608695652,102.51,29.1223913043478,9.57847826086956,32.73,15.9576923076923,0.735054945054945,62.02,8.12016666666667,-4.79708333333333,0.903333333333333,26.4502797202797,7.54370629370629,0.428951048951049,9.2778431372549,-2.95872549019608,0.982745098039216,15.6250684931507,0.551534246575342,269.98,1477,"Findley Basin"
"539",2013,14.023152173913,-1.03217391304348,54.73,29.6863043478261,9.74923913043478,50.1,13.7742857142857,0.16989010989011,86.84,6.11316666666667,-6.88908333333333,0.3585,27.0266433566434,8.42825174825175,0.682377622377622,6.68539215686275,-5.35186274509804,0.963627450980392,14.4665753424658,-0.458465753424658,238.89,1477,"Findley Basin"
"540",2014,14.478152173913,-0.482065217391304,86.64,27.3072826086957,9.91010869565217,91.25,15.1320879120879,0.567142857142857,94.22,7.0335,-5.45441666666667,1.12016666666667,25.488041958042,7.89153846153846,0.783776223776224,8.82078431372549,-2.72137254901961,1.36392156862745,14.763095890411,0.538027397260274,385.62,1477,"Findley Basin"
"541",2015,15.8241304347826,0.457065217391304,94.66,28.6016304347826,10.369347826087,52.19,14.9615384615385,0.552637362637363,88.94,9.33375,-3.6245,0.713083333333333,25.6863636363636,8.57384615384615,1.02405594405594,8.54627450980392,-3.71107843137255,1.0693137254902,15.5203287671233,1.13038356164384,341.08,1477,"Findley Basin"
"542",2016,14.8990217391304,0.81554347826087,106.77,28.8317391304348,9.05728260869565,15.01,15.0105494505495,2.07945054945055,103.26,7.46208333333333,-4.69166666666667,0.80925,25.5839160839161,7.50874125874126,0.561818181818182,7.92852941176471,-3.5328431372549,1.3943137254902,14.6922191780822,0.412054794520548,319.67,1477,"Findley Basin"
"543",2017,14.2502173913043,0.714239130434783,155.26,28.9232608695652,10.0726086956522,47.51,13.1853846153846,0.503186813186813,117.8,5.19541666666667,-5.84341666666667,1.66408333333333,26.243986013986,8.35538461538462,1.01496503496503,7.25617647058824,-3.79725490196078,0.957549019607843,14.0177260273973,0.291205479452055,442.5,1477,"Findley Basin"
"544",2018,14.3209782608696,0.498369565217391,121.19,28.2517391304348,9.88358695652174,77.79,14.2095604395604,-0.174285714285714,55.18,6.94133333333333,-4.686,1.05016666666667,26.3179020979021,8.47195804195804,0.888881118881119,7.41794117647059,-4.39196078431373,0.718333333333333,14.6658904109589,0.551205479452055,326.4,1477,"Findley Basin"
"545",2019,12.9270652173913,-0.0443478260869566,100.99,27.9589130434783,9.92467391304348,26.02,12.3594505494505,-0.759340659340659,79.84,5.23041666666667,-5.80516666666667,1.17933333333333,25.3793006993007,8.47762237762238,0.666713286713287,6.06911764705882,-5.18843137254902,0.751372549019608,13.3587397260274,-0.0370958904109589,313.5,1477,"Findley Basin"
"546",2020,13.2583695652174,-0.494782608695652,101.24,27.6676086956522,9.95141304347826,96.86,16.0069230769231,0.204395604395604,72.91,5.54166666666667,-6.46841666666667,1.02558333333333,25.69,8.25230769230769,1.03545454545455,9.23205882352941,-4.08107843137255,0.897352941176471,14.4666849315068,-0.033972602739726,362.67,1477,"Findley Basin"
"547",2000,8.84228260869565,-2.77413043478261,153.26,22.2003260869565,6.54652173913043,29.8,7.42340659340659,-3.26527472527473,186.82,3.25175,-6.73675,1.56858333333333,19.3384615384615,5.01629370629371,1.21111888111888,2.37960784313725,-7.06852941176471,1.74303921568627,9.31049315068493,-2.22484931506849,539.21,2151,"Freeman Creek"
"548",2001,8.96336956521739,-3.00413043478261,153.37,22.0738043478261,6.9395652173913,120.62,10.7752747252747,-0.290549450549451,144.25,1.87358333333333,-8.15975,1.43891666666667,20.2239160839161,5.31048951048951,1.32699300699301,4.61127450980392,-4.88960784313725,1.76323529411765,9.82794520547945,-1.96852054794521,542.28,2151,"Freeman Creek"
"549",2002,7.0745652173913,-4.56782608695652,154.13,21.2988043478261,6.50010869565217,122.86,8.83549450549451,-2.41186813186813,67.24,1.26325,-8.89275,1.55491666666667,18.919020979021,4.79664335664336,1.36195804195804,3.84264705882353,-5.52401960784314,0.889901960784314,8.9012602739726,-2.5881095890411,472.12,2151,"Freeman Creek"
"550",2003,8.39913043478261,-2.72239130434783,244.5,23.5402173913043,8.10891304347826,69.65,9.54593406593407,-1.87076923076923,72.22,2.6365,-6.53883333333333,3.38391666666667,20.3627972027972,5.84461538461538,0.83972027972028,4.7093137254902,-5.16450980392157,1.52872549019608,10.1605753424658,-1.30317808219178,682.08,2151,"Freeman Creek"
"551",2004,9.45021739130435,-2.04217391304348,180.77,20.4616304347826,6.27097826086957,126.45,9.07285714285714,-1.52483516483516,112.34,3.47416666666667,-6.91966666666667,1.44441666666667,17.7632167832168,4.53559440559441,2.14874125874126,4.88598039215686,-4.3728431372549,1.21156862745098,9.46687671232877,-1.72,604.18,2151,"Freeman Creek"
"552",2005,8.66413043478261,-3.17163043478261,203.11,20.9152173913043,6.00663043478261,121.7,9.23791208791209,-1.69791208791209,195.34,3.78216666666667,-7.22425,1.33641666666667,18.6674825174825,4.40657342657343,1.73888111888112,3.69862745098039,-5.65029411764706,2.47323529411765,9.59060273972603,-2.22767123287671,661.3,2151,"Freeman Creek"
"553",2006,8.88815217391304,-3.18478260869565,141.87,22.8277173913043,7.63271739130435,90.33,9.02230769230769,-1.82010989010989,214.16,2.23341666666667,-7.81116666666667,2.29416666666667,20.451958041958,5.71713286713287,1.00713286713287,4.06549019607843,-5.48539215686275,2.65186274509804,9.88306849315068,-1.86109589041096,689.81,2151,"Freeman Creek"
"554",2007,10.4646739130435,-2.19119565217391,156.43,24.0533695652174,8.03282608695652,59.25,8.97384615384615,-1.85428571428571,210.39,3.53658333333333,-7.20325,1.67983333333333,21.1860839160839,5.91944055944056,1.0906993006993,3.05049019607843,-6.02372549019608,3.04343137254902,10.3154794520548,-1.73241095890411,667.98,2151,"Freeman Creek"
"555",2008,6.56565217391304,-5.68315217391304,182.59,21.4589130434783,6.20771739130435,67.7,10.2965934065934,-0.937362637362637,162.47,0.89875,-9.96391666666667,2.089,18.7758041958042,4.3172027972028,1.14125874125874,4.56666666666667,-5.05539215686275,2.11745098039216,8.92764383561644,-2.99715068493151,629.86,2151,"Freeman Creek"
"556",2009,7.96021739130435,-4.34369565217391,272.81,20.108152173913,6.45239130434783,191.51,9.67373626373626,-1.7856043956044,112.89,2.15525,-8.26375,2.76091666666667,19.099020979021,5.06230769230769,1.83216783216783,2.64264705882353,-7.13264705882353,1.36,8.92969863013699,-2.72676712328767,732.03,2151,"Freeman Creek"
"557",2010,7.55619565217391,-4.21739130434783,193.47,19.7495652173913,5.64836956521739,175.62,9.91131868131868,-0.926483516483516,179.76,3.32533333333333,-7.07533333333333,1.41491666666667,17.0614685314685,3.69482517482517,2.37293706293706,4.72647058823529,-4.78558823529412,2.28666666666667,9.09843835616438,-2.21591780821918,742.36,2151,"Freeman Creek"
"558",2011,6.11978260869565,-4.69945652173913,324.09,21.045,6.26326086956522,124.95,10.143956043956,-1.07615384615385,109.97,0.805333333333333,-9.00425,2.93725,18.6538461538462,4.59391608391608,1.72671328671329,4.6071568627451,-5.32647058823529,1.54519607843137,8.86046575342466,-2.64898630136986,757,2151,"Freeman Creek"
"559",2012,9.5120652173913,-2.70391304347826,203.94,23.0459782608696,7.40782608695652,92.78,10.8895604395604,-0.702527472527472,125.28,3.7465,-6.788,2.13725,20.4271328671329,5.3248951048951,1.08195804195804,4.81313725490196,-4.48588235294118,2.25039215686275,10.5797260273973,-1.39906849315068,640.73,2151,"Freeman Creek"
"560",2013,8.51119565217391,-3.49586956521739,114.77,23.2735869565217,8.14326086956522,110.45,9.0343956043956,-1.12505494505495,176.89,2.02758333333333,-8.40408333333333,1.13083333333333,20.8296503496504,6.57048951048951,1.27916083916084,2.79901960784314,-6.28519607843137,2.14362745098039,9.60945205479452,-1.94520547945205,537.27,2151,"Freeman Creek"
"561",2014,8.93141304347826,-3.1725,176.88,20.9419565217391,7.15380434782609,132.25,9.99263736263736,-0.870659340659341,172.53,2.6435,-7.43908333333333,2.89858333333333,19.1920979020979,5.28160839160839,1.24769230769231,4.8506862745098,-4.04264705882353,2.60274509803922,9.74372602739726,-1.50621917808219,791.73,2151,"Freeman Creek"
"562",2015,10.2433695652174,-1.87402173913043,145.62,22.5792391304348,8.03076086956522,69.5,10.1215384615385,-0.556593406593407,162.2,5.31358333333333,-5.45125,1.2185,19.673986013986,6.21363636363636,1.50286713286713,4.79450980392157,-4.47480392156863,2.27392156862745,10.7946575342466,-0.608301369863014,593.07,2151,"Freeman Creek"
"563",2016,9.53858695652174,-1.66434782608696,202.91,22.4175,6.78913043478261,53.43,10.1335164835165,0.777802197802198,145.09,4.13841666666667,-5.77825,2.00716666666667,19.3497202797203,5.25888111888112,1.16769230769231,4.13529411764706,-4.27598039215686,2.1143137254902,10.0970410958904,-1.03430136986301,623.5,2151,"Freeman Creek"
"564",2017,9.27239130434783,-1.91217391304348,230.07,22.850652173913,8.10880434782609,94.92,8.46703296703297,-1.35626373626374,211.66,1.9275,-7.45633333333333,2.61116666666667,20.4245454545455,6.28300699300699,1.52608391608392,3.24813725490196,-5.10823529411765,2.24343137254902,9.54334246575342,-1.41734246575342,760.4,2151,"Freeman Creek"
"565",2018,9.07923913043478,-2.25402173913043,243.53,21.5139130434783,7.1725,132.55,9.10241758241758,-1.38791208791209,138.41,2.52883333333333,-6.92291666666667,2.55816666666667,19.7976923076923,5.90034965034965,1.50909090909091,3.45990196078431,-5.51009803921569,1.78235294117647,9.5546301369863,-1.50419178082192,704.58,2151,"Freeman Creek"
"566",2019,7.94913043478261,-3.31804347826087,162.46,21.2621739130435,6.9425,62.72,7.59472527472527,-2.49472527472527,129.67,1.75725,-8.21625,2.06875,18.9416083916084,5.59230769230769,1.10013986013986,2.64196078431373,-6.24607843137255,1.32039215686275,8.73698630136986,-2.25575342465753,540.25,2151,"Freeman Creek"
"567",2020,8.35847826086957,-3.6845652173913,165.39,21.0134782608696,6.89836956521739,178.1,10.4576923076923,-1.41879120879121,131.64,2.03475,-8.05416666666667,2.27808333333333,19.3514685314685,5.29559440559441,1.94846153846154,4.85960784313725,-5.28156862745098,1.65705882352941,9.60852054794521,-2.04917808219178,721.02,2151,"Freeman Creek"
"568",2000,9.17804347826087,-3.18315217391304,108.22,23.1769565217391,6.41423913043478,30.3,7.76197802197802,-3.87483516483516,134.14,3.62816666666667,-7.37175,0.964416666666667,20.2606293706294,4.8606993006993,0.818111888111888,2.85637254901961,-7.79186274509804,1.2278431372549,9.92876712328767,-2.69671232876712,357.96,2210,"Freestrip"
"569",2001,9.48478260869565,-3.56108695652174,103.85,22.6566304347826,6.49684782608696,102.18,11.653956043956,-0.728131868131868,93.24,2.29925,-8.87591666666667,0.911833333333333,20.7488811188811,4.83034965034965,1.0041958041958,5.78156862745098,-5.32441176470588,0.90578431372549,10.500602739726,-2.51358904109589,345.41,2210,"Freestrip"
"570",2002,7.51163043478261,-5.1925,125.39,22.1563043478261,6.15782608695652,107.59,9.42681318681319,-3.11274725274725,70.37,1.46825,-9.90458333333333,1.06275,19.6774825174825,4.53118881118881,1.22566433566434,4.49372549019608,-6.58558823529412,0.581862745098039,9.44775342465753,-3.32142465753425,362.15,2210,"Freestrip"
"571",2003,8.61630434782609,-3.42684782608696,172.32,24.0741304347826,7.2770652173913,53.21,10.4763736263736,-2.7289010989011,30.91,2.99875,-7.65033333333333,1.94033333333333,20.9121678321678,5.0413986013986,0.67013986013986,5.73647058823529,-5.96058823529412,0.618235294117647,10.7819452054795,-2.20575342465753,391.73,2210,"Freestrip"
"572",2004,9.9979347826087,-2.50521739130435,154.79,20.9636956521739,5.69315217391304,119.89,9.69065934065934,-2.27912087912088,103.07,3.94775,-7.52308333333333,0.802416666666667,18.4490909090909,4.07132867132867,1.84496503496504,5.345,-5.2428431372549,0.857549019607843,10.0195616438356,-2.34339726027397,447.59,2210,"Freestrip"
"573",2005,8.7120652173913,-3.70902173913043,179.59,21.3316304347826,5.56282608695652,131.93,10.5581318681319,-1.89384615384615,114.02,4.02608333333333,-8.02833333333333,0.738333333333333,19.1081818181818,4.01454545454545,1.73307692307692,5.16852941176471,-5.66176470588235,1.31539215686275,10.2542191780822,-2.64882191780822,470.6,2210,"Freestrip"
"574",2006,9.05489130434783,-3.53913043478261,121.83,23.4661956521739,7.17478260869565,83.66,9.50758241758242,-2.36505494505495,156.21,2.52716666666667,-8.36458333333333,1.19858333333333,20.9676923076923,5.23391608391608,1.09125874125874,4.78774509803922,-5.96333333333333,1.50754901960784,10.3835342465753,-2.36591780821918,453.65,2210,"Freestrip"
"575",2007,10.8553260869565,-2.58369565217391,116.12,24.6397826086957,7.51358695652174,80.26,9.81142857142857,-2.24054945054945,124.9,3.8975,-7.84625,1.07,21.728951048951,5.40524475524476,1.16881118881119,3.87274509803922,-6.52519607843137,1.31519607843137,10.876602739726,-2.28539726027397,429.69,2210,"Freestrip"
"576",2008,6.38173913043478,-6.23869565217391,128.4,22.2248913043478,5.5329347826087,46.29,11.2696703296703,-1.53098901098901,94.4,0.75225,-10.8908333333333,1.03091666666667,19.366993006993,3.65559440559441,0.959300699300699,5.47098039215686,-5.83313725490196,1.31441176470588,9.36380821917808,-3.77843835616438,394.96,2210,"Freestrip"
"577",2009,7.96521739130435,-4.8704347826087,181.76,20.4086956521739,6.02445652173913,159.2,10.0942857142857,-2.54945054945055,105.42,2.512,-8.82816666666667,1.66233333333333,19.4527972027972,4.64083916083916,1.27776223776224,3.10450980392157,-7.95990196078431,1.03352941176471,9.31465753424657,-3.3086301369863,487.62,2210,"Freestrip"
"578",2010,7.33673913043478,-4.69358695652174,205.07,20.3230434782609,5.1745652173913,138.84,10.8438461538462,-1.80296703296703,92.82,3.31733333333333,-7.96308333333333,1.04158333333333,17.5569230769231,3.20517482517483,1.95174825174825,5.55147058823529,-5.65450980392157,1.17901960784314,9.52046575342466,-2.94243835616438,524.35,2210,"Freestrip"
"579",2011,5.98391304347826,-5.29554347826087,216.92,21.7508695652174,5.71641304347826,104.2,11.0040659340659,-2.01791208791209,100.03,0.766916666666667,-9.88908333333333,1.26975,19.1116083916084,3.98958041958042,1.49482517482517,5.58696078431373,-6.23137254901961,1.10166666666667,9.30098630136986,-3.42953424657534,478.5,2210,"Freestrip"
"580",2012,9.91945652173913,-3.21130434782609,152.15,23.7847826086957,6.71010869565217,36.78,11.8131868131868,-1.55637362637363,69.46,4.26691666666667,-7.68366666666667,1.26833333333333,21.1195104895105,4.65314685314685,0.656503496503496,5.6971568627451,-5.48460784313725,1.16647058823529,11.2691232876712,-2.23580821917808,365.06,2210,"Freestrip"
"581",2013,8.84380434782609,-4.1229347826087,92.61,23.9497826086957,7.30130434782609,69.43,9.84120879120879,-1.64043956043956,134.33,2.58216666666667,-9.2725,0.53725,21.2952447552448,5.88664335664336,1.08811188811189,3.87058823529412,-7.01450980392157,1.40774509803922,10.2736438356164,-2.70243835616438,363.66,2210,"Freestrip"
"582",2014,9.52347826086956,-3.66847826086957,107.01,21.5695652173913,6.36141304347826,125.3,10.8716483516484,-1.73758241758242,105.56,3.43808333333333,-8.41066666666667,1.41533333333333,19.7734965034965,4.57566433566434,1.17972027972028,5.74862745098039,-4.94862745098039,1.51852941176471,10.4836712328767,-2.35539726027397,493.43,2210,"Freestrip"
"583",2015,10.5634782608696,-2.45173913043478,166.53,22.9101086956522,7.16336956521739,101.35,10.9402197802198,-1.4510989010989,109.32,6.1965,-5.92625,0.844916666666667,20.0186713286713,5.50300699300699,1.7048951048951,5.36039215686275,-5.64352941176471,1.36235294117647,11.3781095890411,-1.36947945205479,484.15,2210,"Freestrip"
"584",2016,9.55619565217391,-2.3979347826087,172.19,23.32,5.94239130434783,34.64,11.0541758241758,0.138131868131868,175.17,4.35375,-6.63691666666667,1.14,20.091048951049,4.45643356643357,0.91951048951049,5.15019607843137,-5.275,2.17196078431373,10.7418904109589,-1.91016438356164,489.83,2210,"Freestrip"
"585",2017,9.62445652173913,-2.49163043478261,149.82,23.4414130434783,7.06532608695652,74,9.33637362637363,-2.13626373626374,125.73,2.52308333333333,-7.96466666666667,1.59075,20.9840559440559,5.3372027972028,1.29636363636364,4.3643137254902,-6.13862745098039,1.08098039215686,10.2702739726027,-2.24295890410959,486.53,2210,"Freestrip"
"586",2018,9.19010869565217,-3.04173913043478,204.17,22.3345652173913,6.45771739130435,129.17,10.0782417582418,-2.60593406593407,54.12,2.87266666666667,-8.18741666666667,1.54566666666667,20.524965034965,5.14678321678322,1.50685314685315,4.27901960784314,-6.78539215686274,0.680392156862745,10.1815068493151,-2.57153424657534,470.36,2210,"Freestrip"
"587",2019,7.93673913043478,-4.20141304347826,151.71,21.9040217391304,5.97489130434783,67,8.44021978021978,-3.50868131868132,110.89,1.91591666666667,-9.38533333333333,1.4525,19.3861538461538,4.68629370629371,1.24615384615385,3.42843137254902,-7.40078431372549,1.07460784313725,9.18309589041096,-3.31775342465753,462.11,2210,"Freestrip"
"588",2020,8.64771739130435,-4.17695652173913,109.41,22.2354347826087,6.47815217391304,105.81,11.8875824175824,-2.14153846153846,71.66,2.45875,-9.02708333333333,1.27216666666667,20.4083916083916,4.84825174825175,1.13160839160839,6.4456862745098,-5.98529411764706,0.776176470588235,10.6052328767123,-2.74095890410959,393.65,2210,"Freestrip"
"589",2000,11.5467391304348,-1.06978260869565,117.54,25.2717391304348,7.89304347826087,23.44,9.4656043956044,-2.29593406593407,165.45,5.24183333333333,-5.50875,1.182,22.3767132867133,6.41132867132867,0.886993006993007,3.82725490196078,-6.28274509803922,1.59205882352941,11.5596438356164,-1.05498630136986,431.07,1820,"Geertson Creek"
"590",2001,11.3702173913043,-1.38586956521739,130.13,24.9079347826087,8.49163043478261,100.74,13.2163736263736,0.909450549450549,115.55,3.2065,-7.03016666666667,1.18516666666667,23.0801398601399,6.85475524475524,1.11370629370629,6.50333333333333,-3.83764705882353,1.30127450980392,11.9139178082192,-0.698164383561644,434.21,1820,"Geertson Creek"
"591",2002,9.50597826086956,-2.84076086956522,134.33,24.0761956521739,8.0779347826087,110.62,10.8648351648352,-1.48659340659341,58.34,3.02233333333333,-7.53041666666667,1.29758333333333,21.709020979021,6.3793006993007,1.17251748251748,5.45656862745098,-4.61382352941177,0.66343137254902,11.0236712328767,-1.26580821917808,391.05,1820,"Geertson Creek"
"592",2003,10.7377173913043,-1.13923913043478,184.09,26.3073913043478,9.44260869565217,56.72,11.8621978021978,-0.792637362637363,64.59,4.35666666666667,-5.24016666666667,2.3835,23.0741958041958,7.20454545454545,0.698531468531469,6.64617647058824,-4.09450980392157,1.13480392156863,12.3296438356164,-0.0444109589041096,501.66,1820,"Geertson Creek"
"593",2004,12.0329347826087,-0.608152173913043,141.68,23.1328260869565,7.66163043478261,100.6,11.1738461538462,-0.639120879120879,96.71,5.18766666666667,-5.85275,1.02058333333333,20.4783216783217,5.94825174825175,1.72524475524476,6.53480392156863,-3.64421568627451,0.928725490196078,11.5547123287671,-0.612164383561644,463.91,1820,"Geertson Creek"
"594",2005,11.101847826087,-1.63489130434783,172.4,23.585652173913,7.50336956521739,98.8,11.1586813186813,-0.724505494505495,155.13,5.29975,-6.2505,0.960416666666667,21.3181118881119,5.85573426573427,1.4534965034965,5.1621568627451,-4.77235294117647,1.88411764705882,11.5369863013699,-1.09443835616438,515.28,1820,"Geertson Creek"
"595",2006,11.205,-1.59630434782609,131.83,25.4527173913043,8.99043478260869,73.86,10.9962637362637,-0.887802197802198,162.37,3.92141666666667,-6.52308333333333,1.65608333333333,23.050979020979,7.00818181818182,0.851958041958042,5.6421568627451,-4.53637254901961,1.87794117647059,11.8968767123288,-0.666602739726027,512.11,1820,"Geertson Creek"
"596",2007,12.7525,-0.829347826086957,125.15,26.5167391304348,9.18032608695652,45.5,10.780989010989,-0.930659340659341,167.13,5.14766666666667,-6.07191666666667,1.26233333333333,23.6631468531469,7.11328671328671,0.830979020979021,4.61372549019608,-5.10509803921569,2.18186274509804,12.2524657534247,-0.636027397260274,492.86,1820,"Geertson Creek"
"597",2008,8.55097826086956,-3.97847826086957,145.48,24.155,7.60097826086957,51.13,12.2195604395604,-0.130989010989011,138.45,2.272,-8.5945,1.45,21.403006993007,5.69538461538462,0.915174825174825,6.13107843137255,-4.22617647058824,1.63098039215686,10.8455890410959,-1.7752602739726,471.23,1820,"Geertson Creek"
"598",2009,10.065,-2.78086956521739,194.95,22.6770652173913,7.9475,163.08,11.7453846153846,-0.865164835164835,91.1,3.542,-7.07125,1.99175,21.6634965034965,6.49769230769231,1.4793006993007,4.325,-6.23019607843137,1.04823529411765,10.8604657534247,-1.52016438356164,557.47,1820,"Geertson Creek"
"599",2010,9.64576086956522,-2.78684782608696,149.36,22.3159782608696,7.0925,152.85,11.8472527472527,-0.0334065934065935,153.87,4.81783333333333,-6.06725,1.11508333333333,19.5193006993007,5.10300699300699,2.03020979020979,6.18411764705882,-4.0106862745098,1.87137254901961,10.959397260274,-1.11624657534247,615.01,1820,"Geertson Creek"
"600",2011,8.24836956521739,-2.98021739130435,242.73,23.6723913043478,7.53097826086957,91.4,12.317032967033,-0.347912087912088,85.59,2.19741666666667,-7.783,2.08891666666667,21.2190909090909,5.84300699300699,1.37440559440559,6.28872549019608,-4.61147058823529,1.11098039215686,10.7930684931507,-1.55830136986301,560.53,1820,"Geertson Creek"
"601",2012,11.9169565217391,-1.38989130434783,166.92,25.6522826086957,8.53804347826087,88.25,12.8494505494505,0.00846153846153845,102.25,5.616,-5.64816666666667,1.60466666666667,22.997972027972,6.44293706293706,0.972027972027972,6.54205882352941,-3.73617647058824,1.74764705882353,12.6847123287671,-0.376794520547945,509.82,1820,"Geertson Creek"
"602",2013,10.8430434782609,-1.995,95.35,26.0480434782609,9.32086956521739,84.56,10.9281318681319,-0.255054945054945,132.92,3.64091666666667,-7.28066666666667,0.828333333333333,23.5151048951049,7.80965034965035,1.02874125874126,4.24598039215686,-5.52813725490196,1.56039215686275,11.5963287671233,-0.878821917808219,405.67,1820,"Geertson Creek"
"603",2014,11.2159782608696,-1.79891304347826,136.34,23.6128260869565,8.58086956521739,125.13,11.9886813186813,-0.0196703296703297,150.72,4.3095,-6.423,2.13358333333333,21.8051748251748,6.61755244755245,1.15426573426573,6.42676470588235,-3.18656862745098,2.215,11.7556438356164,-0.409534246575342,647.02,1820,"Geertson Creek"
"604",2015,12.5561956521739,-0.645652173913044,140.73,25.1386956521739,9.27478260869565,54.78,12.0401098901099,0.223186813186813,136.68,6.95633333333333,-4.4315,1.07658333333333,22.1860839160839,7.47202797202797,1.37909090909091,6.29843137254902,-3.79823529411765,1.74225490196078,12.7392054794521,0.409041095890411,504.11,1820,"Geertson Creek"
"605",2016,11.748152173913,-0.320760869565217,170.95,25.1461956521739,8.08880434782609,41.93,12.1717582417582,1.60725274725275,125.35,5.51883333333333,-4.94008333333333,1.67633333333333,21.9682517482517,6.55405594405594,0.977132867132867,5.69470588235294,-3.66529411764706,1.84313725490196,12.0125479452055,-0.0806575342465753,528.89,1820,"Geertson Creek"
"606",2017,11.323152173913,-0.354456521739131,217.88,25.338152173913,9.2104347826087,74.88,10.3392307692308,-0.283956043956044,185.93,3.31758333333333,-6.30775,2.32016666666667,22.784965034965,7.42118881118881,1.2851048951049,4.78578431372549,-4.18480392156863,1.92176470588235,11.3548219178082,-0.335753424657534,658.21,1820,"Geertson Creek"
"607",2018,11.1592391304348,-0.847934782608696,195.4,24.165652173913,8.49608695652174,115.67,10.9823076923077,-0.624615384615385,110.27,4.22508333333333,-5.70683333333333,1.9785,22.3723776223776,7.17174825174825,1.32223776223776,4.91892156862745,-4.75647058823529,1.35705882352941,11.5287397260274,-0.395671232876712,564.92,1820,"Geertson Creek"
"608",2019,9.93641304347826,-1.97771739130435,145.9,24.2009782608696,8.29380434782609,35.14,9.52978021978022,-1.6378021978022,122,3.03775,-7.13,1.74175,21.7781818181818,6.87895104895105,0.864685314685315,4.05882352941176,-5.60009803921569,1.18852941176471,10.6652328767123,-1.21402739726027,453.89,1820,"Geertson Creek"
"609",2020,10.4448913043478,-2.28891304347826,132.42,23.8923913043478,8.20663043478261,154.42,12.7018681318681,-0.712527472527473,109.19,3.503,-7.2395,1.73491666666667,22.0863636363636,6.57734265734266,1.66559440559441,6.65392156862745,-4.66852941176471,1.32137254901961,11.6641369863014,-1.10786301369863,581.15,1820,"Geertson Creek"
"610",2000,10.9021739130435,-1.65815217391304,101.24,25.0272826086957,7.89586956521739,16.62,9.30142857142857,-2.47263736263736,140.36,4.85633333333333,-6.07433333333333,1.04125,22.0527272727273,6.28097902097902,0.770489510489511,3.9493137254902,-6.50382352941176,1.15156862745098,11.3400821917808,-1.35378082191781,352.59,1974,"Grouse Creek"
"611",2001,11.4125,-2.02923913043478,129.94,24.5922826086957,8.04065217391304,82.74,13.113956043956,0.433406593406593,93.4,3.45966666666667,-7.701,1.26683333333333,22.7608391608392,6.37237762237762,0.822867132867133,6.61990196078431,-4.41107843137255,1.05392156862745,11.9046301369863,-1.26794520547945,377.19,1974,"Grouse Creek"
"612",2002,9.51152173913044,-3.3845652173913,140.19,23.9790217391304,7.49239130434783,96.06,10.8523076923077,-1.9921978021978,58.71,2.98958333333333,-8.32983333333333,1.20308333333333,21.5634265734266,5.83748251748252,1.16496503496503,5.48960784313725,-5.32509803921569,0.662941176470588,10.965095890411,-1.93967123287671,378.58,1974,"Grouse Creek"
"613",2003,10.5804347826087,-1.92347826086957,167.02,26.240652173913,8.73489130434783,45.37,12.0804395604396,-1.36164835164835,46.89,4.41083333333333,-6.00341666666667,1.98316666666667,22.9886013986014,6.46895104895105,0.617062937062937,6.99127450980392,-4.62078431372549,0.926274509803922,12.4103561643836,-0.730602739726027,420.7,1974,"Grouse Creek"
"614",2004,11.988152173913,-1.0929347826087,138.03,23.0919565217391,7.1745652173913,95.72,10.9942857142857,-1.22373626373626,106.37,5.35308333333333,-6.31058333333333,0.921666666666667,20.4320979020979,5.48734265734266,1.65370629370629,6.43333333333333,-4.26401960784314,0.979117647058824,11.5626301369863,-1.11646575342466,446.95,1974,"Grouse Creek"
"615",2005,10.7959782608696,-2.21913043478261,165.46,23.4238043478261,6.93065217391304,97.94,11.416043956044,-1.03956043956044,133.55,5.43308333333333,-6.74508333333333,0.83125,21.0956643356643,5.33699300699301,1.37678321678322,5.60333333333333,-4.97186274509804,1.70303921568627,11.6169589041096,-1.51602739726027,470.34,1974,"Grouse Creek"
"616",2006,10.6377173913043,-2.18173913043478,137.02,25.0896739130435,8.50336956521739,67.69,10.7954945054945,-1.30989010989011,187.09,3.69575,-7.0985,1.51225,22.6002797202797,6.53202797202797,0.918111888111888,5.76901960784314,-4.95901960784314,1.94127450980392,11.6815616438356,-1.16043835616438,510.77,1974,"Grouse Creek"
"617",2007,12.4841304347826,-1.2979347826087,104.39,26.1384782608696,8.78108695652174,61.87,10.8298901098901,-1.26637362637363,146.1,5.12791666666667,-6.53233333333333,1.08325,23.2873426573427,6.70433566433566,0.921678321678322,4.77323529411765,-5.52205882352941,1.72725490196078,12.1433150684932,-1.06413698630137,437.97,1974,"Grouse Creek"
"618",2008,8.21445652173913,-4.72695652173913,142.06,23.9067391304348,7.05717391304348,50.97,12.3930769230769,-0.429230769230769,103.16,2.17425,-9.28708333333333,1.17591666666667,21.1486013986014,5.12055944055944,0.943146853146853,6.37245098039216,-4.58862745098039,1.33225490196078,10.7812328767123,-2.32945205479452,411.87,1974,"Grouse Creek"
"619",2009,9.60010869565217,-3.33565217391304,181.92,22.2114130434783,7.42673913043478,156.36,11.5916483516484,-1.27725274725275,81.14,3.66291666666667,-7.37366666666667,1.77366666666667,21.1737762237762,5.99678321678322,1.34776223776224,4.41647058823529,-6.61186274509804,0.901470588235294,10.7339178082192,-1.92249315068493,497.52,1974,"Grouse Creek"
"620",2010,8.95815217391304,-3.36489130434783,162.95,21.8478260869565,6.4979347826087,160.5,11.8548351648352,-0.493516483516484,111.18,4.50358333333333,-6.54641666666667,0.847583333333333,19.0479020979021,4.50706293706294,2.08013986013986,6.3221568627451,-4.32980392156863,1.56941176470588,10.7099726027397,-1.59643835616438,559.25,1974,"Grouse Creek"
"621",2011,7.56228260869565,-3.74652173913043,222.55,23.3648913043478,7.01163043478261,86.87,12.2923076923077,-0.826923076923077,93.69,2.00066666666667,-8.34766666666667,1.59675,20.8024475524476,5.32307692307692,1.33307692307692,6.51558823529412,-5.09764705882353,1.01656862745098,10.6285479452055,-2.08350684931507,485.93,1974,"Grouse Creek"
"622",2012,11.3891304347826,-1.97630434782609,153.96,25.3183695652174,7.97978260869565,41.66,13.018021978022,-0.312087912087912,97.4,5.43491666666667,-6.41966666666667,1.39416666666667,22.6558741258741,5.95412587412587,0.645314685314685,6.74705882352941,-4.18607843137255,1.5156862745098,12.5484383561644,-0.947671232876712,414.18,1974,"Grouse Creek"
"623",2013,10.4697826086957,-2.80630434782609,80.74,25.6135869565217,8.57336956521739,77.6,10.9030769230769,-0.773956043956044,134.11,3.73216666666667,-8.11275,0.611416666666667,22.986013986014,7.11286713286713,0.954335664335664,4.56852941176471,-6.14480392156863,1.50509803921569,11.5091780821918,-1.59769863013699,363.36,1974,"Grouse Creek"
"624",2014,11.0651086956522,-2.35815217391304,120.59,23.2322826086957,7.8620652173913,119.63,12.0824175824176,-0.544505494505495,134.05,4.6025,-6.94,1.566,21.4647552447552,6.01839160839161,1.08370629370629,6.56490196078431,-3.79960784313726,1.85039215686275,11.7572054794521,-0.985561643835616,531.63,1974,"Grouse Creek"
"625",2015,12.1633695652174,-1.26684782608696,143.48,24.588152173913,8.63326086956522,69.87,12.0405494505495,-0.376483516483516,119.96,6.99966666666667,-4.89108333333333,0.997666666666667,21.6932167832168,6.85167832167832,1.38041958041958,6.28764705882353,-4.53852941176471,1.46823529411765,12.5573424657534,-0.191972602739726,466.88,1974,"Grouse Creek"
"626",2016,11.3076086956522,-1.06119565217391,162.01,24.8420652173913,7.40967391304348,30.78,12.0495604395604,0.999340659340659,130.03,5.342,-5.71975,1.35766666666667,21.6563636363636,5.82559440559441,0.726923076923077,5.77019607843137,-4.36460784313725,1.84411764705882,11.8533150684932,-0.817808219178082,454.97,1974,"Grouse Creek"
"627",2017,11.0080434782609,-1.31434782608696,190.07,25.0397826086957,8.54619565217391,60.5,10.3493406593407,-0.863626373626374,163.01,3.2265,-7.11558333333333,2.21658333333333,22.5024475524476,6.75867132867133,1.16055944055944,5.03058823529412,-4.9643137254902,1.47637254901961,11.282602739726,-1.0787397260274,582.54,1974,"Grouse Creek"
"628",2018,10.8311956521739,-1.58217391304348,183.85,24.0458695652174,7.98913043478261,107.86,11.2052747252747,-1.34175824175824,82.29,4.20725,-6.54216666666667,1.65825,22.2040559440559,6.62545454545455,1.21685314685315,5.17539215686275,-5.47,1.04294117647059,11.528602739726,-1.08372602739726,479.38,1974,"Grouse Creek"
"629",2019,9.57815217391304,-2.31532608695652,152.44,23.7698913043478,7.77836956521739,49.59,9.53802197802198,-2.14373626373626,110.87,3.05583333333333,-7.478,1.71325,21.2297202797203,6.39496503496504,0.999230769230769,4.16607843137255,-6.16372549019608,1.0571568627451,10.4862739726027,-1.67556164383562,456.31,1974,"Grouse Creek"
"630",2020,10.0498913043478,-2.635,120.95,23.6597826086957,7.98945652173913,122.32,12.9510989010989,-0.771648351648352,82.26,3.40325,-7.75266666666667,1.34075,21.8122377622378,6.35475524475524,1.31769230769231,7.06941176470588,-4.81352941176471,0.990196078431373,11.6400547945205,-1.40430136986301,450.32,1974,"Grouse Creek"
"631",2000,11.3411956521739,-2.62891304347826,84.36,25.9691304347826,6.50260869565217,22.86,9.53989010989011,-3.6267032967033,102.05,5.17508333333333,-7.24483333333333,0.886,22.9972727272727,5.09286713286713,0.606013986013986,4.07892156862745,-7.83186274509804,0.930588235294118,11.8511506849315,-2.57520547945205,287.9,1928,"Hawley Creek"
"632",2001,11.6364130434783,-3.12423913043478,110.87,25.2903260869565,6.61532608695652,63.84,13.9421978021978,-0.712307692307692,68.58,3.51108333333333,-8.96391666666667,0.9995,23.3837762237762,4.9741958041958,0.681608391608392,7.5343137254902,-5.50235294117647,0.711960784313725,12.4211232876712,-2.5358904109589,290.03,1928,"Hawley Creek"
"633",2002,9.66347826086957,-4.65967391304348,78.58,24.84,6.17836956521739,90.51,11.4123076923077,-3.2956043956044,60.01,2.83591666666667,-9.94675,0.8155,22.3022377622378,4.67482517482518,0.93013986013986,6.00745098039216,-6.88843137254902,0.53,11.3487397260274,-3.36364383561644,284.93,1928,"Hawley Creek"
"634",2003,10.903152173913,-2.9470652173913,152.15,26.9814130434783,6.99565217391304,40.22,12.7597802197802,-2.91846153846154,31.66,4.49991666666667,-7.64158333333333,1.43508333333333,23.7361538461538,4.91783216783217,0.601468531468531,7.54107843137255,-6.1821568627451,0.600490196078431,12.8861643835616,-2.31320547945205,319.47,1928,"Hawley Creek"
"635",2004,12.3009782608696,-2.25836956521739,116.28,23.6866304347826,6.02163043478261,95.29,11.3502197802198,-2.29912087912088,85.35,5.34033333333333,-7.79658333333333,0.74,21.0716083916084,4.47111888111888,1.36699300699301,6.62872549019608,-5.35911764705882,0.822450980392157,11.8635890410959,-2.30917808219178,368.17,1928,"Hawley Creek"
"636",2005,10.6923913043478,-2.97608695652174,158.13,23.8480434782609,5.80913043478261,106.37,12.3646153846154,-1.96032967032967,106.58,5.32133333333333,-7.88791666666667,0.70725,21.5659440559441,4.30230769230769,1.44391608391608,6.40911764705882,-5.80764705882353,1.305,11.9896438356164,-2.53068493150685,424.46,1928,"Hawley Creek"
"637",2006,10.9885869565217,-2.96326086956522,118.2,26.1569565217391,7.20891304347826,55.68,11.4321978021978,-2.24373626373626,121.79,3.80408333333333,-8.19741666666667,1.23591666666667,23.5425874125874,5.28223776223776,0.798111888111888,6.21333333333333,-5.9271568627451,1.2,12.2105205479452,-2.28191780821918,384.84,1928,"Hawley Creek"
"638",2007,12.92,-2.20532608695652,86.45,27.2346739130435,7.49586956521739,66.86,11.7484615384615,-2.0789010989011,97.71,5.275,-7.77641666666667,0.78475,24.2571328671329,5.48181818181818,0.932167832167832,5.48009803921569,-6.40617647058824,0.965294117647059,12.7691506849315,-2.19917808219178,325.93,1928,"Hawley Creek"
"639",2008,8.10869565217391,-5.84891304347826,111.07,25.0238043478261,5.52641304347826,38.5,13.3250549450549,-1.44021978021978,67.31,1.82116666666667,-10.8715833333333,0.945166666666667,22.0574825174825,3.79426573426573,0.795524475524476,7.10009803921569,-5.73862745098039,1.06343137254902,11.2245753424658,-3.6913698630137,335.65,1928,"Hawley Creek"
"640",2009,9.84380434782609,-4.37097826086957,167.18,23.0810869565217,6.50510869565217,149.11,12.1424175824176,-2.35967032967033,69.3,3.77941666666667,-8.654,1.50183333333333,22.0902797202797,5.02916083916084,1.22342657342657,4.68303921568627,-7.72490196078431,0.730882352941176,11.2057808219178,-3.03356164383562,429.72,1928,"Hawley Creek"
"641",2010,9.22717391304348,-3.91467391304348,168.59,22.926847826087,5.50228260869565,109.5,12.9963736263736,-1.50230769230769,79.66,4.69266666666667,-7.66591666666667,0.810666666666667,20.0397202797203,3.68125874125874,1.58384615384615,7.12382352941176,-5.42519607843137,1.08794117647059,11.3847397260274,-2.59413698630137,434.74,1928,"Hawley Creek"
"642",2011,7.64641304347826,-4.54673913043478,212.85,24.4460869565217,5.85782608695652,92.49,13.1471428571429,-1.93494505494506,88.5,1.89133333333333,-9.6225,1.45091666666667,21.6553846153846,4.22251748251748,1.36447552447552,7.12745098039216,-6.22333333333333,0.953039215686274,11.0977534246575,-3.24838356164384,466.44,1928,"Hawley Creek"
"643",2012,11.9848913043478,-2.67836956521739,127.03,26.4908695652174,6.80260869565217,37.16,14.0081318681319,-1.53351648351648,66.12,5.78016666666667,-7.55433333333333,1.21408333333333,23.7418881118881,4.79958041958042,0.552587412587413,7.61333333333333,-5.39637254901961,1.02970588235294,13.3295068493151,-2.1112602739726,329.74,1928,"Hawley Creek"
"644",2013,10.9069565217391,-3.47891304347826,90.75,26.7165217391304,7.43163043478261,68.03,11.6669230769231,-1.24230769230769,110.55,3.82908333333333,-9.09383333333333,0.44425,23.9412587412587,6.19041958041958,1.06363636363636,5.22323529411765,-6.86950980392157,1.11803921568627,12.0982465753425,-2.48416438356164,319.45,1928,"Hawley Creek"
"645",2014,11.7078260869565,-3.13510869565217,92.11,24.3261956521739,6.60184782608696,102.33,13.0652747252747,-1.4821978021978,84.86,5.13075,-8.13583333333333,1.30858333333333,22.4732867132867,4.84853146853147,0.922447552447552,7.41421568627451,-4.78676470588235,1.31696078431373,12.5633424657534,-2.11290410958904,423.27,1928,"Hawley Creek"
"646",2015,12.8091304347826,-1.92771739130435,142.49,25.4192391304348,7.32760869565217,86.3,12.8047252747253,-1.41934065934066,88.28,7.71191666666667,-5.69941666666667,0.815083333333333,22.5077622377622,5.81937062937063,1.46027972027972,6.73088235294118,-5.77323529411765,1.1243137254902,13.2344931506849,-1.20720547945205,421.31,1928,"Hawley Creek"
"647",2016,11.5152173913043,-1.82717391304348,147.67,25.9722826086957,5.93347826086957,21.49,13.1220879120879,0.480989010989011,163.61,5.49791666666667,-6.55658333333333,0.997416666666667,22.6442657342657,4.62524475524476,0.768671328671329,6.76343137254902,-5.09676470588235,1.97264705882353,12.5691780821918,-1.76780821917808,430.82,1928,"Hawley Creek"
"648",2017,11.5077173913043,-1.8804347826087,118.88,26.0173913043478,7.02565217391304,67.85,11.1545054945055,-1.73703296703297,106.92,3.78516666666667,-7.60025,1.51958333333333,23.4312587412587,5.44958041958042,1.0551048951049,5.71509803921569,-5.9171568627451,0.916372549019608,12.0214520547945,-2.01723287671233,426.7,1928,"Hawley Creek"
"649",2018,11.1195652173913,-2.5320652173913,170.21,25.0398913043478,6.69054347826087,105.79,12.0946153846154,-2.53164835164835,44.77,4.36391666666667,-7.9415,1.303,23.1274825174825,5.39300699300699,1.27384615384615,5.76813725490196,-6.69166666666667,0.573039215686274,12.1075342465753,-2.36802739726027,396.97,1928,"Hawley Creek"
"650",2019,9.84815217391304,-3.51836956521739,139.53,24.4733695652174,6.13402173913043,55.41,10.2889010989011,-3.13747252747253,96.8,3.235,-8.93316666666667,1.42425,21.8509090909091,4.97839160839161,1.10223776223776,4.75754901960784,-7.23294117647059,0.930980392156863,10.9538356164384,-3.00775342465753,423.49,1928,"Hawley Creek"
"651",2020,10.4645652173913,-3.55576086956522,91.12,24.8005434782609,6.64434782608696,93.45,14.0179120879121,-2.13813186813187,73.64,3.68291666666667,-9.00566666666667,0.933083333333333,22.8932167832168,5.13146853146853,1.01664335664336,7.97696078431373,-6.13411764705882,0.808725490196078,12.4091232876712,-2.66454794520548,339.84,1928,"Hawley Creek"
"652",2000,11.5152173913043,-0.890326086956522,106.97,25.47,8.3779347826087,16.76,9.54373626373626,-2.00406593406593,154.02,5.31216666666667,-5.30991666666667,1.02675,22.5206993006993,6.78398601398601,0.804965034965035,4.01725490196078,-5.97656862745098,1.43352941176471,11.6922739726027,-0.758054794520548,384.54,1860,"Haynes Creek"
"653",2001,11.6417391304348,-1.35695652173913,134.7,25.0405434782609,8.64021739130435,92.36,13.430989010989,1.02406593406593,94.6,3.52266666666667,-6.9645,1.23933333333333,23.2078321678322,6.98048951048951,1.02062937062937,6.81245098039216,-3.75078431372549,1.03460784313725,12.1542739726027,-0.603041095890411,400.2,1860,"Haynes Creek"
"654",2002,9.78652173913044,-2.78836956521739,130.64,24.3348913043478,8.09923913043478,107.05,11.0606593406593,-1.43549450549451,54.5,3.23708333333333,-7.57558333333333,1.24941666666667,21.9434965034965,6.4320979020979,1.1341958041958,5.65725490196078,-4.67901960784314,0.685980392156863,11.2422191780822,-1.27819178082192,382.09,1860,"Haynes Creek"
"655",2003,10.9084782608696,-1.20315217391304,163.75,26.5702173913043,9.40978260869565,49.95,12.1937362637363,-0.752417582417582,52.89,4.58016666666667,-5.2785,1.97383333333333,23.3172727272727,7.14146853146853,0.634965034965035,7.03676470588235,-4.00382352941176,0.964901960784314,12.6075068493151,-0.0563835616438356,426.08,1860,"Haynes Creek"
"656",2004,12.2551086956522,-0.556086956521739,137.23,23.3355434782609,7.72445652173913,80.61,11.2213186813187,-0.734945054945055,96.22,5.4685,-5.70925,0.890833333333333,20.6914685314685,5.99804195804196,1.51426573426573,6.56725490196078,-3.77343137254902,0.937450980392157,11.7396164383562,-0.58158904109589,419.06,1860,"Haynes Creek"
"657",2005,11.1589130434783,-1.65010869565217,162.95,23.7622826086957,7.55271739130435,98.67,11.4728571428571,-0.565054945054945,133.86,5.4685,-6.23108333333333,0.883416666666667,21.4645454545455,5.91447552447552,1.35741258741259,5.55892156862745,-4.53735294117647,1.69647058823529,11.7607123287671,-0.999369863013699,473.16,1860,"Haynes Creek"
"658",2006,11.145652173913,-1.53521739130435,139.18,25.5279347826087,9.1129347826087,71.65,11.0551648351648,-0.837142857142857,167.92,3.97725,-6.46508333333333,1.55075,23.0737062937063,7.11447552447552,0.895384615384615,5.86235294117647,-4.46637254901961,1.82411764705882,11.9856712328767,-0.586328767123288,500.19,1860,"Haynes Creek"
"659",2007,12.8002173913043,-0.788478260869565,115.58,26.5744565217391,9.3045652173913,51.24,10.9191208791209,-0.843186813186813,161.84,5.26191666666667,-6.01583333333333,1.171,23.7068531468531,7.22293706293706,0.842097902097902,4.78901960784314,-5.06411764705882,1.99794117647059,12.3561369863014,-0.563178082191781,464.73,1860,"Haynes Creek"
"660",2008,8.49141304347826,-4.01902173913043,141.93,24.2739130434783,7.63423913043478,41.95,12.4448351648352,-0.028021978021978,113.97,2.29175,-8.58975,1.32491666666667,21.4922377622378,5.6965034965035,0.83020979020979,6.36823529411765,-4.16186274509804,1.41901960784314,10.9533150684932,-1.75528767123288,422.45,1860,"Haynes Creek"
"661",2009,10.0159782608696,-2.76391304347826,176.4,22.6634782608696,7.98967391304348,150.88,11.8174725274725,-0.792087912087912,85.13,3.74116666666667,-6.88608333333333,1.7305,21.6379020979021,6.54937062937063,1.34125874125874,4.4871568627451,-6.12960784313726,0.899509803921569,10.9612328767123,-1.41093150684932,491.21,1860,"Haynes Creek"
"662",2010,9.47391304347826,-2.76576086956522,157.21,22.2863043478261,7.0895652173913,156.04,11.9945054945055,-0.0208791208791209,121.52,4.80858333333333,-5.98258333333333,0.98425,19.4797902097902,5.08384615384615,2.02118881118881,6.38627450980392,-3.90843137254902,1.6343137254902,10.9973698630137,-1.06734246575342,573.84,1860,"Haynes Creek"
"663",2011,8.05423913043478,-3.05423913043478,217.96,23.7680434782609,7.57032608695652,88.17,12.4989010989011,-0.347692307692308,84.24,2.17866666666667,-7.76341666666667,1.63033333333333,21.2390909090909,5.86909090909091,1.32573426573427,6.5528431372549,-4.58892156862745,0.962549019607843,10.8685479452055,-1.53534246575342,483.4,1860,"Haynes Creek"
"664",2012,11.8754347826087,-1.39576086956522,151.7,25.7051086956522,8.59271739130435,51.16,13.072967032967,0.156373626373626,92.22,5.71783333333333,-5.68758333333333,1.35933333333333,23.0276223776224,6.52573426573427,0.708671328671329,6.79578431372549,-3.67852941176471,1.51156862745098,12.8007123287671,-0.341205479452055,418.64,1860,"Haynes Creek"
"665",2013,10.8466304347826,-2.10369565217391,84.13,26.0730434782609,9.26652173913043,85.24,11.0356043956044,-0.263516483516484,130.41,3.81433333333333,-7.37316666666667,0.642416666666667,23.478951048951,7.77048951048951,1.03363636363636,4.49313725490196,-5.58117647058824,1.4421568627451,11.7082465753425,-0.939397260273973,372,1860,"Haynes Creek"
"666",2014,11.3445652173913,-1.81586956521739,124.44,23.6242391304348,8.50695652173913,118.89,12.1497802197802,-0.00406593406593411,136.3,4.58616666666667,-6.436,1.81041666666667,21.8256643356643,6.60972027972028,1.08825174825175,6.60980392156863,-3.21470588235294,1.9621568627451,11.9057808219178,-0.424739726027397,573.01,1860,"Haynes Creek"
"667",2015,12.51,-0.697934782608696,144.08,25.0221739130435,9.27945652173913,56.81,12.1538461538462,0.219230769230769,127.92,7.09608333333333,-4.364,0.961083333333333,22.089020979021,7.47195804195804,1.37608391608392,6.41127450980392,-3.86411764705882,1.55441176470588,12.7786575342466,0.412794520547945,470.66,1860,"Haynes Creek"
"668",2016,11.6910869565217,-0.420108695652174,163.79,25.2095652173913,8.09173913043478,37.48,12.2924175824176,1.54450549450549,124.52,5.55025,-5.01766666666667,1.482,22.011048951049,6.49818181818182,0.845174825174825,5.89666666666667,-3.76666666666667,1.82578431372549,12.0960821917808,-0.156383561643836,484.93,1860,"Haynes Creek"
"669",2017,11.3327173913043,-0.54695652173913,212.98,25.3611956521739,9.2020652173913,67.47,10.4769230769231,-0.264065934065934,168.85,3.46508333333333,-6.331,2.18558333333333,22.796993006993,7.38706293706294,1.26622377622378,5.03803921568627,-4.26872549019608,1.63186274509804,11.4785205479452,-0.380219178082192,609.79,1860,"Haynes Creek"
"670",2018,11.1567391304348,-0.937282608695652,182.5,24.2697826086957,8.5495652173913,115.19,11.1483516483516,-0.766373626373626,89.16,4.34083333333333,-5.84291666666667,1.72416666666667,22.4516083916084,7.18167832167832,1.26013986013986,5.10049019607843,-4.85862745098039,1.15254901960784,11.6485753424658,-0.465068493150685,504.66,1860,"Haynes Creek"
"671",2019,9.91641304347826,-1.90119565217391,144.4,24.2872826086957,8.30336956521739,40.69,9.67230769230769,-1.72120879120879,110.01,3.14541666666667,-7.01525,1.63358333333333,21.7833566433566,6.88412587412587,0.883006993006993,4.22549019607843,-5.68892156862745,1.05205882352941,10.7492328767123,-1.19909589041096,429.61,1860,"Haynes Creek"
"672",2020,10.4184782608696,-2.16782608695652,124.62,24.0734782608696,8.43021739130435,135.82,13.047032967033,-0.447472527472528,91.66,3.56291666666667,-7.22625,1.446,22.2197202797203,6.78748251748252,1.46174825174825,7.09294117647059,-4.41411764705882,1.12990196078431,11.8587671232877,-0.950082191780822,497.8,1860,"Haynes Creek"
"673",2000,13.0648913043478,0.141739130434783,87.52,27.095,9.40315217391304,18.11,10.8347252747253,-1.17857142857143,139.68,6.38516666666667,-4.52208333333333,0.919416666666667,24.1586713286713,7.81377622377622,0.703146853146853,4.85137254901961,-5.33225490196078,1.28960784313725,12.9198630136986,0.0844657534246575,342.42,1656,"Henry Creek"
"674",2001,13.0903260869565,-0.1575,121.04,26.5502173913043,9.94108695652174,83.56,14.5912087912088,1.94769230769231,90.9,4.38658333333333,-6.07066666666667,1.17233333333333,24.7790909090909,8.26538461538462,0.911258741258741,7.47892156862745,-3.01470588235294,1.0293137254902,13.2401369863014,0.399917808219178,375.98,1656,"Henry Creek"
"675",2002,11.0863043478261,-1.4595652173913,125.42,25.7948913043478,9.34826086956522,105.94,12.1627472527473,-0.539230769230769,46.85,4.13808333333333,-6.474,1.08283333333333,23.4104195804196,7.63965034965035,1.15188811188811,6.41490196078431,-3.755,0.574313725490196,12.3248767123288,-0.184712328767123,353.24,1656,"Henry Creek"
"676",2003,12.3589130434783,0.135760869565217,139.46,28.2535869565217,10.8532608695652,43.66,13.4352747252747,0.385824175824176,42.12,5.515,-4.04583333333333,1.73291666666667,24.9548251748252,8.56545454545455,0.556923076923077,7.98156862745098,-2.93372549019608,0.862941176470588,13.8204383561644,1.20580821917808,375.61,1656,"Henry Creek"
"677",2004,13.8151086956522,0.57804347826087,116.33,24.9533695652174,9.03358695652174,85.25,12.4095604395604,0.328131868131868,83.7,6.49433333333333,-4.80916666666667,0.83975,22.3011888111888,7.26097902097902,1.46013986013986,7.46127450980392,-2.8021568627451,0.814901960784314,12.9573698630137,0.480547945205479,392.69,1656,"Henry Creek"
"678",2005,12.6846739130435,-0.400978260869565,143.09,25.3473913043478,8.94760869565217,87.1,12.3161538461538,0.254835164835165,111.16,6.44725,-5.19266666666667,0.729,22.9959440559441,7.21405594405594,1.25398601398601,6.06421568627451,-3.89254901960784,1.44921568627451,12.8236712328767,0.0313698630136986,414.62,1656,"Henry Creek"
"679",2006,12.5088043478261,-0.280108695652174,123.15,27.0201086956522,10.4333695652174,57.38,12.1415384615385,0.0968131868131868,146.87,4.93683333333333,-5.39566666666667,1.45458333333333,24.5727272727273,8.35391608391608,0.741818181818182,6.60901960784314,-3.59235294117647,1.58480392156863,13.097095890411,0.495095890410959,442.28,1656,"Henry Creek"
"680",2007,14.1783695652174,0.343369565217391,90.66,27.9365217391304,10.5719565217391,50.3,11.8712087912088,0.042967032967033,141.67,6.27583333333333,-4.93475,0.954833333333333,25.1206293706294,8.46867132867133,0.73993006993007,5.57696078431373,-4.18411764705882,1.7971568627451,13.4635616438356,0.526219178082192,403.7,1656,"Henry Creek"
"681",2008,9.9445652173913,-2.7104347826087,125.65,25.8502173913043,8.95663043478261,36.78,13.4947252747253,0.81978021978022,89.83,3.32116666666667,-7.41225,1.07675,23.0911188811189,6.96391608391608,0.747202797202797,7.16941176470588,-3.29166666666667,1.1893137254902,12.1420547945205,-0.628438356164384,357.37,1656,"Henry Creek"
"682",2009,11.4394565217391,-1.51891304347826,151.69,24.2710869565217,9.26010869565217,142.38,13.0582417582418,0.182637362637363,68.95,4.65891666666667,-5.92483333333333,1.51716666666667,23.2252447552448,7.76839160839161,1.27657342657343,5.48970588235294,-5.18970588235294,0.745686274509804,12.1650136986301,-0.354657534246575,440.67,1656,"Henry Creek"
"683",2010,10.7884782608696,-1.63902173913043,118.68,23.7446739130435,8.29869565217391,145.91,12.9505494505495,0.900879120879121,117.57,5.70391666666667,-4.97508333333333,0.76575,20.8827272727273,6.24398601398601,1.83559440559441,7.06960784313725,-3.05549019607843,1.55029411764706,12.0323287671233,-0.0432328767123288,512.51,1656,"Henry Creek"
"684",2011,9.37782608695652,-1.79423913043478,185.84,25.1753260869565,8.72847826086957,85.36,13.5913186813187,0.665824175824176,79.69,3.14158333333333,-6.68041666666667,1.41766666666667,22.6741258741259,7.02608391608392,1.21643356643357,7.35764705882353,-3.66627450980392,0.896666666666667,11.9722465753425,-0.468164383561644,435.53,1656,"Henry Creek"
"685",2012,13.1792391304348,-0.325978260869565,125.58,27.1341304347826,9.82065217391304,43.36,14.156043956044,1.14648351648352,81.88,6.73933333333333,-4.647,1.08375,24.4576223776224,7.72482517482517,0.60041958041958,7.70617647058824,-2.64941176470588,1.41049019607843,13.9512054794521,0.75827397260274,359.78,1656,"Henry Creek"
"686",2013,12.2283695652174,-1.00228260869565,76.13,27.6891304347826,10.2819565217391,67.97,12.1494505494505,0.425824175824176,110.54,4.767,-6.47733333333333,0.583,25.0753146853147,8.77230769230769,0.867062937062937,5.32607843137255,-4.94343137254902,1.27843137254902,12.8796438356164,-0.0741643835616438,324.35,1656,"Henry Creek"
"687",2014,12.6255434782609,-0.766195652173913,110.13,25.215652173913,9.77760869565217,110.54,13.3010989010989,0.853626373626374,140.56,5.55,-5.485,1.57616666666667,23.3899300699301,7.80783216783217,0.994685314685315,7.40137254901961,-2.43647058823529,1.91372549019608,13.0567123287671,0.574794520547945,526.58,1656,"Henry Creek"
"688",2015,13.9404347826087,0.301630434782609,122.5,26.6363043478261,10.453152173913,50.15,13.2736263736264,0.984945054945055,114.97,7.93133333333333,-3.61208333333333,0.830916666666667,23.6875524475524,8.57223776223776,1.26538461538462,7.24411764705882,-3.14872549019608,1.42362745098039,13.9122739726027,1.29098630136986,425.87,1656,"Henry Creek"
"689",2016,13.1132608695652,0.599021739130435,133.78,26.7076086956522,9.32282608695652,22.02,13.3325274725275,2.27351648351648,111.18,6.36191666666667,-4.3605,1.23833333333333,23.515034965035,7.66027972027972,0.711188811188811,6.60882352941176,-3.155,1.66058823529412,13.1511780821918,0.685890410958904,419.68,1656,"Henry Creek"
"690",2017,12.5069565217391,0.449130434782609,189.17,26.855652173913,10.3465217391304,57.7,11.5496703296703,0.58010989010989,169.25,4.12333333333333,-5.703,2.14933333333333,24.2376223776224,8.49531468531469,1.1427972027972,5.76225490196078,-3.57294117647059,1.51588235294118,12.4617260273973,0.454876712328767,575.96,1656,"Henry Creek"
"691",2018,12.45,0.180108695652174,157.38,25.8897826086957,9.77739130434783,99.34,12.3156043956044,0.162527472527473,79.89,5.35833333333333,-4.77766666666667,1.43075,24.0232167832168,8.38601398601399,1.08405594405594,5.97852941176471,-4.00578431372549,1.00166666666667,12.8441917808219,0.595315068493151,428.88,1656,"Henry Creek"
"692",2019,11.2790217391304,-0.631413043478261,122.55,25.8767391304348,9.69076086956522,38.18,10.7387912087912,-0.76956043956044,90.95,4.03641666666667,-5.8975,1.45725,23.3795104895105,8.19496503496504,0.826083916083916,4.96009803921569,-4.89480392156863,0.842156862745098,11.8727945205479,-0.0961369863013699,378.9,1656,"Henry Creek"
"693",2020,11.7561956521739,-1.04586956521739,114.16,25.5354347826087,9.59739130434783,123.6,14.1356043956044,0.353296703296703,95.22,4.51991666666667,-6.36641666666667,1.21691666666667,23.6337062937063,7.90867132867133,1.32748251748252,7.79745098039216,-3.79225490196078,1.1556862745098,12.9242465753425,-0.0543561643835617,453.74,1656,"Henry Creek"
"694",2000,15.1473913043478,1.57510869565217,75.54,29.203152173913,10.2509782608696,17.63,12.0965934065934,-0.581978021978022,127.67,7.86825,-3.4765,0.700666666666667,26.2815384615385,8.7458041958042,0.610979020979021,5.62519607843137,-4.88803921568627,1.2306862745098,14.455397260274,0.917506849315069,296.98,1375,"Hot Springs"
"695",2001,14.6779347826087,0.851521739130435,99.8,28.5671739130435,10.7142391304348,74.38,16.2896703296703,2.52626373626374,74.52,5.14758333333333,-5.49941666666667,0.895,26.7975524475524,9.04587412587413,0.844475524475524,8.77607843137255,-2.51127450980392,0.767352941176471,14.6436164383562,1.03419178082192,306.43,1375,"Hot Springs"
"696",2002,12.7116304347826,-0.433152173913044,85.12,27.6803260869565,10.16,97.09,13.4687912087912,-0.187142857142857,37.19,5.26675,-5.71558333333333,0.821083333333333,25.3104895104895,8.48342657342657,0.928531468531469,7.46539215686275,-3.35196078431373,0.395294117647059,13.7339178082192,0.507835616438356,271.63,1375,"Hot Springs"
"697",2003,13.9609782608696,1.11173913043478,113.87,30.1042391304348,11.3827173913043,33.05,14.9026373626374,0.770439560439561,34.03,6.64725,-3.337,1.29675,26.7799300699301,9.16503496503496,0.43979020979021,9.12980392156863,-2.57176470588235,0.602549019607843,15.228602739726,1.77490410958904,279.96,1375,"Hot Springs"
"698",2004,15.5109782608696,1.35739130434783,96.86,26.755,9.77760869565217,76.31,13.783956043956,0.728791208791209,67.1,7.48866666666667,-4.39075,0.588583333333333,24.1062237762238,8.03482517482517,1.26916083916084,8.51990196078431,-2.52039215686275,0.559411764705882,14.2872876712329,1.00002739726027,309.18,1375,"Hot Springs"
"699",2005,14.336847826087,0.66054347826087,117.74,27.145652173913,9.83836956521739,68.88,13.5449450549451,0.745604395604396,80.25,7.32066666666667,-4.701,0.552083333333333,24.8177622377622,8.08748251748252,1.02531468531469,6.89254901960784,-3.52019607843137,0.985098039215686,14.0560547945205,0.639260273972603,313.35,1375,"Hot Springs"
"700",2006,14.3185869565217,0.84945652173913,102.13,28.9659782608696,11.2098913043478,49.06,13.5469230769231,0.638571428571429,108.74,6.14625,-4.55091666666667,0.9925,26.5133566433566,9.09328671328671,0.625524475524476,7.60294117647059,-3.04549019607843,1.0843137254902,14.5327671232877,1.21531506849315,319.15,1375,"Hot Springs"
"701",2007,15.8420652173913,1.20663043478261,79.3,29.7842391304348,11.1457608695652,44.05,13.0862637362637,0.542747252747253,115.59,7.30291666666667,-4.33216666666667,0.771583333333333,26.9613286713287,9.10244755244755,0.603566433566434,6.57049019607843,-3.65156862745098,1.41333333333333,14.8000273972603,1.12145205479452,323.06,1375,"Hot Springs"
"702",2008,11.3648913043478,-1.5154347826087,105.81,27.789347826087,9.70163043478261,27.23,14.7140659340659,1.11901098901099,75.62,4.16283333333333,-6.54616666666667,0.936916666666667,24.9665034965035,7.74671328671329,0.600909090909091,8.1143137254902,-2.96480392156863,0.894705882352941,13.4175616438356,0.0543287671232877,289.62,1375,"Hot Springs"
"703",2009,13.0434782608696,-0.618369565217391,111.32,26.255652173913,10.1022826086957,126.69,14.5402197802198,0.494835164835165,59.53,5.54333333333333,-5.411,1.14483333333333,25.2291608391608,8.52433566433566,1.09769230769231,6.54117647058824,-4.87127450980392,0.607941176470588,13.5347123287671,0.199424657534247,356.36,1375,"Hot Springs"
"704",2010,12.5409782608696,-0.560326086956522,98.36,25.6860869565217,9.2195652173913,124.71,14.2951648351648,1.3632967032967,110.42,6.85141666666667,-4.34166666666667,0.734333333333333,22.7697902097902,7.18699300699301,1.59748251748252,7.97666666666667,-2.76058823529412,1.4243137254902,13.4023835616438,0.616876712328767,461.84,1375,"Hot Springs"
"705",2011,11.0897826086957,-0.482934782608696,147.23,27.1154347826087,9.47510869565217,62.38,15.0871428571429,0.952857142857143,64.24,4.07075,-5.92175,1.09025,24.6032167832168,7.76741258741259,0.963426573426573,8.37647058823529,-3.40882352941176,0.664411764705882,13.3182191780822,0.143643835616438,336.37,1375,"Hot Springs"
"706",2012,15.0889130434783,0.521521739130435,95.48,29.085,10.3663043478261,40.46,15.4991208791209,1.2989010989011,67.42,8.07325,-3.93741666666667,0.78125,26.3841958041958,8.23216783216783,0.531818181818182,8.88617647058824,-2.35450980392157,1.04137254901961,15.474301369863,1.2727397260274,276.02,1375,"Hot Springs"
"707",2013,14.0188043478261,0.0196739130434782,63.53,29.8160869565217,10.9554347826087,62.27,13.4685714285714,0.953186813186813,89.38,5.78816666666667,-5.81366666666667,0.42925,27.1831468531469,9.52545454545455,0.798041958041958,6.15225490196078,-4.54058823529412,1.02754901960784,14.2720547945205,0.551671232876712,270.44,1375,"Hot Springs"
"708",2014,14.3136956521739,0.0808695652173913,99.05,27.2775,10.5910869565217,102.05,14.6985714285714,1.22296703296703,127.76,6.57708333333333,-4.99191666666667,1.29541666666667,25.3995104895105,8.51041958041958,0.941468531468531,8.47941176470588,-1.99245098039216,1.73666666666667,14.4829589041096,1.13624657534247,467.22,1375,"Hot Springs"
"709",2015,15.7416304347826,1.06326086956522,116.72,28.6459782608696,11.0935869565217,42.66,14.6036263736264,1.29659340659341,108.51,9.06875,-3.07816666666667,0.734166666666667,25.6488111888112,9.27034965034965,1.20335664335664,8.27147058823529,-2.86137254901961,1.28833333333333,15.341698630137,1.82032876712329,391.59,1375,"Hot Springs"
"710",2016,14.8214130434783,1.51597826086957,117.39,28.7672826086957,9.9025,22.12,14.8554945054945,2.80307692307692,100.53,7.35291666666667,-3.84333333333333,1.08425,25.4928671328671,8.34685314685315,0.701468531468531,7.71323529411765,-2.76107843137255,1.45303921568627,14.5604931506849,1.23498630136986,378.63,1375,"Hot Springs"
"711",2017,14.1183695652174,1.63619565217391,192.2,28.7583695652174,10.821847826087,62.42,12.8382417582418,1.2489010989011,150.79,5.11291666666667,-4.90366666666667,1.92008333333333,26.0460839160839,9.05587412587413,1.1472027972028,6.7221568627451,-2.94401960784314,1.33578431372549,13.7638356164384,1.11304109589041,530.71,1375,"Hot Springs"
"712",2018,14.0785869565217,1.11532608695652,141.33,27.8188043478261,10.3855434782609,97.58,13.5358241758242,0.504065934065934,63.78,6.52366666666667,-4.01025,1.3365,25.9295804195804,8.98923076923077,1.0427972027972,6.84323529411765,-3.64607843137255,0.820490196078431,14.2158356164384,1.18446575342466,393.19,1375,"Hot Springs"
"713",2019,12.7716304347826,0.103152173913044,116.29,28.0607608695652,10.3602173913043,22.82,12.0579120879121,-0.312637362637363,94.59,4.86475,-5.39033333333333,1.29541666666667,25.536013986014,8.85545454545455,0.654545454545455,5.84166666666667,-4.59196078431373,0.873137254901961,13.2363561643836,0.414,338.11,1375,"Hot Springs"
"714",2020,13.2946739130435,-0.214673913043478,96.71,27.6304347826087,10.1813043478261,118.04,15.5621978021978,0.377802197802198,86.71,5.44375,-5.98533333333333,1.02375,25.6558041958042,8.48594405594406,1.25006993006993,8.81,-3.78137254901961,1.03323529411765,14.3031506849315,0.30013698630137,407,1375,"Hot Springs"
"715",2000,10.3772826086957,-2.70684782608696,125.4,24.4469565217391,7.55586956521739,43,8.96868131868132,-3.44626373626374,138.35,4.049,-7.27716666666667,1.17,21.6546153846154,5.86531468531469,0.989090909090909,3.60960784313725,-7.71558823529412,1.14813725490196,10.8237534246575,-2.25071232876712,398.95,2122,"Indian Head"
"716",2001,10.8538043478261,-3.0329347826087,70.44,23.9283695652174,7.51086956521739,94.01,12.7328571428571,-0.734725274725275,62.09,2.76508333333333,-9.07058333333333,0.748583333333333,22.0974125874126,5.75748251748252,0.764265734265734,6.13519607843137,-5.82382352941177,0.886372549019608,11.280904109589,-2.35391780821918,289.53,2122,"Indian Head"
"717",2002,8.67967391304348,-4.68163043478261,116.48,23.7998913043478,7.36630434782609,105.39,10.4838461538462,-2.78054945054945,66.48,1.437,-10.5721666666667,1.05716666666667,21.2681118881119,5.5634965034965,1.21083916083916,5.20598039215686,-6.33754901960784,0.73343137254902,10.259698630137,-3.06715068493151,374.82,2122,"Indian Head"
"718",2003,9.80239130434783,-2.8454347826087,166.59,25.4769565217391,8.62934782608696,45.36,11.67,-2.2521978021978,36.98,3.81166666666667,-7.2135,1.38716666666667,22.245034965035,6.22006993006993,0.72048951048951,6.77303921568627,-5.48960784313725,0.597156862745098,11.8610684931507,-1.4687397260274,330.4,2122,"Indian Head"
"719",2004,11.2370652173913,-1.91336956521739,112.83,22.451847826087,6.97923913043478,121.12,11.0408791208791,-1.27230769230769,103.93,4.26075,-7.649,0.945333333333333,20.0590909090909,5.23916083916084,1.50237762237762,6.09882352941176,-4.54794117647059,1.12549019607843,10.9638904109589,-1.73306849315069,443.08,2122,"Indian Head"
"720",2005,9.6454347826087,-2.85695652173913,233.02,22.7159782608696,6.89565217391304,123.43,11.5548351648352,-1.34406593406593,106.77,4.17558333333333,-7.76958333333333,1.00358333333333,20.3793006993007,5.25895104895105,1.90328671328671,5.82382352941177,-5.42049019607843,1.52911764705882,10.9844931506849,-2.00879452054795,548.57,2122,"Indian Head"
"721",2006,10.0195652173913,-2.80619565217391,148.24,24.6673913043478,8.32826086956522,80.39,10.4371428571429,-1.79967032967033,144.61,2.68983333333333,-8.60825,1.64516666666667,22.2062937062937,6.3813986013986,0.981538461538462,5.42637254901961,-5.77107843137255,1.43666666666667,11.1007397260274,-1.9427397260274,484.32,2122,"Indian Head"
"722",2007,12.3328260869565,-1.70391304347826,106.46,25.761847826087,8.95304347826087,61.13,10.9523076923077,-1.53879120879121,116.85,4.85725,-7.45383333333333,0.967916666666667,23.0426573426573,6.78657342657343,0.80951048951049,4.69450980392157,-6.13588235294118,1.29637254901961,11.9364657534247,-1.50641095890411,364.14,2122,"Indian Head"
"723",2008,7.49195652173913,-5.67163043478261,107.07,23.844347826087,7.16271739130435,37.88,12.5017582417582,-0.725054945054945,86.29,1.10408333333333,-11.0198333333333,1.203,21.0329370629371,5.17286713286713,0.753356643356643,6.35088235294118,-5.25254901960784,1.44480392156863,10.3780547945205,-3.06416438356164,399.46,2122,"Indian Head"
"724",2009,9.49054347826087,-3.61891304347826,163.32,21.4934782608696,7.16869565217391,178.93,11.2089010989011,-1.71417582417582,111.68,3.09416666666667,-8.414,1.45466666666667,20.638041958042,5.8213986013986,1.4072027972028,4.00166666666667,-7.20960784313726,1.18264705882353,10.2211232876712,-2.50027397260274,496.42,2122,"Indian Head"
"725",2010,8.35423913043478,-3.6770652173913,190.65,21.8484782608696,6.49869565217391,102.7,11.973956043956,-0.954945054945055,126.72,3.47383333333333,-7.52133333333333,1.08925,19.0600699300699,4.38076923076923,1.51559440559441,6.45764705882353,-4.53725490196078,1.61029411764706,10.4140547945205,-2.02441095890411,511.69,2122,"Indian Head"
"726",2011,7.22086956521739,-4.42,222.87,22.6117391304348,6.51858695652174,68.01,11.536043956044,-1.67538461538462,90.48,1.22975,-9.62883333333333,1.4045,20.0827972027972,4.89006993006993,1.10202797202797,5.98735294117647,-6.12205882352941,1.04686274509804,9.94553424657534,-2.9606301369863,432.91,2122,"Indian Head"
"727",2012,11.2294565217391,-2.36826086956522,147.82,24.678152173913,7.75271739130435,32.67,12.5034065934066,-0.989120879120879,69.99,4.95733333333333,-7.41491666666667,1.32983333333333,22.164965034965,5.72272727272727,0.494335664335664,6.27362745098039,-4.95176470588235,1.16519607843137,12.0667945205479,-1.57950684931507,349.12,2122,"Indian Head"
"728",2013,9.85945652173913,-3.41608695652174,80.96,25.2117391304348,8.59576086956522,65.89,10.8232967032967,-1.24813186813187,92.18,2.52841666666667,-9.47833333333333,0.605333333333333,22.4954545454545,7.02223776223776,0.950909090909091,4.33911764705882,-7.06970588235294,0.996960784313725,10.8571232876712,-2.3406301369863,310.31,2122,"Indian Head"
"729",2014,11.1033695652174,-2.84032608695652,92.24,22.6082608695652,7.55239130434783,116.13,11.6558241758242,-1.14945054945055,94.01,4.47833333333333,-8.04658333333333,1.11125,20.9227272727273,5.80111888111888,0.944685314685315,6.29460784313726,-4.49833333333333,1.36960784313725,11.4284931506849,-1.62975342465753,408.14,2122,"Indian Head"
"730",2015,11.7955434782609,-1.71163043478261,129.74,23.8704347826087,8.18934782608696,92.04,11.8547252747253,-0.645934065934066,97.21,6.721,-5.74691666666667,0.368,21.0725874125874,6.43678321678322,1.58706293706294,5.81264705882353,-5.35911764705882,1.095,12.0898356164384,-0.865205479452055,382.8,2122,"Indian Head"
"731",2016,10.7517391304348,-1.81826086956522,163,24.355,7.19684782608696,23.68,11.7685714285714,0.313516483516484,207.33,4.4435,-6.81358333333333,1.0805,21.2241258741259,5.46153846153846,0.860909090909091,5.48627450980392,-5.26980392156863,2.5078431372549,11.3092328767123,-1.57301369863014,508.57,2122,"Indian Head"
"732",2017,10.569347826087,-1.9104347826087,123.05,24.3845652173913,8.45086956521739,68.3,10.3524175824176,-1.76945054945055,131.44,3.01,-7.79325,1.838,22.0540559440559,6.64839160839161,1.21300699300699,4.92705882352941,-6.03588235294118,0.910490196078431,11.0068219178082,-1.64419178082192,486.89,2122,"Indian Head"
"733",2018,10.2669565217391,-2.29858695652174,214.46,23.8072826086957,7.65586956521739,77.1,11.0484615384615,-1.9532967032967,41.59,3.70425,-7.84775,1.39025,21.9079020979021,6.39265734265734,1.21230769230769,4.92872549019608,-6.41813725490196,0.577843137254902,11.1782739726027,-1.86912328767123,399.13,2122,"Indian Head"
"734",2019,9.35434782608696,-2.90978260869565,127.8,23.0927173913043,7.08271739130435,44.9,9.40450549450549,-3.22153846153846,112.04,2.70591666666667,-8.611,1.50408333333333,20.5606993006993,5.68671328671329,1.07762237762238,4.14852941176471,-6.98794117647059,1.09470588235294,10.1042191780822,-2.55586301369863,446.25,2122,"Indian Head"
"735",2020,9.90413043478261,-3.43467391304348,85.24,23.6371739130435,7.63413043478261,74.11,12.6379120879121,-1.78846153846154,60.61,2.83283333333333,-9.02183333333333,0.964333333333333,21.7439160839161,5.89993006993007,0.785734265734266,6.85774509803922,-5.87147058823529,0.671960784313726,11.366602739726,-2.29539726027397,296.62,2122,"Indian Head"
"736",2000,13.333152173913,0.0897826086956522,80.36,27.5205434782609,9.36891304347826,15.63,11.1445054945055,-1.28582417582418,123.52,6.57908333333333,-4.70925,0.94825,24.5686013986014,7.80363636363636,0.621818181818182,5.13539215686275,-5.5306862745098,1.10558823529412,13.2235890410959,-0.0364931506849315,315.48,1655,"Iron.Lime Creek"
"737",2001,13.3730434782609,-0.345869565217391,105.99,26.7782608695652,9.6995652173913,73.44,14.873956043956,1.62725274725275,91.52,4.53908333333333,-6.4895,1.00141666666667,25.0107692307692,8.02531468531468,0.800629370629371,7.72245098039216,-3.43892156862745,0.886960784313725,13.449095890411,0.0496164383561644,325.13,1655,"Iron.Lime Creek"
"738",2002,11.3770652173913,-1.58760869565217,117.62,26.1026086956522,9.13880434782609,85.09,12.4073626373626,-0.858461538461538,43.95,4.273,-6.84841666666667,1.02741666666667,23.6939160839161,7.43748251748252,0.966083916083916,6.61303921568627,-4.14725490196078,0.574509803921569,12.5356712328767,-0.496630136986301,320.04,1655,"Iron.Lime Creek"
"739",2003,12.5907608695652,-0.0796739130434783,129,28.5791304347826,10.5326086956522,42.31,13.8767032967033,0.0295604395604396,31.98,5.75675,-4.32091666666667,1.50975,25.2727972027972,8.26300699300699,0.535034965034965,8.36735294117647,-3.3143137254902,0.754901960784314,14.132301369863,0.890520547945206,334.68,1655,"Iron.Lime Creek"
"740",2004,14.1166304347826,0.458260869565217,113.34,25.2910869565217,8.87663043478261,77.5,12.608021978022,0.113626373626374,88.85,6.7565,-5.06175,0.796833333333333,22.6072727272727,7.14937062937063,1.3865034965035,7.66950980392157,-3.05519607843137,0.821470588235294,13.2216712328767,0.283068493150685,377.68,1655,"Iron.Lime Creek"
"741",2005,12.8505434782609,-0.467934782608696,131.12,25.6375,8.74576086956522,81.36,12.8145054945055,0.00835164835164836,109.08,6.67975,-5.38441666666667,0.629583333333333,23.2638461538462,7.04342657342657,1.17384615384615,6.51549019607843,-4.09598039215686,1.41774509803922,13.1311780821918,-0.155369863013699,388.02,1655,"Iron.Lime Creek"
"742",2006,12.7276086956522,-0.473695652173913,117.28,27.3983695652174,10.1397826086957,53.68,12.4862637362637,-0.097912087912088,149.92,5.159,-5.6245,1.3105,24.899020979021,8.07965034965035,0.735594405594406,6.93166666666667,-3.79382352941176,1.5771568627451,13.3881369863014,0.256109589041096,423.32,1655,"Iron.Lime Creek"
"743",2007,14.5973913043478,0.176521739130435,87.2,28.2427173913043,10.2780434782609,50.74,12.3340659340659,-0.191428571428571,127.16,6.62566666666667,-5.12091666666667,0.93625,25.4606993006993,8.19888111888112,0.718531468531469,6.00235294117647,-4.43862745098039,1.56519607843137,13.8306849315069,0.288191780821918,374.75,1655,"Iron.Lime Creek"
"744",2008,10.3083695652174,-2.9304347826087,116.34,26.2902173913043,8.71576086956522,37,13.9928571428571,0.640879120879121,76.17,3.60958333333333,-7.70516666666667,1.0125,23.5411188811189,6.74160839160839,0.721048951048951,7.59529411764706,-3.48970588235294,1.02892156862745,12.5321917808219,-0.867178082191781,329.56,1655,"Iron.Lime Creek"
"745",2009,11.7002173913043,-1.65891304347826,134,24.6198913043478,9.05228260869565,133.6,13.4310989010989,-0.101978021978022,61.88,4.99258333333333,-6.03733333333333,1.40116666666667,23.5601398601399,7.54230769230769,1.15321678321678,5.84862745098039,-5.46137254901961,0.691470588235294,12.5062191780822,-0.55613698630137,403.58,1655,"Iron.Lime Creek"
"746",2010,10.9767391304348,-1.82119565217391,118.55,24.1139130434783,8.07195652173913,142.35,13.3949450549451,0.637252747252747,104.13,5.85358333333333,-5.263,0.64975,21.2304895104895,6.03587412587413,1.75594405594406,7.39490196078431,-3.30862745098039,1.40117647058824,12.3086849315068,-0.290164383561644,471.99,1655,"Iron.Lime Creek"
"747",2011,9.60565217391304,-1.96195652173913,159.71,25.6167391304348,8.45,64.63,14.0450549450549,0.314945054945055,88.13,3.41916666666667,-6.84458333333333,1.11133333333333,23.071958041958,6.77468531468531,0.99041958041958,7.79362745098039,-4.01382352941176,0.958137254901961,12.3412054794521,-0.717753424657534,372.72,1655,"Iron.Lime Creek"
"748",2012,13.4741304347826,-0.605760869565217,122.92,27.5339130434783,9.3454347826087,40.35,14.6530769230769,0.711098901098901,80.55,7.00825,-5.08491666666667,1.09075,24.8699300699301,7.29769230769231,0.545384615384615,8.1256862745098,-3.06245098039216,1.28058823529412,14.3183835616438,0.331534246575342,339.5,1655,"Iron.Lime Creek"
"749",2013,12.5628260869565,-1.32934782608696,66.07,28.0067391304348,9.81630434782609,63.94,12.5367032967033,0.12967032967033,101.15,5.12866666666667,-6.87591666666667,0.500333333333333,25.3725174825175,8.37384615384615,0.782237762237762,5.74647058823529,-5.2706862745098,1.17970588235294,13.2324657534247,-0.452767123287671,292.23,1655,"Iron.Lime Creek"
"750",2014,13.0128260869565,-0.909130434782609,101.45,25.576847826087,9.56,103.02,13.7595604395604,0.56989010989011,119.81,5.96366666666667,-5.64233333333333,1.42008333333333,23.7724475524476,7.60034965034965,0.902027972027972,7.76696078431373,-2.73450980392157,1.68558823529412,13.4447397260274,0.358493150684932,471.33,1655,"Iron.Lime Creek"
"751",2015,14.3016304347826,0.114130434782609,112.58,26.945652173913,10.1728260869565,57.13,13.6782417582418,0.643406593406593,100.95,8.28675,-3.79358333333333,0.7935,24.0317482517483,8.32321678321678,1.19636363636364,7.55470588235294,-3.54460784313725,1.25186274509804,14.2507671232877,1.02312328767123,393.99,1655,"Iron.Lime Creek"
"752",2016,13.4422826086957,0.402717391304348,129.13,27.1067391304348,8.99054347826087,18,13.6857142857143,1.9878021978022,106.88,6.58866666666667,-4.69591666666667,1.02841666666667,23.9066433566434,7.35034965034965,0.640489510489511,6.92578431372549,-3.48529411764706,1.55529411764706,13.4677260273973,0.361890410958904,373.64,1655,"Iron.Lime Creek"
"753",2017,12.8519565217391,0.230108695652174,185.58,27.2521739130435,10.026847826087,51.39,11.9506593406593,0.318351648351648,154.07,4.34283333333333,-6.00066666666667,2.06058333333333,24.631958041958,8.22188811188811,1.14552447552448,6.22078431372549,-3.87696078431373,1.35960784313725,12.8165205479452,0.164931506849315,549.76,1655,"Iron.Lime Creek"
"754",2018,12.8357608695652,0.0155434782608695,147.95,26.4320652173913,9.61891304347826,88.24,12.8534065934066,-0.139230769230769,69.59,5.76333333333333,-5.0025,1.30766666666667,24.5368531468531,8.2141958041958,0.998321678321678,6.41421568627451,-4.33274509803922,0.878039215686275,13.3003287671233,0.362712328767123,389.24,1655,"Iron.Lime Creek"
"755",2019,11.6036956521739,-0.638152173913043,112.52,26.2491304347826,9.52695652173913,31.66,11.1518681318681,-0.954065934065934,86.26,4.34583333333333,-6.07075,1.34958333333333,23.7123776223776,8.05874125874126,0.758181818181818,5.25892156862745,-5.18088235294118,0.804705882352941,12.1884383561644,-0.28641095890411,352.45,1655,"Iron.Lime Creek"
"756",2020,12.0052173913043,-1.06239130434783,113.94,25.9586956521739,9.57021739130435,113.53,14.641978021978,0.243956043956044,84.87,4.71875,-6.5735,1.232,24.0378321678322,7.87762237762238,1.20265734265734,8.23372549019608,-3.95490196078431,1.03911764705882,13.2698630136986,-0.180054794520548,425.81,1655,"Iron.Lime Creek"
"757",2000,11.640652173913,-2.37630434782609,78.22,26.2765217391304,6.5279347826087,22.03,9.76186813186813,-3.44021978021978,101.98,5.45083333333333,-6.98291666666667,0.80575,23.2826573426573,5.15132867132867,0.58020979020979,4.26774509803922,-7.6393137254902,0.963039215686274,12.1063835616438,-2.41238356164384,277.89,1881,"Jakes Canyon"
"758",2001,11.8692391304348,-2.9175,118.63,25.6046739130435,6.74760869565217,64.23,14.1469230769231,-0.555824175824176,74,3.70583333333333,-8.76025,1.05683333333333,23.676013986014,5.10412587412587,0.707132867132867,7.71764705882353,-5.3256862745098,0.752745098039216,12.6508767123288,-2.36865753424658,304.72,1881,"Jakes Canyon"
"759",2002,9.90423913043478,-4.38804347826087,81.94,25.04,6.27217391304348,94.17,11.593956043956,-3.15978021978022,59.61,3.1065,-9.65741666666667,0.808666666666667,22.5183916083916,4.79041958041958,0.956153846153846,6.17441176470588,-6.715,0.544509803921569,11.5690410958904,-3.17476712328767,289.31,1881,"Jakes Canyon"
"760",2003,11.1735869565217,-2.71445652173913,151.52,27.2957608695652,7.01086956521739,39.92,12.9465934065934,-2.78725274725275,30.85,4.72891666666667,-7.40408333333333,1.45558333333333,24.0312587412587,4.96937062937063,0.583916083916084,7.69343137254902,-6.03549019607843,0.682156862745098,13.1196438356164,-2.17394520547945,327.75,1881,"Jakes Canyon"
"761",2004,12.5630434782609,-2.07478260869565,112.44,23.9632608695652,6.11413043478261,90.53,11.4679120879121,-2.26010989010989,77.19,5.58541666666667,-7.6225,0.705583333333333,21.2988111888112,4.57398601398601,1.34433566433566,6.77598039215686,-5.28754901960784,0.732549019607843,12.0743287671233,-2.19164383561644,351.63,1881,"Jakes Canyon"
"762",2005,10.9748913043478,-2.75217391304348,145.17,24.1796739130435,5.78739130434783,107.23,12.4758241758242,-1.91142857142857,100.64,5.53866666666667,-7.73108333333333,0.7025,21.8844055944056,4.32482517482517,1.35552447552448,6.45558823529412,-5.7593137254902,1.27676470588235,12.1988493150685,-2.45679452054795,408.37,1881,"Jakes Canyon"
"763",2006,11.1998913043478,-2.82108695652174,116.1,26.3889130434783,7.19913043478261,62.5,11.6369230769231,-2.13230769230769,133.68,3.96725,-8.02116666666667,1.07975,23.771048951049,5.28888111888112,0.885034965034965,6.35833333333333,-5.79960784313726,1.31274509803922,12.3941917808219,-2.18572602739726,390.03,1881,"Jakes Canyon"
"764",2007,13.110652173913,-2.12260869565217,81.48,27.45,7.4545652173913,64.15,11.8720879120879,-2.01615384615385,105.97,5.39666666666667,-7.68741666666667,0.808833333333333,24.4661538461538,5.46825174825175,0.901328671328671,5.6021568627451,-6.27205882352941,1.08098039215686,12.9251506849315,-2.13775342465753,336.21,1881,"Jakes Canyon"
"765",2008,8.29695652173913,-5.64891304347826,108.32,25.2223913043478,5.50847826086957,39.46,13.446043956044,-1.40527472527473,72.49,1.96466666666667,-10.6554166666667,0.874333333333333,22.2634265734266,3.80475524475524,0.787972027972028,7.21970588235294,-5.65490196078431,1.11843137254902,11.3858630136986,-3.59279452054795,331.68,1881,"Jakes Canyon"
"766",2009,10.0305434782609,-4.23847826086957,152.65,23.3629347826087,6.57847826086957,146.73,12.3565934065934,-2.27505494505495,67.19,3.92425,-8.48225,1.507,22.3500699300699,5.08601398601399,1.1472027972028,4.85833333333333,-7.60872549019608,0.714509803921569,11.4041643835616,-2.92235616438356,417.77,1881,"Jakes Canyon"
"767",2010,9.51695652173913,-3.71989130434783,164.58,23.1222826086957,5.54326086956522,112.7,13.1483516483516,-1.40494505494506,80.36,4.9435,-7.46516666666667,0.773666666666667,20.2488811188811,3.75559440559441,1.6265034965035,7.23460784313725,-5.33950980392157,1.13637254901961,11.5801095890411,-2.47506849315069,441.34,1881,"Jakes Canyon"
"768",2011,7.84445652173913,-4.29532608695652,204.12,24.7354347826087,5.90565217391304,94.65,13.3684615384615,-1.87164835164835,81.79,2.05141666666667,-9.38241666666667,1.29275,21.9459440559441,4.28741258741259,1.34433566433566,7.28490196078431,-6.15313725490196,0.877549019607843,11.3082191780822,-3.12441095890411,436.88,1881,"Jakes Canyon"
"769",2012,12.2303260869565,-2.55163043478261,129.1,26.7584782608696,6.79260869565217,37.7,14.2036263736264,-1.48604395604396,65.17,5.97108333333333,-7.39425,1.27733333333333,23.9962237762238,4.79706293706294,0.561188811188811,7.77735294117647,-5.30029411764706,1.02352941176471,13.5377534246575,-2.03276712328767,337.93,1881,"Jakes Canyon"
"770",2013,11.2079347826087,-3.34369565217391,79.23,26.9790217391304,7.41847826086957,58.79,11.8307692307692,-1.20516483516484,112.82,4.079,-8.97758333333333,0.462583333333333,24.221958041958,6.2113986013986,0.951188811188811,5.34941176470588,-6.82352941176471,1.16235294117647,12.3256438356164,-2.42487671232877,310.09,1881,"Jakes Canyon"
"771",2014,11.9105434782609,-2.95,94.84,24.6039130434783,6.71086956521739,100.85,13.2568131868132,-1.39373626373626,90.51,5.26383333333333,-7.93516666666667,1.3525,22.7487412587413,4.94405594405594,0.918811188811189,7.56137254901961,-4.65813725490196,1.40990196078431,12.7561369863014,-1.97356164383562,437.5,1881,"Jakes Canyon"
"772",2015,13.0578260869565,-1.83163043478261,140.56,25.7230434782609,7.40684782608696,84.47,13.02,-1.37758241758242,86.62,7.872,-5.58225,0.919583333333333,22.797972027972,5.90342657342657,1.40811188811189,6.93803921568627,-5.69313725490196,1.135,13.4587123287671,-1.1133698630137,427.48,1881,"Jakes Canyon"
"773",2016,11.8017391304348,-1.63010869565217,145.81,26.2308695652174,5.96358695652174,21.39,13.2924175824176,0.562417582417582,157.26,5.69591666666667,-6.40558333333333,1.00091666666667,22.8997202797203,4.69503496503497,0.763076923076923,6.86735294117647,-5.00490196078431,1.88323529411765,12.763397260274,-1.66515068493151,421.32,1881,"Jakes Canyon"
"774",2017,11.7310869565217,-1.71673913043478,122.65,26.310652173913,7.08641304347826,65.36,11.2749450549451,-1.6010989010989,105.01,3.87066666666667,-7.48116666666667,1.4925,23.6912587412587,5.51909090909091,1.06825174825175,5.80019607843137,-5.79274509803922,0.919411764705882,12.1752054794521,-1.91608219178082,425.64,1881,"Jakes Canyon"
"775",2018,11.3857608695652,-2.33130434782609,172.56,25.289347826087,6.74304347826087,109.1,12.2156043956044,-2.49098901098901,44.98,4.56666666666667,-7.70625,1.34566666666667,23.3785314685315,5.4465034965035,1.28377622377622,5.85303921568627,-6.6206862745098,0.574901960784314,12.2962739726027,-2.2498904109589,403.7,1881,"Jakes Canyon"
"776",2019,10.0248913043478,-3.36619565217391,141.42,24.8142391304348,6.27097826086957,51.53,10.4501098901099,-3.02450549450549,100.97,3.31075,-8.76025,1.41883333333333,22.181048951049,5.10440559440559,1.04727272727273,4.86656862745098,-7.13813725490196,0.982254901960784,11.1385479452055,-2.87504109589041,420.21,1881,"Jakes Canyon"
"777",2020,10.6219565217391,-3.34847826086957,102,25.0244565217391,6.73836956521739,99.17,14.1937362637363,-2.04593406593407,78.87,3.792,-8.84525,1.03625,23.1158741258741,5.23643356643357,1.09454545454545,8.0906862745098,-6.04078431372549,0.868235294117647,12.564,-2.54460273972603,369.43,1881,"Jakes Canyon"
"778",2000,13.2713043478261,0.238804347826087,93.19,27.2560869565217,9.18891304347826,21.12,10.7924175824176,-1.36505494505494,143.18,6.53208333333333,-4.48258333333333,0.87,24.3284615384615,7.65902097902098,0.750629370629371,4.77990196078431,-5.50921568627451,1.32813725490196,13.0147123287671,-0.0126301369863014,347.21,1619,"Joe Moore"
"779",2001,13.070652173913,-0.213804347826087,119.59,26.7032608695652,9.73163043478261,88.94,14.7626373626374,1.8321978021978,87.48,4.26308333333333,-6.172,1.09391666666667,24.9067132867133,8.06951048951049,0.976293706293706,7.68892156862745,-3.07117647058824,0.942647058823529,13.3082191780822,0.274082191780822,367.03,1619,"Joe Moore"
"780",2002,11.1715217391304,-1.5829347826087,105.51,25.9060869565217,9.18695652173913,104.49,12.1873626373626,-0.745824175824176,47.41,4.19958333333333,-6.57741666666667,1.00983333333333,23.5318181818182,7.50496503496503,1.05090909090909,6.48676470588235,-3.93421568627451,0.530392156862745,12.4127397260274,-0.321561643835616,325.56,1619,"Joe Moore"
"781",2003,12.3647826086957,0.00760869565217396,137.42,28.2451086956522,10.4954347826087,41.04,13.4469230769231,0.0870329670329671,41.53,5.54033333333333,-4.24,1.66025,24.9583916083916,8.24517482517482,0.530699300699301,7.98823529411765,-3.21303921568627,0.777941176470588,13.8320273972603,0.938438356164384,354.47,1619,"Joe Moore"
"782",2004,13.8025,0.437934782608696,117.62,24.9467391304348,8.8025,84.41,12.4423076923077,0.0646153846153847,85.06,6.40858333333333,-4.99658333333333,0.7315,22.3025174825175,7.05797202797203,1.45769230769231,7.4906862745098,-3.07421568627451,0.780686274509804,12.9379178082192,0.263369863013699,375.86,1619,"Joe Moore"
"783",2005,12.6959782608696,-0.481086956521739,139.95,25.3784782608696,8.73152173913043,83.87,12.4030769230769,0.113186813186813,107.83,6.33916666666667,-5.42608333333333,0.70475,23.0676923076923,7.03013986013986,1.20167832167832,6.11901960784314,-4.01892156862745,1.33019607843137,12.8315616438356,-0.152739726027397,392.09,1619,"Joe Moore"
"784",2006,12.6851086956522,-0.332391304347826,121.66,27.1708695652174,10.1980434782609,60.68,12.2386813186813,-0.0659340659340659,133.71,5.01658333333333,-5.48408333333333,1.28141666666667,24.7262937062937,8.14048951048951,0.754685314685315,6.66235294117647,-3.72901960784314,1.41490196078431,13.1983835616438,0.344219178082192,406.01,1619,"Joe Moore"
"785",2007,14.2545652173913,0.223586956521739,99,28.1069565217391,10.2673913043478,50.64,11.9286813186813,-0.124725274725275,134.29,6.23183333333333,-5.14475,0.98775,25.2634965034965,8.20034965034965,0.743986013986014,5.60921568627451,-4.3306862745098,1.65843137254902,13.5140821917808,0.311095890410959,394.08,1619,"Joe Moore"
"786",2008,9.89347826086957,-2.74608695652174,123.02,25.9520652173913,8.71804347826087,36.45,13.4995604395604,0.585164835164835,96.36,3.20241666666667,-7.52808333333333,1.16775,23.156013986014,6.76804195804196,0.707622377622378,7.1678431372549,-3.52019607843137,1.16333333333333,12.128,-0.807123287671233,359.98,1619,"Joe Moore"
"787",2009,11.4976086956522,-1.64945652173913,146.35,24.3790217391304,9.09760869565217,142.01,13.1056043956044,-0.0846153846153846,73.26,4.58858333333333,-6.1155,1.44341666666667,23.3556643356643,7.5913986013986,1.26153846153846,5.44892156862745,-5.44058823529412,0.772549019607843,12.1815890410959,-0.556794520547945,432.41,1619,"Joe Moore"
"788",2010,10.9730434782609,-1.64945652173913,129.25,23.9195652173913,8.18869565217391,140.6,13.0642857142857,0.718681318681319,120.67,5.7955,-5.12991666666667,0.863416666666667,21.0610489510489,6.16587412587413,1.84097902097902,7.11490196078431,-3.29127450980392,1.6028431372549,12.1449589041096,-0.190630136986301,530.36,1619,"Joe Moore"
"789",2011,9.54260869565217,-1.75336956521739,184.58,25.356847826087,8.56445652173913,74.56,13.7083516483516,0.366593406593407,74.01,3.09658333333333,-6.8155,1.3795,22.8493706293706,6.85874125874126,1.15048951048951,7.3821568627451,-3.93823529411765,0.819509803921569,12.0329589041096,-0.65413698630137,413.65,1619,"Joe Moore"
"790",2012,13.4175,-0.392173913043478,131.45,27.2882608695652,9.56065217391304,47.45,14.1768131868132,0.800879120879121,81.61,6.83841666666667,-4.74133333333333,1.13158333333333,24.605034965035,7.45594405594406,0.636993006993007,7.74411764705882,-2.94617647058824,1.33794117647059,14.0521369863014,0.538986301369863,363.35,1619,"Joe Moore"
"791",2013,12.369347826087,-1.00076086956522,74.76,27.8636956521739,10.1827173913043,71.98,12.1789010989011,0.376373626373626,108.75,4.73458333333333,-6.54358333333333,0.572583333333333,25.2598601398601,8.7051048951049,0.893286713286713,5.23990196078431,-5.02078431372549,1.24509803921569,12.9172054794521,-0.143890410958904,323.45,1619,"Joe Moore"
"792",2014,12.7533695652174,-0.861739130434783,113.27,25.3816304347826,9.57739130434783,115.39,13.3484615384615,0.633846153846154,139.43,5.50558333333333,-5.69533333333333,1.52533333333333,23.5430769230769,7.5827972027972,1.05587412587413,7.47196078431373,-2.58205882352941,1.90245098039216,13.1218356164384,0.376794520547945,528.08,1619,"Joe Moore"
"793",2015,14.0730434782609,0.199347826086957,131.26,26.7842391304348,10.215,48.68,13.3136263736264,0.786923076923077,117.94,8.01675,-3.72183333333333,0.895083333333333,23.8181118881119,8.39244755244755,1.27363636363636,7.28588235294118,-3.32588235294118,1.45166666666667,14.0031780821918,1.13495890410959,437.61,1619,"Joe Moore"
"794",2016,13.2090217391304,0.562826086956522,139.71,26.9063043478261,9.03130434782609,28.71,13.5005494505494,2.19505494505494,112.9,6.40708333333333,-4.41258333333333,1.32316666666667,23.6774825174825,7.45468531468531,0.767692307692308,6.72833333333333,-3.23745098039216,1.64519607843137,13.2630684931507,0.565178082191781,436.37,1619,"Joe Moore"
"795",2017,12.6644565217391,0.556630434782609,201.98,26.9914130434783,10.0505434782609,66.24,11.5956043956044,0.497362637362637,164.53,4.22008333333333,-5.62591666666667,2.05916666666667,24.3574825174825,8.25489510489511,1.21090909090909,5.80166666666667,-3.59029411764706,1.53705882352941,12.5515068493151,0.381178082191781,577.04,1619,"Joe Moore"
"796",2018,12.5611956521739,0.104021739130435,165.62,25.964347826087,9.48782608695652,104.94,12.2746153846154,-0.0828571428571429,80.71,5.37441666666667,-4.89891666666667,1.57691666666667,24.1138461538462,8.11090909090909,1.16384615384615,5.91470588235294,-4.21460784313726,1.02,12.8671506849315,0.389315068493151,459.7,1619,"Joe Moore"
"797",2019,11.3015217391304,-0.888804347826087,132.51,26.0859782608696,9.36804347826087,29.75,10.7937362637363,-0.983296703296703,106.81,3.96033333333333,-6.18475,1.50675,23.5861538461538,7.90104895104895,0.776853146853147,4.97666666666667,-5.09823529411765,1.00107843137255,11.9333698630137,-0.362575342465753,394.01,1619,"Joe Moore"
"798",2020,11.8176086956522,-1.2045652173913,112.21,25.7535869565217,9.29478260869565,136.89,14.2076923076923,-0.0374725274725275,92.85,4.47008333333333,-6.58858333333333,1.23291666666667,23.8487412587413,7.62636363636364,1.43328671328671,7.85029411764706,-4.10529411764706,1.12794117647059,13.0068767123288,-0.325479452054795,467.96,1619,"Joe Moore"
"799",2000,12.7664130434783,-0.465978260869565,86.85,26.9020652173913,8.21293478260869,14.37,10.3728571428571,-2.09703296703297,137.21,6.22475,-5.13091666666667,0.800583333333333,23.9655244755245,6.7813986013986,0.65986013986014,4.54127450980392,-6.18176470588235,1.31009803921569,12.7047945205479,-0.757561643835616,324.06,1686,"Kenney Creek"
"800",2001,12.4836956521739,-1.11695652173913,116.5,26.3066304347826,8.60989130434783,81.74,14.5359340659341,1.00967032967033,80.87,3.9495,-6.98883333333333,1.06566666666667,24.4375524475524,6.96846153846154,0.928391608391608,7.74813725490196,-3.75666666666667,0.806372549019608,13.0378630136986,-0.617397260273973,342.89,1686,"Kenney Creek"
"801",2002,10.6175,-2.57586956521739,103.39,25.528152173913,8.24271739130435,98.57,11.9347252747253,-1.55142857142857,46.94,3.81841666666667,-7.54025,1.02508333333333,23.1174125874126,6.61447552447552,0.995314685314685,6.39205882352941,-4.84970588235294,0.566764705882353,12.098602739726,-1.24282191780822,323.15,1686,"Kenney Creek"
"802",2003,11.8146739130435,-0.8275,139.24,27.8111956521739,9.28173913043478,47.15,13.181978021978,-0.927912087912088,45.32,5.22883333333333,-5.234,1.57858333333333,24.5362937062937,7.12671328671329,0.567482517482517,7.80509803921569,-4.21,0.824803921568627,13.5130684931507,-0.105150684931507,354.71,1686,"Kenney Creek"
"803",2004,13.243152173913,-0.37445652173913,120.3,24.4432608695652,7.78967391304348,75.62,12.0731868131868,-0.744285714285714,82.3,6.06991666666667,-5.79466666666667,0.71375,21.7986013986014,6.14223776223776,1.36076923076923,7.255,-3.81294117647059,0.713333333333333,12.5632876712329,-0.564219178082192,353,1686,"Kenney Creek"
"804",2005,11.9927173913043,-1.26413043478261,143.75,24.8983695652174,7.52934782608696,83.99,12.4754945054945,-0.675494505494506,109.82,5.9725,-6.26225,0.699916666666667,22.6169230769231,5.94384615384615,1.19363636363636,6.31,-4.62392156862745,1.31764705882353,12.5877808219178,-1.02230136986301,389.08,1686,"Kenney Creek"
"805",2006,12.1610869565217,-1.2929347826087,119.63,26.9094565217391,8.91945652173913,61.61,12.0525274725275,-0.882307692307692,138.79,4.64383333333333,-6.3775,1.18841666666667,24.4126573426573,6.94335664335664,0.75979020979021,6.5593137254902,-4.49813725490196,1.39274509803922,12.9241643835616,-0.63345205479452,393.32,1686,"Kenney Creek"
"806",2007,13.8132608695652,-0.669891304347826,103.12,27.8764130434783,9.07836956521739,50.1,11.8768131868132,-0.874615384615385,138.15,5.88283333333333,-6.06233333333333,0.94925,24.9751748251748,7.06104895104895,0.777902097902098,5.56333333333333,-5.04166666666667,1.60323529411765,13.2735616438356,-0.635616438356164,388.68,1686,"Kenney Creek"
"807",2008,9.19902173913044,-3.68304347826087,105.57,25.6205434782609,7.51413043478261,34.78,13.3921978021978,-0.185274725274725,100.29,2.67608333333333,-8.52141666666667,0.81925,22.7426573426573,5.67083916083916,0.733706293706294,7.12078431372549,-4.31352941176471,1.17137254901961,11.7798630136986,-1.7852602739726,322.71,1686,"Kenney Creek"
"808",2009,10.8610869565217,-2.5945652173913,139.08,23.9563043478261,8.09510869565217,130,12.7578021978022,-1.02241758241758,74.6,4.22466666666667,-6.94883333333333,1.30583333333333,22.9447552447552,6.59167832167832,1.13909090909091,5.1228431372549,-6.3606862745098,0.745588235294118,11.8098356164384,-1.47956164383562,395.64,1686,"Kenney Creek"
"809",2010,10.409347826087,-2.39445652173913,146.76,23.5997826086957,7.20489130434783,132.38,13.0546153846154,-0.156593406593407,115.32,5.43233333333333,-6.04083333333333,0.87075,20.733006993007,5.27475524475524,1.81027972027972,7.09401960784314,-4.19323529411765,1.47235294117647,11.8912054794521,-1.09128767123288,513.54,1686,"Kenney Creek"
"810",2011,8.92771739130435,-2.57945652173913,191.84,25.1428260869565,7.5529347826087,79.4,13.5892307692308,-0.598571428571429,74.97,2.6825,-7.64358333333333,1.35008333333333,22.5309090909091,5.87265734265734,1.21706293706294,7.34490196078431,-4.80549019607843,0.847745098039216,11.7616438356164,-1.55506849315068,422.52,1686,"Kenney Creek"
"811",2012,13.0292391304348,-1.18663043478261,123.99,27.0784782608696,8.40967391304348,55.07,14.0506593406593,-0.258681318681319,77.66,6.52258333333333,-5.62308333333333,1.09308333333333,24.363986013986,6.33797202797203,0.667902097902098,7.61617647058824,-3.98264705882353,1.21401960784314,13.8181095890411,-0.478547945205479,350.51,1686,"Kenney Creek"
"812",2013,11.885,-1.74173913043478,75.99,27.4463043478261,9.22326086956522,70.33,11.9407692307692,-0.167912087912088,111.75,4.44308333333333,-7.19175,0.582416666666667,24.8076923076923,7.83825174825175,0.919160839160839,5.15823529411765,-5.54254901960784,1.21607843137255,12.621397260274,-0.84241095890411,325.37,1686,"Kenney Creek"
"813",2014,12.3263043478261,-1.52782608695652,108.96,25.0054347826087,8.62358695652174,95.9,13.166043956044,-0.107912087912088,118.11,5.21241666666667,-6.41125,1.74091666666667,23.1441958041958,6.66776223776224,0.918041958041958,7.42333333333333,-3.25392156862745,1.72656862745098,12.8555890410959,-0.404821917808219,516.3,1686,"Kenney Creek"
"814",2015,13.6234782608696,-0.47195652173913,151.67,26.3567391304348,9.25130434782609,50.11,13.1485714285714,0.0641758241758241,119.21,7.94608333333333,-4.248,0.94175,23.3846153846154,7.54083916083916,1.32342657342657,7.15764705882353,-4.04558823529412,1.36705882352941,13.7742739726027,0.427205479452055,441.7,1686,"Kenney Creek"
"815",2016,12.6473913043478,-0.114565217391304,150.5,26.6190217391304,7.93619565217391,21.15,13.3846153846154,1.64175824175824,116.07,6.16766666666667,-4.92108333333333,1.22875,23.3295804195804,6.49811188811189,0.783986013986014,6.73,-3.78745098039216,1.64411764705882,13.0485205479452,-0.130465753424658,427.26,1686,"Kenney Creek"
"816",2017,12.2976086956522,-0.0352173913043478,195.41,26.6973913043478,9.00847826086956,70.46,11.3931868131868,-0.234835164835165,147.12,4.083,-6.03775,1.8655,24.046013986014,7.30132867132867,1.25258741258741,5.8256862745098,-4.21137254901961,1.43676470588235,12.3911232876712,-0.301369863013699,549.53,1686,"Kenney Creek"
"817",2018,12.0825,-0.657717391304348,169.24,25.5945652173913,8.48369565217391,123.03,12.0712087912088,-0.938681318681319,66.96,5.03175,-5.75058333333333,1.50991666666667,23.7309090909091,7.13559440559441,1.34965034965035,5.76186274509804,-5.03588235294118,0.855588235294118,12.5617534246575,-0.502301369863014,461.46,1686,"Kenney Creek"
"818",2019,10.6826086956522,-1.87097826086957,144.1,25.6853260869565,8.26130434782609,32.13,10.6003296703297,-1.73164835164835,108.81,3.50925,-7.22583333333333,1.45975,23.1405594405594,6.88097902097902,0.771608391608392,4.88352941176471,-5.8043137254902,1.0993137254902,11.5844657534247,-1.30180821917808,397.64,1686,"Kenney Creek"
"819",2020,11.2922826086957,-1.93989130434783,110.37,25.5,8.38891304347826,118.85,14.1541758241758,-0.787362637362637,81.37,4.13583333333333,-7.27316666666667,1.26175,23.5900699300699,6.77293706293706,1.30671328671329,7.95480392156863,-4.71019607843137,0.995490196078431,12.8248493150685,-1.05394520547945,439.81,1686,"Kenney Creek"
"820",2000,12.3040217391304,-0.590108695652174,115.51,26.0514130434783,8.24434782608696,21.83,10.0147252747253,-2.00901098901099,152.15,5.76641666666667,-5.15508333333333,1.18233333333333,23.1625174825175,6.78601398601399,0.825174825174825,4.17254901960784,-6.06401960784314,1.49078431372549,12.1364657534247,-0.730794520547945,411.94,1716,"Kirtley Creek"
"821",2001,12.0451086956522,-0.975434782608696,125.56,25.6958695652174,8.86282608695652,96.91,13.8457142857143,1.17208791208791,112.45,3.586,-6.77258333333333,1.15025,23.8828671328671,7.22447552447552,1.09573426573427,6.93460784313725,-3.6206862745098,1.24382352941176,12.473698630137,-0.408,421.59,1716,"Kirtley Creek"
"822",2002,10.1335869565217,-2.38597826086957,125.99,24.8129347826087,8.4520652173913,106.04,11.4108791208791,-1.27054945054945,52.45,3.46525,-7.17891666666667,1.22008333333333,22.4484615384615,6.75398601398601,1.10923076923077,5.8656862745098,-4.37617647058824,0.609411764705882,11.5733150684931,-0.937041095890411,367.19,1716,"Kirtley Creek"
"823",2003,11.4175,-0.655217391304348,174.06,27.1198913043478,9.85369565217391,52.79,12.4694505494505,-0.46978021978022,49.75,4.81225,-4.831,2.25058333333333,23.8659440559441,7.62706293706294,0.645174825174825,7.10901960784314,-3.78862745098039,0.988921568627451,12.9189589041096,0.341123287671233,463.2,1716,"Kirtley Creek"
"824",2004,12.756847826087,-0.200760869565217,133.04,23.9285869565217,8.11228260869565,103.24,11.7643956043956,-0.328901098901099,89.08,5.63858333333333,-5.579,1.0145,21.2642657342657,6.3893006993007,1.6751048951049,6.99303921568627,-3.37607843137255,0.867549019607843,12.1389315068493,-0.274438356164384,449.77,1716,"Kirtley Creek"
"825",2005,11.8141304347826,-1.2025,158.12,24.3645652173913,7.87152173913043,94.43,11.6264835164835,-0.532967032967033,142.37,5.74325,-5.97716666666667,0.899833333333333,22.0848251748252,6.21055944055944,1.37328671328671,5.45294117647059,-4.63196078431373,1.70186274509804,12.0644383561644,-0.826328767123288,477.95,1716,"Kirtley Creek"
"826",2006,11.8704347826087,-1.17271739130435,119.31,26.2184782608696,9.32673913043478,71.58,11.5598901098901,-0.627032967032967,151.95,4.37466666666667,-6.19191666666667,1.5775,23.8146153846154,7.32559440559441,0.79993006993007,6.03519607843137,-4.28882352941176,1.73823529411765,12.454904109589,-0.364191780821918,480.99,1716,"Kirtley Creek"
"827",2007,13.4010869565217,-0.430760869565217,115.55,27.1994565217391,9.52880434782609,42.72,11.246043956044,-0.667582417582418,160.65,5.58083333333333,-5.74516666666667,1.17375,24.3558741258741,7.47475524475524,0.778531468531468,4.99441176470588,-4.83607843137255,2.14313725490196,12.7726575342466,-0.311808219178082,470.78,1716,"Kirtley Creek"
"828",2008,9.17565217391304,-3.48173913043478,135.56,24.8983695652174,8.00445652173913,46.93,12.7028571428571,0.0818681318681318,125.21,2.67441666666667,-8.20241666666667,1.37133333333333,22.1441958041958,6.10125874125874,0.868741258741259,6.49833333333333,-3.99862745098039,1.47872549019608,11.370904109589,-1.42375342465753,439.62,1716,"Kirtley Creek"
"829",2009,10.6909782608696,-2.37554347826087,181.97,23.4615217391304,8.35380434782609,154.81,12.3375824175824,-0.635384615384615,84.11,3.90658333333333,-6.82383333333333,1.87933333333333,22.4444055944056,6.86916083916084,1.40979020979021,4.76686274509804,-6.00676470588235,0.968137254901961,11.4097534246575,-1.23084931506849,525.87,1716,"Kirtley Creek"
"830",2010,10.305652173913,-2.34315217391304,135.42,23.0479347826087,7.52076086956522,154.83,12.3420879120879,0.253186813186813,144.88,5.247,-5.7465,1.01758333333333,20.2286713286713,5.53013986013986,1.98874125874126,6.52294117647059,-3.7728431372549,1.78725490196078,11.473095890411,-0.776986301369863,588.8,1716,"Kirtley Creek"
"831",2011,8.91304347826087,-2.445,226.45,24.3827173913043,7.91,90.84,12.867032967033,-0.0905494505494505,82.92,2.60233333333333,-7.42025,1.85975,21.9413286713287,6.2220979020979,1.3341958041958,6.6571568627451,-4.39147058823529,1.03,11.3121095890411,-1.22904109589041,519.02,1716,"Kirtley Creek"
"832",2012,12.595652173913,-0.954891304347826,147.4,26.3559782608696,8.95369565217391,71.08,13.3454945054945,0.289010989010989,96.46,6.10216666666667,-5.25125,1.41525,23.6990909090909,6.84174825174825,0.823286713286713,6.96843137254902,-3.41686274509804,1.62147058823529,13.2383835616438,-0.000821917808219184,452.95,1716,"Kirtley Creek"
"833",2013,11.5179347826087,-1.51402173913043,86.69,26.8263043478261,9.72989130434783,79.69,11.4169230769231,0.0274725274725275,123.22,4.03566666666667,-6.942,0.736333333333333,24.2900699300699,8.22552447552447,0.976013986013986,4.55450980392157,-5.29313725490196,1.45882352941176,12.1159452054795,-0.538876712328767,376.73,1716,"Kirtley Creek"
"834",2014,11.8441304347826,-1.37173913043478,128.95,24.3634782608696,9.05815217391304,116.1,12.4957142857143,0.270659340659341,145.21,4.71516666666667,-6.09125,2.03575,22.5434265734266,7.05447552447552,1.07566433566434,6.7921568627451,-2.89411764705882,2.14294117647059,12.2803561643836,-0.0475616438356164,616.69,1716,"Kirtley Creek"
"835",2015,13.234347826087,-0.245326086956522,131.88,25.8870652173913,9.69782608695652,52.56,12.5224175824176,0.485714285714286,138.85,7.34458333333333,-4.14508333333333,0.9945,22.921048951049,7.88741258741259,1.34447552447552,6.66480392156863,-3.54803921568627,1.7721568627451,13.2571780821918,0.73586301369863,492.36,1716,"Kirtley Creek"
"836",2016,12.4139130434783,0.126413043478261,156.38,25.8758695652174,8.52391304347826,37.41,12.6887912087912,1.90120879120879,118.83,5.886,-4.66683333333333,1.56116666666667,22.6855944055944,6.99216783216783,0.908741258741259,6.05,-3.4206862745098,1.70950980392157,12.5135890410959,0.249178082191781,491.66,1716,"Kirtley Creek"
"837",2017,11.9059782608696,0.15304347826087,213,26.0270652173913,9.60260869565217,74.17,10.8189010989011,0.080989010989011,180.19,3.646,-5.97891666666667,2.25825,23.4460839160839,7.82104895104895,1.29706293706294,5.09794117647059,-3.86970588235294,1.77460784313725,11.8090410958904,0.017068493150685,637.48,1716,"Kirtley Creek"
"838",2018,11.7748913043478,-0.379565217391304,183.45,24.8871739130435,8.92521739130435,117.98,11.4532967032967,-0.313296703296703,105.04,4.67816666666667,-5.27575,1.88833333333333,23.0815384615385,7.59482517482517,1.28748251748252,5.25941176470588,-4.45441176470588,1.29862745098039,12.0506849315068,-0.00378082191780823,543.17,1716,"Kirtley Creek"
"839",2019,10.5607608695652,-1.53336956521739,136.07,24.9946739130435,8.7479347826087,38.81,10.0243956043956,-1.32373626373626,117.66,3.41158333333333,-6.755,1.65725,22.5723776223776,7.31286713286713,0.858741258741259,4.38950980392157,-5.34901960784314,1.14176470588235,11.191698630137,-0.850575342465753,438.13,1716,"Kirtley Creek"
"840",2020,11.0616304347826,-1.86967391304348,126.74,24.6160869565217,8.58141304347826,148.26,13.1971428571429,-0.530879120879121,107.49,3.89658333333333,-6.967,1.62216666666667,22.7904195804196,6.94272727272727,1.60629370629371,6.97107843137255,-4.53480392156863,1.30088235294118,12.158,-0.837753424657534,557.05,1716,"Kirtley Creek"
"841",2000,13.3426086956522,0.345,85.03,27.3983695652174,9.55010869565217,17.64,11.0156043956044,-1.08989010989011,136.52,6.58525,-4.379,0.88025,24.4604895104895,7.96524475524475,0.682097902097902,4.97392156862745,-5.27117647058824,1.2628431372549,13.1381369863014,0.207917808219178,331.98,1622,"Lake Creek"
"842",2001,13.3201086956522,-0.0370652173913043,121.72,26.8180434782609,10.0320652173913,81.54,14.8337362637363,2.00472527472527,87.71,4.4995,-6.02491666666667,1.14083333333333,25.0488811188811,8.35636363636364,0.912447552447552,7.67225490196078,-2.97833333333333,0.982352941176471,13.4369863013699,0.460767123287671,367.58,1622,"Lake Creek"
"843",2002,11.3297826086957,-1.33271739130435,120,26.0591304347826,9.44271739130435,104.08,12.3427472527473,-0.516703296703297,45.65,4.29775,-6.405,1.04441666666667,23.6759440559441,7.73916083916084,1.12265734265734,6.56254901960784,-3.73656862745098,0.56156862745098,12.5226575342466,-0.117890410958904,343.15,1622,"Lake Creek"
"844",2003,12.5775,0.238369565217391,137.92,28.5091304347826,10.9007608695652,42.67,13.6614285714286,0.414065934065934,40.51,5.681,-3.97541666666667,1.67366666666667,25.2064335664336,8.61762237762238,0.557972027972028,8.16637254901961,-2.90921568627451,0.822549019607843,14.0252328767123,1.25624657534247,364.53,1622,"Lake Creek"
"845",2004,14.0515217391304,0.675869565217391,112.97,25.2010869565217,9.12228260869565,84.25,12.5882417582418,0.35989010989011,81.66,6.64208333333333,-4.76225,0.813,22.5472727272727,7.35629370629371,1.4279020979021,7.60313725490196,-2.79186274509804,0.787450980392157,13.142,0.536191780821918,382.07,1622,"Lake Creek"
"846",2005,12.9025,-0.295326086956522,139.73,25.6036956521739,9.0054347826087,85.25,12.5282417582418,0.272087912087912,108.2,6.57791666666667,-5.17166666666667,0.711583333333333,23.2523076923077,7.27643356643357,1.22678321678322,6.22186274509804,-3.88078431372549,1.40147058823529,13.0111232876712,0.066,403.77,1622,"Lake Creek"
"847",2006,12.7530434782609,-0.178586956521739,120.57,27.3060869565217,10.4715217391304,56.23,12.3543956043956,0.130769230769231,144.2,5.10783333333333,-5.33241666666667,1.39808333333333,24.8502097902098,8.3920979020979,0.729440559440559,6.76990196078431,-3.55941176470588,1.54274509803922,13.3069863013699,0.540054794520548,429.44,1622,"Lake Creek"
"848",2007,14.4283695652174,0.414673913043478,87.86,28.2066304347826,10.5882608695652,49.92,12.0741758241758,0.0673626373626373,137.71,6.435,-4.89833333333333,0.923,25.3904195804196,8.4955944055944,0.723286713286713,5.74705882352941,-4.15852941176471,1.73725490196078,13.6691232876712,0.555890410958904,391.39,1622,"Lake Creek"
"849",2008,10.1485869565217,-2.59152173913043,124.53,26.1353260869565,9.01619565217391,35.56,13.693956043956,0.838131868131868,86.89,3.4445,-7.34008333333333,1.04383333333333,23.3672727272727,7.03090909090909,0.735034965034965,7.32892156862745,-3.27460784313725,1.14137254901961,12.3353698630137,-0.573698630136986,346.79,1622,"Lake Creek"
"850",2009,11.6615217391304,-1.41119565217391,145.36,24.5394565217391,9.35652173913043,140.5,13.2740659340659,0.205384615384615,67.23,4.80075,-5.85466666666667,1.45358333333333,23.4968531468531,7.85230769230769,1.25076923076923,5.65088235294118,-5.16176470588235,0.723039215686274,12.363095890411,-0.290904109589041,427.04,1622,"Lake Creek"
"851",2010,11.0257608695652,-1.52413043478261,115.25,24.021847826087,8.38369565217391,142.92,13.1638461538462,0.93043956043956,115.23,5.86066666666667,-4.92466666666667,0.746083333333333,21.1523076923077,6.33447552447552,1.79825174825175,7.2156862745098,-3.04245098039216,1.54049019607843,12.230301369863,0.0124383561643836,503.81,1622,"Lake Creek"
"852",2011,9.60717391304348,-1.65152173913043,180.08,25.4621739130435,8.78836956521739,83.69,13.8236263736264,0.661868131868132,76.65,3.27783333333333,-6.60358333333333,1.35491666666667,22.9535664335664,7.0879020979021,1.19426573426573,7.52882352941177,-3.67147058823529,0.839901960784314,12.1743561643836,-0.42013698630137,419.04,1622,"Lake Creek"
"853",2012,13.4404347826087,-0.2225,121.26,27.3957608695652,9.88119565217391,41.98,14.3585714285714,1.15956043956044,79.05,6.93066666666667,-4.57058333333333,1.06991666666667,24.7167132867133,7.78461538461538,0.583146853146853,7.89088235294118,-2.62303921568627,1.34382352941176,14.1672328767123,0.814191780821918,348.85,1622,"Lake Creek"
"854",2013,12.4776086956522,-0.886413043478261,70.21,27.9715217391304,10.364347826087,67.71,12.3371428571429,0.486703296703297,108.52,4.92533333333333,-6.41083333333333,0.53925,25.3536363636364,8.86538461538461,0.844265734265734,5.45666666666667,-4.90323529411765,1.24617647058824,13.0772328767123,-0.0046027397260274,312.55,1622,"Lake Creek"
"855",2014,12.8751086956522,-0.67054347826087,107.13,25.4955434782609,9.86195652173913,111.33,13.510989010989,0.880879120879121,137.53,5.71775,-5.43583333333333,1.52133333333333,23.6672027972028,7.88132867132867,0.997342657342657,7.56647058823529,-2.40176470588235,1.86882352941176,13.2666301369863,0.62945205479452,515.8,1622,"Lake Creek"
"856",2015,14.1926086956522,0.381847826086957,121.5,26.9013043478261,10.5158695652174,49.61,13.4654945054945,0.998681318681319,112.68,8.10058333333333,-3.55341666666667,0.806583333333333,23.950979020979,8.64342657342657,1.2527972027972,7.39411764705882,-3.14323529411765,1.37696078431373,14.1130410958904,1.33969863013699,416.39,1622,"Lake Creek"
"857",2016,13.3520652173913,0.698369565217391,130.37,26.9922826086957,9.37336956521739,21.49,13.5524175824176,2.31835164835165,108.09,6.50158333333333,-4.32025,1.19666666666667,23.7893006993007,7.72265734265734,0.695524475524475,6.77696078431373,-3.12803921568627,1.61803921568627,13.3515342465753,0.731095890410959,408.1,1622,"Lake Creek"
"858",2017,12.7395652173913,0.581086956521739,187.24,27.1178260869565,10.3844565217391,56.58,11.7392307692308,0.654835164835165,165.24,4.26908333333333,-5.619,2.10008333333333,24.4884615384615,8.54671328671329,1.13188811188811,5.92,-3.50705882352941,1.47196078431373,12.652,0.521041095890411,564.01,1622,"Lake Creek"
"859",2018,12.6866304347826,0.282934782608696,153.6,26.169347826087,9.84521739130435,98.72,12.5042857142857,0.178461538461538,76.43,5.537,-4.70033333333333,1.38408333333333,24.2993006993007,8.44965034965035,1.07118881118881,6.11696078431373,-3.98460784313726,0.964117647058824,13.0497808219178,0.65158904109589,417.61,1622,"Lake Creek"
"860",2019,11.4917391304348,-0.544021739130435,120.59,26.184347826087,9.75108695652174,36.04,10.9393406593407,-0.736373626373626,89.37,4.16583333333333,-5.8525,1.42058333333333,23.6779020979021,8.25741258741259,0.800629370629371,5.09382352941176,-4.89078431372549,0.821372549019608,12.0696164383562,-0.0557534246575342,368.74,1622,"Lake Creek"
"861",2020,11.9608695652174,-0.932173913043478,112.47,25.8371739130435,9.68891304347826,121.6,14.3592307692308,0.360989010989011,93.1,4.63975,-6.33233333333333,1.22208333333333,23.9227972027972,7.99671328671329,1.30377622377622,7.96666666666667,-3.7906862745098,1.12588235294118,13.1241917808219,-0.0082191780821918,447.93,1622,"Lake Creek"
"862",2000,11.7265217391304,-2.41978260869565,79.64,26.3907608695652,6.57086956521739,21.21,9.85714285714286,-3.46659340659341,103.55,5.47425,-7.10833333333333,0.867583333333333,23.3987412587413,5.18293706293706,0.578461538461538,4.34098039215686,-7.71509803921569,0.952058823529412,12.1800273972603,-2.46241095890411,283.94,1877,"Leadore"
"863",2001,12.0210869565217,-2.93869565217391,121.73,25.6697826086957,6.79,60.52,14.1991208791209,-0.630549450549451,72.46,3.76375,-8.91358333333333,1.10408333333333,23.763986013986,5.13958041958042,0.660489510489511,7.71176470588235,-5.48627450980392,0.766470588235294,12.7027397260274,-2.45005479452055,305.12,1877,"Leadore"
"864",2002,10.0590217391304,-4.36815217391304,81.27,25.151847826087,6.34065217391304,84.7,11.6851648351648,-3.20483516483516,57.96,3.15525,-9.77991666666667,0.817666666666667,22.6306993006993,4.83559440559441,0.880909090909091,6.23166666666667,-6.78313725490196,0.537352941176471,11.6450684931507,-3.21638356164384,278.9,1877,"Leadore"
"865",2003,11.2991304347826,-2.73260869565217,157.97,27.3969565217391,7.11163043478261,41.41,13.0849450549451,-2.79362637362637,31.88,4.8355,-7.44066666666667,1.4665,24.1331468531469,5.04727272727273,0.628461538461538,7.8093137254902,-6.07186274509804,0.714117647058824,13.2269863013699,-2.16561643835616,338.69,1877,"Leadore"
"866",2004,12.726847826087,-2.04728260869565,109.77,24.1176086956522,6.19315217391304,91.24,11.6183516483516,-2.21604395604396,87.72,5.67858333333333,-7.69641666666667,0.742416666666667,21.4562237762238,4.65426573426573,1.31797202797203,6.8921568627451,-5.29833333333333,0.864019607843137,12.199095890411,-2.18750684931507,365.69,1877,"Leadore"
"867",2005,11.1208695652174,-2.7504347826087,155.36,24.3040217391304,5.80391304347826,103.56,12.5564835164835,-1.96593406593407,94.47,5.66166666666667,-7.7955,0.726083333333333,21.9974125874126,4.34223776223776,1.39202797202797,6.52088235294118,-5.85245098039216,1.23450980392157,12.3018082191781,-2.49717808219178,412.11,1877,"Leadore"
"868",2006,11.330652173913,-2.85760869565217,113.38,26.5021739130435,7.18597826086957,60.57,11.7315384615385,-2.17428571428571,129.35,4.073,-8.13341666666667,1.16658333333333,23.8848251748252,5.28258741258741,0.814265734265734,6.43147058823529,-5.87823529411765,1.29372549019608,12.4939726027397,-2.24706849315068,388.39,1877,"Leadore"
"869",2007,13.3111956521739,-2.07826086956522,78.15,27.5340217391304,7.53195652173913,55.49,12.0146153846154,-1.98802197802198,92.95,5.57008333333333,-7.69775,0.802,24.5867132867133,5.54692307692308,0.829230769230769,5.74333333333333,-6.2906862745098,0.919019607843137,13.0688493150685,-2.11553424657534,308.56,1877,"Leadore"
"870",2008,8.53086956521739,-5.72184782608696,109.86,25.434347826087,5.50380434782609,38.64,13.6321978021978,-1.42131868131868,67.94,2.168,-10.7596666666667,0.916083333333333,22.4897202797203,3.80125874125874,0.788461538461538,7.37852941176471,-5.67313725490196,1.08774509803922,11.5857534246575,-3.63353424657534,333.63,1877,"Leadore"
"871",2009,10.2554347826087,-4.24076086956522,166.64,23.5355434782609,6.585,146.79,12.5471428571429,-2.28494505494505,66.48,4.13783333333333,-8.53883333333333,1.569,22.5276923076923,5.08818181818182,1.18573426573427,5.05186274509804,-7.61813725490196,0.714509803921569,11.5980547945205,-2.9427397260274,430.72,1877,"Leadore"
"872",2010,9.68804347826087,-3.73902173913043,167.27,23.3013043478261,5.53478260869565,112.86,13.3006593406593,-1.40648351648352,79.74,5.08991666666667,-7.52158333333333,0.82125,20.4246853146853,3.75202797202797,1.62958041958042,7.36833333333333,-5.33676470588235,1.21696078431373,11.7344931506849,-2.49424657534247,455.71,1877,"Leadore"
"873",2011,8.03163043478261,-4.33967391304348,208.74,24.894347826087,5.86923913043478,89.94,13.5040659340659,-1.90879120879121,82.8,2.23508333333333,-9.46458333333333,1.48808333333333,22.1125874125874,4.26363636363636,1.30699300699301,7.41303921568627,-6.21078431372549,0.886078431372549,11.469698630137,-3.17684931506849,455.85,1877,"Leadore"
"874",2012,12.3896739130435,-2.56532608695652,134.3,26.9,6.75695652173913,37.36,14.3821978021978,-1.50296703296703,64.57,6.11583333333333,-7.49041666666667,1.33883333333333,24.1533566433566,4.78062937062937,0.545174825174825,7.945,-5.33205882352941,1.02382352941176,13.6937534246575,-2.07969863013699,343.05,1877,"Leadore"
"875",2013,11.3782608695652,-3.38467391304348,81.32,27.1355434782609,7.38445652173913,66.7,11.9736263736264,-1.22648351648352,112.61,4.21366666666667,-9.09016666666667,0.481,24.371958041958,6.18461538461538,0.991048951048951,5.4778431372549,-6.87941176470588,1.18686274509804,12.4645753424658,-2.488,320.5,1877,"Leadore"
"876",2014,12.1417391304348,-2.97586956521739,94.99,24.7754347826087,6.7070652173913,98.77,13.449010989011,-1.39516483516484,91.39,5.50325,-7.95908333333333,1.3765,22.9379020979021,4.94769230769231,0.891608391608392,7.70411764705882,-4.68843137254902,1.4393137254902,12.9488493150685,-1.98846575342466,439.49,1877,"Leadore"
"877",2015,13.2602173913043,-1.85684782608696,140.51,25.8629347826087,7.36010869565217,83.67,13.1528571428571,-1.44725274725275,86.6,8.02466666666667,-5.65008333333333,0.941916666666667,22.9563636363636,5.86643356643357,1.39923076923077,7.03676470588235,-5.79823529411765,1.14303921568627,13.5985479452055,-1.17953424657534,429.71,1877,"Leadore"
"878",2016,11.9846739130435,-1.67108695652174,150.99,26.364347826087,5.9429347826087,20.58,13.3794505494505,0.503626373626374,163.08,5.81058333333333,-6.53758333333333,1.05966666666667,23.0460839160839,4.66636363636364,0.757062937062937,6.93892156862745,-5.08323529411765,1.95980392156863,12.8784383561644,-1.74167123287671,435.32,1877,"Leadore"
"879",2017,11.8792391304348,-1.78826086956522,128.37,26.4269565217391,7.04554347826087,67.02,11.4023076923077,-1.60945054945055,110.18,3.97975,-7.58858333333333,1.61391666666667,23.817972027972,5.49286713286713,1.06314685314685,5.90794117647059,-5.84009803921569,0.971862745098039,12.2908219178082,-1.97490410958904,444.83,1877,"Leadore"
"880",2018,11.5658695652174,-2.37989130434783,175.4,25.4809782608696,6.7454347826087,102.45,12.4002197802198,-2.50648351648352,45.92,4.74383333333333,-7.7715,1.40375,23.5643356643357,5.44783216783217,1.24377622377622,6.00901960784314,-6.64852941176471,0.590588235294118,12.470904109589,-2.27860273972603,406.55,1877,"Leadore"
"881",2019,10.2238043478261,-3.30369565217391,141.76,24.9357608695652,6.25945652173913,51.99,10.5921978021978,-3.01703296703297,100.41,3.50758333333333,-8.7145,1.52433333333333,22.3002097902098,5.10293706293706,1.04692307692308,4.96901960784314,-7.17686274509804,0.976176470588235,11.2785753424658,-2.87139726027397,432.2,1877,"Leadore"
"882",2020,10.7866304347826,-3.32239130434783,102.89,25.1484782608696,6.78521739130435,100.6,14.3187912087912,-2.02538461538462,80.71,3.92075,-8.91308333333333,1.0515,23.2371328671329,5.28741258741259,1.09566433566434,8.17058823529412,-6.06892156862745,0.93078431372549,12.6761643835616,-2.55479452054795,377.8,1877,"Leadore"
"883",2000,11.25,-2.72576086956522,84.94,25.8267391304348,6.45239130434783,25.96,9.50175824175824,-3.63164835164835,109.65,5.10258333333333,-7.37791666666667,0.929833333333333,22.840979020979,5.01951048951049,0.649230769230769,4.12264705882353,-7.85980392156863,0.997352941176471,11.778301369863,-2.65550684931507,306.15,1946,"Leadore Hill"
"884",2001,11.6347826086957,-3.18326086956522,126.38,25.1319565217391,6.67380434782609,65.85,13.7221978021978,-0.788901098901099,74.69,3.55225,-9.13058333333333,1.20925,23.2326573426573,5.0086013986014,0.696923076923077,7.33882352941176,-5.66137254901961,0.830098039215686,12.3208219178082,-2.62164383561644,329.44,1946,"Leadore Hill"
"885",2002,9.66902173913043,-4.59021739130435,92.15,24.6310869565217,6.2204347826087,88.23,11.3218681318681,-3.34021978021978,55.76,2.87258333333333,-9.98966666666667,0.924833333333333,22.1170629370629,4.68503496503496,0.930559440559441,5.94264705882353,-6.92362745098039,0.611372549019608,11.2701369863014,-3.38358904109589,306.41,1946,"Leadore Hill"
"886",2003,10.8641304347826,-3.00684782608696,166.66,26.854347826087,7.04119565217391,42.58,12.6810989010989,-2.90010989010989,31.68,4.55183333333333,-7.65791666666667,1.56191666666667,23.6016083916084,4.93937062937063,0.652587412587413,7.49833333333333,-6.175,0.710098039215686,12.8385753424658,-2.30813698630137,353.18,1946,"Leadore Hill"
"887",2004,12.3364130434783,-2.20978260869565,113.99,23.6555434782609,6.0679347826087,85.2,11.3330769230769,-2.31967032967033,87.88,5.43825,-7.83575,0.88975,21.0081118881119,4.51769230769231,1.28503496503497,6.67970588235294,-5.41,0.892156862745098,11.8851506849315,-2.31802739726027,381.53,1946,"Leadore Hill"
"888",2005,10.7680434782609,-2.98423913043478,168.66,23.8377173913043,5.65532608695652,104.47,12.1947252747253,-2.07351648351648,101.85,5.46941666666667,-7.96625,0.79775,21.5311188811189,4.19657342657343,1.46608391608392,6.28235294117647,-5.97588235294118,1.34,11.9892602739726,-2.64487671232877,442.06,1946,"Leadore Hill"
"889",2006,10.9397826086957,-3.09891304347826,129.15,25.9675,7.06489130434783,58.82,11.3608791208791,-2.31252747252747,135.61,3.81841666666667,-8.36333333333333,1.30008333333333,23.3732167832168,5.16447552447552,0.824265734265734,6.16049019607843,-6.03147058823529,1.42549019607843,12.1341095890411,-2.41175342465753,419.28,1946,"Leadore Hill"
"890",2007,12.938152173913,-2.22684782608696,81.73,27.0092391304348,7.46,52.21,11.692967032967,-2.07923076923077,100.1,5.35158333333333,-7.85358333333333,0.857916666666667,24.0913986013986,5.46531468531469,0.819090909090909,5.49578431372549,-6.40186274509804,0.990588235294118,12.7337808219178,-2.22980821917808,321.12,1946,"Leadore Hill"
"891",2008,8.32576086956522,-5.8775,118.27,24.9572826086957,5.55065217391304,39.84,13.306043956044,-1.43758241758242,70.47,2.09033333333333,-10.8709166666667,0.999333333333333,22.0523776223776,3.80776223776224,0.831188811188811,7.12401960784314,-5.70176470588235,1.13480392156863,11.3177534246575,-3.67556164383562,354.53,1946,"Leadore Hill"
"892",2009,9.99869565217391,-4.35021739130435,173.1,23.0221739130435,6.50934782608696,153.62,12.2138461538462,-2.32648351648352,72.22,4.01125,-8.64375,1.647,22.0327972027972,5.02874125874126,1.23804195804196,4.83941176470588,-7.67264705882353,0.773823529411765,11.3031780821918,-3.01575342465753,453.61,1946,"Leadore Hill"
"893",2010,9.33108695652174,-3.94695652173913,172.73,22.8177173913043,5.48108695652174,121.17,12.9007692307692,-1.47373626373626,86.86,4.84275,-7.65525,0.851666666666667,19.9606993006993,3.65734265734266,1.71839160839161,7.09470588235294,-5.38196078431373,1.30823529411765,11.3949863013699,-2.58791780821918,481.37,1946,"Leadore Hill"
"894",2011,7.77489130434783,-4.56989130434783,220.65,24.3526086956522,5.83565217391304,91.06,13.0797802197802,-1.95120879120879,91.97,2.10983333333333,-9.61908333333333,1.6535,21.6154545454545,4.21195804195804,1.32482517482517,7.135,-6.26225490196078,0.989411764705882,11.1560547945205,-3.26227397260274,488.79,1946,"Leadore Hill"
"895",2012,11.9982608695652,-2.70184782608696,144.5,26.3378260869565,6.74021739130435,36.9,13.9863736263736,-1.52263736263736,66,5.85383333333333,-7.61933333333333,1.42975,23.630979020979,4.76384615384615,0.563986013986014,7.60617647058824,-5.38833333333333,1.07911764705882,13.3082739726027,-2.14438356164384,362.29,1946,"Leadore Hill"
"896",2013,11.0022826086957,-3.54695652173913,88.16,26.5828260869565,7.37989130434783,69.1,11.6513186813187,-1.31406593406593,119.36,3.9995,-9.22108333333333,0.5525,23.8369230769231,6.13370629370629,1.02202797202797,5.26235294117647,-6.94843137254902,1.26450980392157,12.1243287671233,-2.57027397260274,341.43,1946,"Leadore Hill"
"897",2014,11.8021739130435,-3.1054347826087,97.73,24.2278260869565,6.6875,103.34,13.0691208791209,-1.43175824175824,97.42,5.29866666666667,-8.02583333333333,1.41916666666667,22.4221678321678,4.92552447552448,0.924335664335664,7.40823529411765,-4.73823529411765,1.51598039215686,12.5968493150685,-2.03301369863014,457.11,1946,"Leadore Hill"
"898",2015,12.8677173913043,-1.97141304347826,140.28,25.3421739130435,7.33695652173913,90.24,12.7937362637363,-1.49076923076923,92.06,7.76808333333333,-5.75233333333333,0.955083333333333,22.4582517482517,5.80426573426573,1.46370629370629,6.75990196078431,-5.84352941176471,1.21676470588235,13.2416712328767,-1.25016438356164,448.03,1946,"Leadore Hill"
"899",2016,11.6390217391304,-1.82684782608696,153.63,25.809347826087,5.9804347826087,21.77,12.9294505494506,0.383846153846154,172.8,5.59741666666667,-6.67583333333333,1.09408333333333,22.5305594405594,4.6427972027972,0.779160839160839,6.58637254901961,-5.19029411764706,2.09460784313726,12.5078630136986,-1.82627397260274,456.36,1946,"Leadore Hill"
"900",2017,11.5136956521739,-1.98260869565217,134.77,25.8682608695652,7.06032608695652,68.27,11.0726373626374,-1.69956043956044,121.03,3.73733333333333,-7.75741666666667,1.73141666666667,23.3059440559441,5.47944055944056,1.09482517482517,5.67343137254902,-5.92617647058823,1.06333333333333,11.9449863013699,-2.05972602739726,472.79,1946,"Leadore Hill"
"901",2018,11.214347826087,-2.52967391304348,182.29,24.9722826086957,6.73782608695652,102.66,12.0708791208791,-2.50252747252747,47.15,4.51441666666667,-7.8785,1.47516666666667,23.0704195804196,5.4341958041958,1.2627972027972,5.78098039215686,-6.67254901960784,0.610980392156863,12.1382465753425,-2.32583561643836,419.92,1946,"Leadore Hill"
"902",2019,9.91989130434783,-3.37641304347826,146.4,24.390652173913,6.27880434782609,54.85,10.2701098901099,-3.07153846153846,102.52,3.34541666666667,-8.74891666666667,1.60308333333333,21.7822377622378,5.08461538461538,1.08944055944056,4.72980392156863,-7.23274509803922,0.998137254901961,10.9554794520548,-2.90550684931507,449.97,1946,"Leadore Hill"
"903",2020,10.4819565217391,-3.47652173913044,107.1,24.624347826087,6.74967391304348,104.49,13.9169230769231,-2.04065934065934,82.15,3.7305,-9.02075,1.10216666666667,22.7323076923077,5.22937062937063,1.14146853146853,7.8743137254902,-6.09421568627451,0.981960784313725,12.3330410958904,-2.62,395.65,1946,"Leadore Hill"
"904",2000,11.5434782608696,-2.4495652173913,81.61,26.1841304347826,6.52880434782609,21.59,9.68681318681319,-3.50516483516484,100.78,5.36316666666667,-7.05225,0.825083333333333,23.1998601398601,5.14538461538462,0.577412587412587,4.19343137254902,-7.7006862745098,0.927450980392157,12.0243561643836,-2.45465753424658,276.18,1895,"Leadville"
"905",2001,11.7880434782609,-2.96891304347826,111.58,25.5103260869565,6.70945652173913,63.33,14.1010989010989,-0.587142857142857,71.2,3.63033333333333,-8.7945,1.00675,23.5905594405594,5.07020979020979,0.686853146853147,7.67470588235294,-5.3528431372549,0.719117647058824,12.5805753424658,-2.40079452054795,292.38,1895,"Leadville"
"906",2002,9.81239130434783,-4.48489130434783,76.96,24.9946739130435,6.26184782608696,90.14,11.5398901098901,-3.17549450549451,59.35,3.00166666666667,-9.73991666666667,0.769583333333333,22.4646153846154,4.77356643356643,0.924895104895105,6.12352941176471,-6.74549019607843,0.529705882352941,11.4992876712329,-3.21701369863014,278.64,1895,"Leadville"
"907",2003,11.0779347826087,-2.7695652173913,150.4,27.193152173913,7.0404347826087,40.04,12.8901098901099,-2.8078021978022,30.78,4.64058333333333,-7.46133333333333,1.43825,23.9381818181818,4.98615384615385,0.597342657342657,7.64382352941176,-6.06666666666667,0.608235294117647,13.0402739726027,-2.19490410958904,320.05,1895,"Leadville"
"908",2004,12.4630434782609,-2.12597826086956,116.55,23.8626086956522,6.09152173913043,90.91,11.4397802197802,-2.24,84.49,5.48425,-7.65408333333333,0.715083333333333,21.2248251748252,4.54832167832168,1.3451048951049,6.72421568627451,-5.27676470588235,0.799901960784314,11.9976164383562,-2.20906849315068,359.75,1895,"Leadville"
"909",2005,10.8630434782609,-2.82858695652174,147.26,24.0625,5.8245652173913,111.12,12.4656043956044,-1.90065934065934,99.45,5.44275,-7.76766666666667,0.679583333333333,21.7753846153846,4.3386013986014,1.41398601398601,6.46254901960784,-5.73882352941177,1.22098039215686,12.1265479452055,-2.45769863013699,408.29,1895,"Leadville"
"910",2006,11.1266304347826,-2.84847826086957,114.83,26.3295652173913,7.22913043478261,62.7,11.5742857142857,-2.15373626373626,123.44,3.90558333333333,-8.05025,1.09125,23.7103496503496,5.31006993006993,0.881258741258741,6.31754901960784,-5.82009803921569,1.20421568627451,12.3387397260274,-2.19271232876712,379.8,1895,"Leadville"
"911",2007,13.0425,-2.1379347826087,84.08,27.3991304347826,7.49619565217391,65.49,11.8351648351648,-2.02527472527473,96.37,5.34525,-7.68966666666667,0.801083333333333,24.4112587412587,5.49482517482517,0.916713286713287,5.55696078431373,-6.30735294117647,0.947745098039216,12.8741095890411,-2.13794520547945,323.89,1895,"Leadville"
"912",2008,8.1695652173913,-5.735,108.91,25.1560869565217,5.47978260869565,38.67,13.4008791208791,-1.43307692307692,74.27,1.8485,-10.7466666666667,0.882666666666667,22.1803496503497,3.76993006993007,0.787342657342657,7.17274509803922,-5.70039215686274,1.12637254901961,11.302,-3.64915068493151,333.4,1895,"Leadville"
"913",2009,9.91945652173913,-4.30782608695652,156.93,23.2728260869565,6.53217391304348,145.21,12.2641758241758,-2.32043956043956,67.29,3.82516666666667,-8.55366666666667,1.4915,22.2648951048951,5.04608391608392,1.14321678321678,4.76460784313725,-7.6671568627451,0.71156862745098,11.3120273972603,-2.97780821917808,415.04,1895,"Leadville"
"914",2010,9.39195652173913,-3.78847826086957,162.77,23.0638043478261,5.50858695652174,109.95,13.1117582417582,-1.45274725274725,80.12,4.83391666666667,-7.53858333333333,0.7585,20.1813286713287,3.71517482517483,1.59244755244755,7.20372549019608,-5.38794117647059,1.07725490196078,11.5089863013699,-2.52857534246575,428.62,1895,"Leadville"
"915",2011,7.73619565217391,-4.38782608695652,205.05,24.6502173913043,5.87858695652174,101.09,13.3027472527473,-1.89967032967033,83.23,1.95091666666667,-9.46991666666667,1.26733333333333,21.8483916083916,4.25265734265734,1.40041958041958,7.23088235294118,-6.17813725490196,0.89343137254902,11.2218630136986,-3.17378082191781,443.47,1895,"Leadville"
"916",2012,12.1328260869565,-2.59891304347826,126.84,26.6919565217391,6.78782608695652,35.59,14.140989010989,-1.51912087912088,65.28,5.88608333333333,-7.44433333333333,1.21658333333333,23.925034965035,4.78587412587413,0.540629370629371,7.72166666666667,-5.34803921568627,1.0143137254902,13.4663561643836,-2.06695890410959,326.76,1895,"Leadville"
"917",2013,11.0809782608696,-3.40184782608696,78.98,26.911847826087,7.3820652173913,57.1,11.7761538461538,-1.22527472527473,107.17,3.96758333333333,-9.0195,0.431916666666667,24.1405594405594,6.17335664335664,0.912167832167832,5.30960784313725,-6.84578431372549,1.10843137254902,12.246,-2.45978082191781,295.33,1895,"Leadville"
"918",2014,11.8086956521739,-3.02597826086957,93.18,24.5179347826087,6.63695652173913,99.99,13.1893406593407,-1.44648351648352,85.99,5.18008333333333,-8.0295,1.32308333333333,22.6544755244755,4.87706293706294,0.911468531468531,7.51343137254902,-4.72196078431373,1.33274509803922,12.6782739726027,-2.04865753424658,425.05,1895,"Leadville"
"919",2015,12.9466304347826,-1.88315217391304,144.56,25.630652173913,7.33076086956522,85.51,12.9508791208791,-1.4132967032967,86.33,7.813,-5.63425,0.828083333333333,22.7017482517483,5.83958041958042,1.44629370629371,6.86333333333333,-5.74156862745098,1.11696078431373,13.3807397260274,-1.16901369863014,420.12,1895,"Leadville"
"920",2016,11.6652173913043,-1.70782608695652,146.75,26.1646739130435,5.9225,21.41,13.2671428571429,0.543736263736264,159.74,5.60341666666667,-6.44325,0.996666666666667,22.8241258741259,4.64923076923077,0.76,6.86421568627451,-5.03019607843137,1.91392156862745,12.7024931506849,-1.70254794520548,423.5,1895,"Leadville"
"921",2017,11.6429347826087,-1.76521739130435,118.4,26.2315217391304,7.04010869565217,65.76,11.2435164835165,-1.67131868131868,106.72,3.83883333333333,-7.50566666666667,1.45808333333333,23.6179020979021,5.47083916083916,1.05174825174825,5.77862745098039,-5.84696078431373,0.902941176470588,12.1299726027397,-1.95819178082192,417.47,1895,"Leadville"
"922",2018,11.2609782608696,-2.41717391304348,168.29,25.2036956521739,6.69608695652174,109.92,12.173956043956,-2.52747252747253,44.44,4.45941666666667,-7.81283333333333,1.28308333333333,23.2898601398601,5.39916083916084,1.28776223776224,5.81676470588235,-6.66833333333333,0.566960784313726,12.2161369863014,-2.31679452054795,395.95,1895,"Leadville"
"923",2019,9.92152173913044,-3.50413043478261,137.89,24.7073913043478,6.1329347826087,52.89,10.4026373626374,-3.11032967032967,95.97,3.24658333333333,-8.90391666666667,1.36233333333333,22.0714685314685,4.98321678321678,1.05818181818182,4.84029411764706,-7.20460784313725,0.933235294117647,11.0671780821918,-2.98832876712329,409.99,1895,"Leadville"
"924",2020,10.5490217391304,-3.46684782608696,93.61,24.974347826087,6.63989130434783,95.53,14.1686813186813,-2.12296703296703,75.26,3.74208333333333,-8.92575,0.97125,23.0658041958042,5.1393006993007,1.03363636363636,8.08372549019608,-6.10823529411765,0.825882352941177,12.5260273972603,-2.62797260273973,348.6,1895,"Leadville"
"925",2000,11.3186956521739,-2.15815217391304,81.14,25.7309782608696,6.84402173913043,28.65,9.49274725274725,-3.18835164835165,116.75,5.21166666666667,-6.68425,0.802666666666667,22.7469230769231,5.40804195804196,0.698601398601399,4.0956862745098,-7.31156862745098,1.02656862745098,11.7697808219178,-2.12202739726027,300.93,1919,"Little Eightmile"
"926",2001,11.5513043478261,-2.70217391304348,127.63,25.1108695652174,7.06923913043478,73.31,13.6531868131868,-0.303846153846154,85.03,3.52941666666667,-8.47041666666667,1.18133333333333,23.2006993006993,5.41440559440559,0.77020979020979,7.27352941176471,-5.06754901960784,0.882745098039216,12.2825479452055,-2.07967123287671,341.94,1919,"Little Eightmile"
"927",2002,9.62304347826087,-4.13184782608696,99.88,24.491847826087,6.59413043478261,89.54,11.202967032967,-2.8521978021978,61.14,2.98725,-9.275,0.904083333333333,22.0127972027972,5.05839160839161,0.958181818181818,5.86186274509804,-6.32911764705882,0.553137254901961,11.2444109589041,-2.83621917808219,301.93,1919,"Little Eightmile"
"928",2003,10.8191304347826,-2.51347826086957,163.49,26.7475,7.43402173913043,42.06,12.4992307692308,-2.41923076923077,22.47,4.54133333333333,-7.01466666666667,1.72391666666667,23.4934265734266,5.33825174825175,0.607902097902098,7.34117647058823,-5.66392156862745,0.618823529411765,12.7488219178082,-1.79756164383562,356.92,1919,"Little Eightmile"
"929",2004,12.2247826086957,-1.81880434782609,125.66,23.4789130434783,6.3470652173913,78.59,11.1917582417582,-2.0289010989011,88.91,5.43208333333333,-7.25075,0.7805,20.8184615384615,4.7672027972028,1.39748251748252,6.58735294117647,-5.05019607843137,0.769411764705882,11.7830136986301,-1.92739726027397,371.98,1919,"Little Eightmile"
"930",2005,10.7804347826087,-2.64717391304348,156.9,23.7842391304348,5.9604347826087,105.92,12.0279120879121,-1.73461538461538,111.01,5.42016666666667,-7.51808333333333,0.73375,21.4881818181818,4.48818181818182,1.40314685314685,6.11450980392157,-5.59137254901961,1.41735294117647,11.9093424657534,-2.27583561643836,433.27,1919,"Little Eightmile"
"931",2006,10.9258695652174,-2.71902173913043,112.2,25.8227173913043,7.44260869565217,66.89,11.2668131868132,-1.9532967032967,159.14,3.81733333333333,-7.81183333333333,1.10283333333333,23.2544055944056,5.52979020979021,0.87986013986014,6.08333333333333,-5.60519607843137,1.57970588235294,12.0656438356164,-1.96819178082192,419.29,1919,"Little Eightmile"
"932",2007,12.8030434782609,-1.95076086956522,85.54,26.8745652173913,7.7179347826087,53.99,11.4296703296703,-1.85604395604396,123.6,5.22841666666667,-7.42633333333333,0.87725,23.9411888111888,5.71615384615385,0.864475524475524,5.25264705882353,-6.08480392156863,1.29921568627451,12.5664931506849,-1.90246575342466,361.41,1919,"Little Eightmile"
"933",2008,8.1495652173913,-5.43380434782609,110.2,24.6490217391304,5.78228260869565,44.27,12.990989010989,-1.21593406593407,90.23,1.94975,-10.2935,0.838416666666667,21.7547552447552,4.03328671328671,0.869370629370629,6.86813725490196,-5.42617647058823,1.2728431372549,11.0834246575342,-3.32035616438356,354.76,1919,"Little Eightmile"
"934",2009,9.79467391304348,-4.07891304347826,171.48,22.8675,6.70304347826087,151.3,12.0110989010989,-2.07571428571429,74.14,3.78833333333333,-8.22008333333333,1.70641666666667,21.8506293706294,5.22622377622378,1.21027972027972,4.63294117647059,-7.3921568627451,0.785490196078431,11.1008219178082,-2.72071232876712,457.96,1919,"Little Eightmile"
"935",2010,9.2804347826087,-3.67880434782609,171.12,22.5771739130435,5.68989130434783,127.41,12.6374725274725,-1.23692307692308,88.16,4.7885,-7.24133333333333,0.872916666666667,19.7457342657343,3.85874125874126,1.79265734265734,6.87274509803922,-5.13352941176471,1.3,11.230904109589,-2.30350684931507,493.7,1919,"Little Eightmile"
"936",2011,7.6604347826087,-4.18304347826087,214.94,24.1963043478261,6.09695652173913,92.86,12.937032967033,-1.67318681318681,89.88,1.96083333333333,-9.11875,1.433,21.4814685314685,4.46307692307692,1.36090909090909,6.97343137254902,-5.93460784313725,0.971078431372549,11.0094246575342,-2.90783561643836,465.62,1919,"Little Eightmile"
"937",2012,11.8923913043478,-2.46858695652174,148.95,26.1880434782609,6.97163043478261,41.63,13.7293406593407,-1.25351648351648,72.68,5.74375,-7.16891666666667,1.44566666666667,23.4562937062937,4.97062937062937,0.622167832167832,7.36833333333333,-5.0621568627451,1.15450980392157,13.1371780821918,-1.82413698630137,380.21,1919,"Little Eightmile"
"938",2013,10.904347826087,-3.23989130434783,82.82,26.4090217391304,7.67945652173913,64.32,11.4405494505495,-1.13395604395604,121.55,3.933,-8.762,0.559416666666667,23.7082517482517,6.40440559440559,0.974055944055944,5.02794117647059,-6.67029411764706,1.30950980392157,11.9865479452055,-2.23556164383562,339.99,1919,"Little Eightmile"
"939",2014,11.5345652173913,-2.84413043478261,99.14,24.0610869565217,6.93880434782609,108.16,12.7881318681319,-1.23285714285714,105.4,4.95808333333333,-7.70283333333333,1.38425,22.2325174825175,5.1420979020979,1.00426573426573,7.18490196078431,-4.45294117647059,1.58117647058824,12.3481643835616,-1.76224657534247,471,1919,"Little Eightmile"
"940",2015,12.6825,-1.72652173913043,147.94,25.2570652173913,7.7129347826087,85.05,12.636043956044,-1.13703296703297,93.27,7.54033333333333,-5.40866666666667,0.971916666666667,22.3399300699301,6.12300699300699,1.45,6.69421568627451,-5.38254901960784,1.23450980392157,13.1020821917808,-0.883479452054795,449.9,1919,"Little Eightmile"
"941",2016,11.555652173913,-1.5175,164.61,25.6779347826087,6.22858695652174,27.82,12.8041758241758,0.626263736263736,151.98,5.55683333333333,-6.2235,1.16908333333333,22.3906293706294,4.89853146853147,0.828601398601399,6.45186274509804,-4.8643137254902,1.8721568627451,12.4021095890411,-1.48627397260274,449.74,1919,"Little Eightmile"
"942",2017,11.4119565217391,-1.66065217391304,146.85,25.8040217391304,7.37032608695652,65.45,10.8625274725275,-1.44296703296703,123.04,3.60966666666667,-7.39541666666667,1.66541666666667,23.2054545454545,5.74832167832168,1.16594405594406,5.47029411764706,-5.60078431372549,1.09343137254902,11.8068767123288,-1.74443835616438,478.11,1919,"Little Eightmile"
"943",2018,11.126847826087,-2.17065217391304,189.13,24.7530434782609,6.93836956521739,112.17,11.7526373626374,-2.28494505494505,53.13,4.37558333333333,-7.41291666666667,1.50908333333333,22.8742657342657,5.63104895104895,1.32657342657343,5.52127450980392,-6.38627450980392,0.693529411764706,11.9431780821918,-2.01564383561644,441.53,1919,"Little Eightmile"
"944",2019,9.77239130434783,-3.11336956521739,151.65,24.3852173913043,6.68869565217391,55.41,10.0591208791209,-2.81714285714286,108.85,3.12508333333333,-8.41616666666667,1.58641666666667,21.7870629370629,5.44503496503497,1.09559440559441,4.56627450980392,-6.89558823529412,1.05225490196078,10.8392328767123,-2.56068493150685,454.37,1919,"Little Eightmile"
"945",2020,10.3284782608696,-3.15934782608696,119.4,24.4672826086957,7.06380434782609,100.83,13.6782417582418,-1.72824175824176,80.66,3.58275,-8.53875,1.23941666666667,22.581048951049,5.51776223776224,1.14699300699301,7.68774509803922,-5.70843137254902,0.989411764705882,12.1730684931507,-2.2407397260274,413.67,1919,"Little Eightmile"
"946",2000,9.58804347826087,-2.90478260869565,110.9,23.6936956521739,6.89336956521739,22.76,8.31120879120879,-3.39186813186813,149.81,3.87508333333333,-7.2135,1.138,20.721958041958,5.25587412587413,0.858671328671329,3.335,-7.38558823529412,1.2706862745098,10.3244383561644,-2.37632876712329,388.96,2165,"Little Sawmill.South Hayden"
"947",2001,10.3055434782609,-3.2029347826087,129.16,23.3080434782609,7.00510869565217,82.24,12.0584615384615,-0.496593406593407,100.18,2.83641666666667,-8.78741666666667,1.20833333333333,21.4429370629371,5.31727272727273,0.842727272727273,5.93539215686275,-5.30901960784314,1.07941176470588,10.9921095890411,-2.28942465753425,375.61,2165,"Little Sawmill.South Hayden"
"948",2002,8.3754347826087,-4.58945652173913,134.79,22.7575,6.47380434782609,96.39,9.97417582417582,-2.92747252747253,61.54,2.117,-9.541,1.12675,20.3185314685315,4.82034965034965,1.10496503496503,4.83588235294118,-6.34647058823529,0.671960784313726,10.0078082191781,-3.02178082191781,361.76,2165,"Little Sawmill.South Hayden"
"949",2003,9.39663043478261,-3.13239130434783,183.67,24.9252173913043,7.64978260869565,43.32,11.1098901098901,-2.37362637362637,27.67,3.59725,-7.25833333333333,2.03566666666667,21.7059440559441,5.38076923076923,0.65041958041958,6.24401960784314,-5.60529411764706,0.715294117647059,11.4315342465753,-1.8446301369863,410.25,2165,"Little Sawmill.South Hayden"
"950",2004,10.8605434782609,-2.1045652173913,151.29,21.9007608695652,6.1870652173913,92.92,10.1881318681319,-2.08505494505494,103.15,4.58175,-7.30433333333333,0.968916666666667,19.2838461538462,4.52587412587413,1.6451048951049,5.80480392156863,-5.11,0.95578431372549,10.6835342465753,-2.05627397260274,449.01,2165,"Little Sawmill.South Hayden"
"951",2005,9.62336956521739,-3.30967391304348,183.27,22.1908695652174,5.83782608695652,108.88,10.719010989011,-1.81626373626374,125.97,4.7675,-7.76416666666667,0.904333333333333,19.8824475524476,4.3093006993007,1.55097902097902,5.19009803921569,-5.71990196078431,1.68411764705882,10.8073424657534,-2.4627397260274,502.09,2165,"Little Sawmill.South Hayden"
"952",2006,9.4929347826087,-3.29467391304348,140.49,23.8734782608696,7.45652173913043,71.15,9.89582417582418,-2.17263736263736,178.83,2.89233333333333,-8.21758333333333,1.46175,21.3838461538462,5.52055944055944,0.932517482517482,5.11539215686274,-5.83921568627451,1.89558823529412,10.7581917808219,-2.17060273972603,502.11,2165,"Little Sawmill.South Hayden"
"953",2007,11.4044565217391,-2.22423913043478,98.45,24.983152173913,7.8620652173913,64.76,10.14,-1.98593406593407,140.87,4.39808333333333,-7.555,1.11066666666667,22.1302797202797,5.78468531468531,1.0313986013986,4.22313725490196,-6.27882352941177,1.47205882352941,11.2963287671233,-1.97213698630137,430.92,2165,"Little Sawmill.South Hayden"
"954",2008,7.20663043478261,-5.89141304347826,129.78,22.7716304347826,6.06760869565217,50.9,11.6938461538462,-1.18054945054945,90.89,1.50025,-10.46525,1.06958333333333,20.0116783216783,4.14216783216783,0.964335664335664,5.84529411764706,-5.3893137254902,1.29990196078431,9.96690410958904,-3.32386301369863,398.84,2165,"Little Sawmill.South Hayden"
"955",2009,8.60869565217391,-4.37532608695652,194.03,20.9758695652174,6.49489130434783,158.55,10.7028571428571,-2.08,86.08,3.10758333333333,-8.37758333333333,1.89516666666667,19.9748951048951,5.08867132867133,1.32090909090909,3.76,-7.42892156862745,0.947647058823529,9.89819178082192,-2.83665753424658,512.97,2165,"Little Sawmill.South Hayden"
"956",2010,7.86945652173913,-4.33282608695652,192.31,20.720652173913,5.56891304347826,158.23,11.1171428571429,-1.30263736263736,105.5,3.79625,-7.47958333333333,0.958333333333333,17.952027972028,3.59363636363636,2.13447552447552,5.81960784313725,-5.10764705882353,1.49607843137255,9.90764383561644,-2.47846575342466,572.83,2165,"Little Sawmill.South Hayden"
"957",2011,6.5120652173913,-4.89358695652174,242.62,22.2048913043478,6.12315217391304,101.43,11.3857142857143,-1.61901098901099,107.18,1.33191666666667,-9.4455,1.64558333333333,19.6255944055944,4.41727272727273,1.46496503496503,5.90941176470588,-5.91313725490196,1.1471568627451,9.77821917808219,-3.02720547945205,523.97,2165,"Little Sawmill.South Hayden"
"958",2012,10.303152173913,-2.86717391304348,164.97,24.1757608695652,7.07978260869565,37.17,12.2805494505495,-1.10494505494505,83.84,4.64925,-7.43775,1.65325,21.5392307692308,5.06160839160839,0.638951048951049,6.11607843137255,-5.03509803921569,1.39117647058824,11.6763287671233,-1.86931506849315,431.66,2165,"Little Sawmill.South Hayden"
"959",2013,9.44945652173913,-3.79934782608696,87.04,24.4082608695652,7.68434782608696,69.26,10.1917582417582,-1.43472527472527,143.71,3.1195,-9.11333333333333,0.662083333333333,21.7648251748252,6.24286713286713,1.0065034965035,4.16588235294118,-6.86098039215686,1.57460784313725,10.7167945205479,-2.46764383561644,383.99,2165,"Little Sawmill.South Hayden"
"960",2014,10.1620652173913,-3.27336956521739,116.58,22.0919565217391,6.84521739130435,124.29,11.3685714285714,-1.30791208791209,124.1,4.09941666666667,-7.84541666666667,1.545,20.3506993006993,5.05993006993007,1.13412587412587,6.06852941176471,-4.56892156862745,1.79088235294118,11.0166301369863,-1.87372602739726,530.25,2165,"Little Sawmill.South Hayden"
"961",2015,11.1396739130435,-2.14434782608696,149.13,23.3838043478261,7.64282608695652,79.65,11.2905494505495,-1.19428571428571,121.12,6.48666666666667,-5.69125,1.03608333333333,20.5199300699301,5.9113986013986,1.48335664335664,5.67372549019608,-5.40235294117647,1.47666666666667,11.7574520547945,-1.06482191780822,487.07,2165,"Little Sawmill.South Hayden"
"962",2016,10.2145652173913,-2.04097826086957,165.32,23.7007608695652,6.39565217391304,26.68,11.2063736263736,0.284725274725275,163.02,4.73375,-6.58641666666667,1.24616666666667,20.5324475524476,4.84776223776224,0.791888111888112,5.2078431372549,-5.10745098039216,2.09372549019608,11.0558630136986,-1.69342465753425,476.34,2165,"Little Sawmill.South Hayden"
"963",2017,10.0445652173913,-2.33554347826087,164.62,23.8907608695652,7.53239130434783,70.71,9.61164835164835,-1.68703296703297,141.76,2.67458333333333,-7.98833333333333,2.06333333333333,21.4183216783217,5.78153846153846,1.27615384615385,4.50892156862745,-5.83823529411765,1.17294117647059,10.5306301369863,-1.99271232876712,549.73,2165,"Little Sawmill.South Hayden"
"964",2018,9.79326086956522,-2.64271739130435,211.13,22.9116304347826,6.98184782608696,103.9,10.5214285714286,-2.20582417582418,60.77,3.4555,-7.67591666666667,1.77,21.0816083916084,5.63965034965035,1.27132867132867,4.67078431372549,-6.35588235294118,0.783039215686275,10.7006849315068,-2.09024657534247,474.07,2165,"Little Sawmill.South Hayden"
"965",2019,8.61260869565217,-3.35,166.15,22.461847826087,6.65358695652174,67.98,8.82681318681319,-2.97527472527473,122.52,2.52025,-8.43233333333333,1.88891666666667,19.9173426573427,5.32587412587413,1.22293706293706,3.70205882352941,-6.96598039215686,1.16852941176471,9.66635616438356,-2.63235616438356,520.74,2165,"Little Sawmill.South Hayden"
"966",2020,9.11510869565217,-3.63130434782609,146.28,22.5286956521739,7.01630434782609,119.29,12.1798901098901,-1.58241758241758,86.1,2.82333333333333,-8.69825,1.49691666666667,20.7097902097902,5.39398601398601,1.34405594405594,6.56509803921569,-5.58872549019608,1.05745098039216,10.8765479452055,-2.30821917808219,479.69,2165,"Little Sawmill.South Hayden"
"967",2000,11.7167391304348,-0.982608695652174,104.68,25.7807608695652,8.19380434782609,16.11,9.72197802197802,-2.15318681318681,148.55,5.45933333333333,-5.46966666666667,0.985916666666667,22.8254545454545,6.63923076923077,0.778461538461538,4.16186274509804,-6.17862745098039,1.34607843137255,11.9004657534247,-0.923753424657534,366.93,1840,"Lower Basin"
"968",2001,11.8283695652174,-1.43913043478261,136.47,25.2786956521739,8.5004347826087,82.35,13.6643956043956,0.896263736263736,87.96,3.64408333333333,-7.11725,1.17025,23.4362937062937,6.84146853146853,0.945314685314685,7.04558823529412,-3.88843137254902,0.945,12.3488493150685,-0.746191780821918,372,1840,"Lower Basin"
"969",2002,9.96673913043478,-2.86413043478261,124.12,24.5847826086957,7.9704347826087,104.52,11.2473626373626,-1.59802197802198,56.5,3.34658333333333,-7.74366666666667,1.16983333333333,22.1803496503497,6.32643356643357,1.11195804195804,5.82392156862745,-4.88333333333333,0.694117647058824,11.4175890410959,-1.43194520547945,370.19,1840,"Lower Basin"
"970",2003,11.0905434782609,-1.28271739130435,158.63,26.838152173913,9.17021739130435,45.56,12.4450549450549,-0.957582417582418,56.4,4.72841666666667,-5.45008333333333,1.878,23.5788111888112,6.93671328671329,0.602587412587413,7.25450980392157,-4.20833333333333,0.954411764705882,12.8195616438356,-0.250164383561644,408.88,1840,"Lower Basin"
"971",2004,12.465,-0.646195652173913,142.95,23.5805434782609,7.60934782608696,79.03,11.3732967032967,-0.883846153846154,95.38,5.61641666666667,-5.87108333333333,0.932583333333333,20.9301398601399,5.90832167832168,1.48251748251748,6.69862745098039,-3.93303921568627,0.893529411764706,11.9184657534247,-0.714547945205479,415.05,1840,"Lower Basin"
"972",2005,11.2939130434783,-1.66858695652174,157.17,23.9927173913043,7.41163043478261,96.1,11.7469230769231,-0.675604395604396,129.36,5.59083333333333,-6.34566666666667,0.810416666666667,21.6918181818182,5.79839160839161,1.31237762237762,5.80049019607843,-4.61745098039216,1.62039215686275,11.9574794520548,-1.10490410958904,450.2,1840,"Lower Basin"
"973",2006,11.3101086956522,-1.59054347826087,134.51,25.8084782608696,8.94467391304348,68.63,11.2637362637363,-0.932857142857143,165.58,4.10108333333333,-6.55833333333333,1.42541666666667,23.3305594405594,6.95755244755245,0.875104895104895,6.0443137254902,-4.55911764705882,1.76186274509804,12.1778630136986,-0.704383561643836,475.9,1840,"Lower Basin"
"974",2007,13.005652173913,-0.867065217391304,109.18,26.8366304347826,9.12836956521739,50.9,11.1587912087912,-0.934175824175824,152.44,5.40066666666667,-6.14141666666667,1.098,23.9598601398601,7.06587412587413,0.83,4.99735294117647,-5.15372549019608,1.84019607843137,12.559095890411,-0.691041095890411,438.15,1840,"Lower Basin"
"975",2008,8.61532608695652,-4.10402173913043,134.58,24.57,7.44445652173913,44.15,12.7024175824176,-0.148681318681319,113.46,2.362,-8.73441666666667,1.232,21.7653846153846,5.53643356643357,0.827132867132867,6.5856862745098,-4.28980392156863,1.40637254901961,11.1441917808219,-1.90131506849315,409.57,1840,"Lower Basin"
"976",2009,10.165652173913,-2.85608695652174,170.62,22.9241304347826,7.88521739130435,150.18,12.0321978021978,-0.948131868131868,82.13,3.88458333333333,-6.99375,1.64066666666667,21.8993706293706,6.43,1.31734265734266,4.65519607843137,-6.27539215686275,0.880980392156863,11.1577808219178,-1.53383561643836,475.12,1840,"Lower Basin"
"977",2010,9.62630434782609,-2.78630434782609,159.89,22.5540217391304,6.97532608695652,154.01,12.2671428571429,-0.151428571428571,117.2,4.93333333333333,-6.09383333333333,0.915833333333333,19.7358741258741,4.99804195804196,2.02076923076923,6.58656862745098,-4.04509803921569,1.60892156862745,11.1946849315068,-1.17572602739726,562.98,1840,"Lower Basin"
"978",2011,8.17391304347826,-3.08217391304348,214.01,24.0704347826087,7.42978260869565,87.23,12.7648351648352,-0.517912087912088,89.37,2.26925,-7.85316666666667,1.5785,21.506013986014,5.73979020979021,1.2986013986014,6.77186274509804,-4.75401960784314,0.992450980392157,11.0641095890411,-1.66164383561644,476.35,1840,"Lower Basin"
"979",2012,12.0897826086957,-1.47913043478261,143.43,26.0119565217391,8.38673913043478,49.09,13.3598901098901,-0.0487912087912088,88.38,5.88366666666667,-5.84941666666667,1.264,23.3235664335664,6.33048951048951,0.686153846153846,7.04686274509804,-3.865,1.41441176470588,13.0413424657534,-0.523013698630137,394.07,1840,"Lower Basin"
"980",2013,11.0733695652174,-2.20858695652174,81.45,26.3865217391304,9.03141304347826,81.42,11.2874725274725,-0.377912087912088,127.96,3.99075,-7.55016666666667,0.59975,23.768951048951,7.58671328671329,1.00713286713287,4.72803921568627,-5.74009803921569,1.42058823529412,11.9455068493151,-1.114,360.89,1840,"Lower Basin"
"981",2014,11.5833695652174,-1.89695652173913,119.64,23.956847826087,8.33239130434783,118.1,12.4597802197802,-0.191318681318681,129.11,4.80016666666667,-6.5845,1.74391666666667,22.1491608391608,6.43881118881119,1.06881118881119,6.85941176470588,-3.39803921568627,1.86490196078431,12.1726301369863,-0.591753424657534,552.33,1840,"Lower Basin"
"982",2015,12.7654347826087,-0.802173913043478,143.17,25.3201086956522,9.07,55.67,12.4343956043956,-0.00153846153846152,124.94,7.32958333333333,-4.48841666666667,0.937916666666667,22.3867132867133,7.30244755244755,1.34559440559441,6.61235294117647,-4.11803921568627,1.50990196078431,13.0282465753425,0.234520547945206,458.98,1840,"Lower Basin"
"983",2016,11.8876086956522,-0.520217391304348,164.63,25.5494565217391,7.82119565217391,34.48,12.5718681318681,1.4210989010989,122.11,5.68791666666667,-5.19225,1.41591666666667,22.3286013986014,6.28223776223776,0.855524475524476,6.13343137254902,-3.93666666666667,1.78823529411765,12.3319178082192,-0.345890410958904,474.65,1840,"Lower Basin"
"984",2017,11.549347826087,-0.635652173913044,202.03,25.6936956521739,8.93260869565217,65.36,10.7232967032967,-0.419010989010989,163.68,3.60691666666667,-6.46591666666667,2.12675,23.1107692307692,7.16041958041958,1.20034965034965,5.27176470588235,-4.45627450980392,1.57294117647059,11.713397260274,-0.565780821917808,587.3,1840,"Lower Basin"
"985",2018,11.3644565217391,-1.04771739130435,182.71,24.625,8.345,111.44,11.4536263736264,-1.00010989010989,81.21,4.51825,-6.03041666666667,1.65433333333333,22.7890909090909,6.98475524475525,1.26636363636364,5.32509803921569,-5.09372549019608,1.045,11.9018904109589,-0.669561643835616,486.2,1840,"Lower Basin"
"986",2019,10.0692391304348,-2.00489130434783,149.51,24.5723913043478,8.12684782608696,38.16,9.91736263736264,-1.84703296703297,110.67,3.24841666666667,-7.19366666666667,1.62041666666667,22.0441958041958,6.73447552447552,0.891538461538462,4.40607843137255,-5.85990196078431,1.04960784313725,10.9357534246575,-1.36416438356164,429,1840,"Lower Basin"
"987",2020,10.5786956521739,-2.22619565217391,119.07,24.3935869565217,8.28271739130435,128.64,13.3579120879121,-0.631868131868132,87.32,3.68683333333333,-7.39041666666667,1.32816666666667,22.5251048951049,6.65608391608392,1.39608391608392,7.34656862745098,-4.61088235294118,1.06921568627451,12.0900273972603,-1.11052054794521,468.08,1840,"Lower Basin"
"988",2000,12.9423913043478,-0.939239130434783,80.41,27.4534782608696,7.74021739130435,13.83,10.6845054945055,-2.42461538461538,103.16,6.37575,-5.72316666666667,0.7605,24.4706993006993,6.35762237762238,0.565314685314685,4.86823529411765,-6.68029411764706,0.892745098039216,13.0437260273973,-1.25761643835616,263.16,1697,"Lower Reese Creek"
"989",2001,12.9022826086957,-1.69858695652174,107.17,26.6671739130435,7.90880434782609,58.73,14.9532967032967,0.353626373626374,76.84,4.25558333333333,-7.78191666666667,1.01691666666667,24.7848251748252,6.26517482517483,0.646433566433566,8.17980392156863,-4.5171568627451,0.771764705882353,13.3951780821918,-1.36619178082192,293.19,1697,"Lower Reese Creek"
"990",2002,10.9961956521739,-3.06369565217391,88.87,25.9965217391304,7.46076086956522,86.89,12.2896703296703,-2.25032967032967,47.21,3.95883333333333,-8.42275,0.859166666666667,23.5301398601399,5.93307692307692,0.890629370629371,6.68735294117647,-5.70049019607843,0.518039215686275,12.3889863013699,-2.03767123287671,283.3,1697,"Lower Reese Creek"
"991",2003,12.2285869565217,-1.44271739130435,142.24,28.3836956521739,8.21619565217391,39.55,13.7834065934066,-1.72868131868132,32.12,5.52791666666667,-6.07058333333333,1.51108333333333,25.0927272727273,6.17041958041958,0.538601398601399,8.34666666666667,-5.01872549019608,0.689803921568627,13.9807397260274,-0.980849315068493,328.71,1697,"Lower Reese Creek"
"992",2004,13.6752173913043,-0.942934782608696,104.45,25.0014130434783,7.2170652173913,80.03,12.2503296703297,-1.38802197802198,83,6.3815,-6.59433333333333,0.6905,22.2986013986014,5.6420979020979,1.2858041958042,7.43303921568627,-4.47911764705882,0.704509803921569,12.9113698630137,-1.20923287671233,338.59,1697,"Lower Reese Creek"
"993",2005,12.1770652173913,-1.60054347826087,131.74,25.3354347826087,6.82945652173913,84.59,13.0502197802198,-1.23450549450549,111.42,6.26775,-6.79941666666667,0.67225,23.0151048951049,5.33027972027972,1.13727272727273,6.7878431372549,-5.14745098039216,1.35186274509804,12.9743835616438,-1.58558904109589,381.19,1697,"Lower Reese Creek"
"994",2006,12.3589130434783,-1.75163043478261,107.48,27.420652173913,8.19521739130435,53.42,12.4638461538462,-1.31043956043956,144.4,4.82183333333333,-6.97366666666667,1.03016666666667,24.838041958042,6.26615384615385,0.737202797202797,6.95294117647059,-4.97676470588235,1.44029411764706,13.2593424657534,-1.22852054794521,375.95,1697,"Lower Reese Creek"
"995",2007,14.2379347826087,-1.1604347826087,72.22,28.3621739130435,8.33923913043478,45.86,12.483956043956,-1.31582417582418,108.61,6.20141666666667,-6.70108333333333,0.802166666666667,25.45,6.37832167832168,0.677902097902098,6.12774509803922,-5.51970588235294,1.21843137254902,13.7220547945205,-1.24668493150685,317.48,1697,"Lower Reese Creek"
"996",2008,9.5075,-4.38347826086957,106.71,26.2802173913043,6.5779347826087,42.69,14.1038461538462,-0.684395604395604,95.21,2.86,-9.38591666666667,0.714666666666667,23.3795804195804,4.85384615384615,0.811118881118881,7.73362745098039,-4.87,1.22372549019608,12.2611232876712,-2.54506849315068,326.57,1697,"Lower Reese Creek"
"997",2009,11.1688043478261,-3.13380434782609,147.48,24.4988043478261,7.54663043478261,144.53,13.280989010989,-1.52582417582418,68.13,4.65,-7.46308333333333,1.48458333333333,23.4695804195804,6.01804195804196,1.15300699300699,5.60960784313725,-6.83098039215686,0.749901960784314,12.2913150684931,-2.00479452054795,419.52,1697,"Lower Reese Creek"
"998",2010,10.6844565217391,-2.76815217391304,149.82,24.146847826087,6.50728260869565,132.35,13.7627472527473,-0.667362637362637,84.41,5.71675,-6.591,0.758666666666667,21.2663636363636,4.68664335664336,1.73503496503497,7.64176470588235,-4.64705882352941,1.30009803921569,12.3467397260274,-1.62939726027397,471.76,1697,"Lower Reese Creek"
"999",2011,9.05891304347826,-3.0770652173913,194.72,25.7966304347826,6.81239130434783,77.83,14.2143956043956,-1.18186813186813,83.38,2.87733333333333,-8.25516666666667,1.3025,23.0834265734266,5.20867132867133,1.21832167832168,7.89617647058824,-5.45696078431373,0.869117647058824,12.1962191780822,-2.19832876712329,419.17,1697,"Lower Reese Creek"
"1000",2012,13.3586956521739,-1.66358695652174,130.8,27.7271739130435,7.60978260869565,37.25,14.8653846153846,-0.800769230769231,72.38,6.82875,-6.40983333333333,1.19725,24.9877622377622,5.61468531468531,0.545034965034965,8.35088235294118,-4.52294117647059,1.10186274509804,14.3684657534247,-1.17156164383562,334,1697,"Lower Reese Creek"
"1001",2013,12.3360869565217,-2.37815217391304,81.83,28.0642391304348,8.27336956521739,58.36,12.5194505494505,-0.616923076923077,114.71,4.84308333333333,-8.06816666666667,0.475583333333333,25.3578321678322,7.05272727272727,0.949160839160839,5.76205882352941,-6.19735294117647,1.19656862745098,13.1371780821918,-1.62128767123288,314.85,1697,"Lower Reese Creek"
"1002",2014,12.8913043478261,-2.015,101.23,25.6791304347826,7.80902173913043,106.74,13.9536263736264,-0.703076923076923,104.28,5.86283333333333,-6.98708333333333,1.35891666666667,23.8298601398601,5.94167832167832,0.95958041958042,8.04274509803922,-3.90892156862745,1.58617647058824,13.5111506849315,-1.06164383561644,462.08,1697,"Lower Reese Creek"
"1003",2015,14.1344565217391,-0.989130434782609,145.74,26.8688043478261,8.43597826086956,66.12,13.7594505494506,-0.643846153846154,94.52,8.41691666666667,-4.80525,1.03833333333333,23.9317482517483,6.84818181818182,1.27244755244755,7.58245098039216,-4.89852941176471,1.13990196078431,14.2621369863014,-0.26572602739726,422.83,1697,"Lower Reese Creek"
"1004",2016,13.0114130434783,-0.651413043478261,153.06,27.268152173913,6.94217391304348,26.18,13.9875824175824,1.16692307692308,136.63,6.3995,-5.65925,1.08666666666667,23.9527972027972,5.63748251748252,0.75986013986014,7.2928431372549,-4.37774509803922,1.75343137254902,13.5261917808219,-0.875287671232877,417.91,1697,"Lower Reese Creek"
"1005",2017,12.7191304347826,-0.72304347826087,151.69,27.3577173913043,8.05413043478261,50.91,11.9313186813187,-0.765164835164835,130.33,4.37591666666667,-6.72733333333333,1.63458333333333,24.6846153846154,6.45797202797203,1.0306993006993,6.29323529411765,-4.95274509803922,1.20941176470588,12.8682739726027,-1.06567123287671,466.9,1697,"Lower Reese Creek"
"1006",2018,12.5214130434783,-1.24597826086957,160.3,26.375,7.72315217391304,104.58,12.8440659340659,-1.72175824175824,55.48,5.43508333333333,-6.53025,1.32391666666667,24.4686013986014,6.39951048951049,1.21951048951049,6.33725490196078,-5.79460784313726,0.701764705882353,13.1441643835616,-1.25904109589041,404.84,1697,"Lower Reese Creek"
"1007",2019,11.0382608695652,-2.18836956521739,144.42,26.1138043478261,7.57902173913044,39.21,11.1298901098901,-2.15065934065934,100.45,3.88108333333333,-7.62483333333333,1.47733333333333,23.4934965034965,6.30909090909091,0.958461538461538,5.29235294117647,-6.34392156862745,0.957352941176471,11.9592328767123,-1.80783561643836,411.99,1697,"Lower Reese Creek"
"1008",2020,11.5423913043478,-2.22576086956522,113.39,26.0517391304348,7.85630434782609,97.96,14.8593406593407,-1.20835164835165,80.78,4.36016666666667,-7.88325,1.11391666666667,24.116013986014,6.31496503496504,1.12447552447552,8.51519607843137,-5.2528431372549,0.959803921568627,13.2612602739726,-1.58558904109589,392.37,1697,"Lower Reese Creek"
"1009",2000,10.0236956521739,-3.00097826086957,119.34,24.0510869565217,7.26228260869565,37.17,8.66384615384615,-3.67527472527473,142.84,3.863,-7.56333333333333,1.24983333333333,21.2486713286713,5.57160839160839,0.887762237762238,3.45333333333333,-7.89264705882353,1.24754901960784,10.5598904109589,-2.50934246575342,404.18,2168,"Mammoth.Sawmill"
"1010",2001,10.4988043478261,-3.31130434782609,91.52,23.5032608695652,7.19521739130435,100.01,12.4034065934066,-0.977362637362637,60.52,2.6525,-9.31808333333333,0.923916666666667,21.6615384615385,5.45825174825175,0.816223776223776,5.98147058823529,-6.05941176470588,0.928725490196078,11.0301643835616,-2.61835616438356,322.32,2168,"Mammoth.Sawmill"
"1011",2002,8.42326086956522,-4.98097826086957,128.95,23.3879347826087,7.00673913043478,98.21,10.3131868131868,-3.01549450549451,66.09,1.40708333333333,-10.75725,1.206,20.8581118881119,5.21531468531469,1.14552447552448,5.11764705882353,-6.62274509803922,0.764019607843137,10.0645479452055,-3.3441095890411,386.46,2168,"Mammoth.Sawmill"
"1012",2003,9.48771739130435,-3.15260869565217,170.96,25.0567391304348,8.2729347826087,51.35,11.4362637362637,-2.49989010989011,40.51,3.65925,-7.53816666666667,1.5585,21.8506293706294,5.87636363636364,0.733006993006993,6.60156862745098,-5.75333333333333,0.792549019607843,11.6085205479452,-1.78383561643836,372.68,2168,"Mammoth.Sawmill"
"1013",2004,10.9773913043478,-2.13608695652174,116.42,22.0867391304348,6.7004347826087,114.39,10.7758241758242,-1.54065934065934,101.93,4.20275,-7.84666666666667,1.04325,19.6834265734266,4.9727972027972,1.50090909090909,5.9556862745098,-4.80911764705882,1.10990196078431,10.7576438356164,-1.97539726027397,453.03,2168,"Mammoth.Sawmill"
"1014",2005,9.4154347826087,-3.11826086956522,225.07,22.3398913043478,6.58130434782609,124.79,11.3672527472527,-1.58307692307692,102.28,4.11725,-8.00083333333333,1.02741666666667,20.0262937062937,4.95496503496503,1.88839160839161,5.77725490196078,-5.61509803921569,1.48470588235294,10.814,-2.25830136986301,544.77,2168,"Mammoth.Sawmill"
"1015",2006,9.83173913043478,-3.05489130434783,160.26,24.3794565217391,8.03282608695652,79.58,10.2532967032967,-2.05010989010989,137.73,2.67533333333333,-8.768,1.86033333333333,21.9211188811189,6.09097902097902,0.996993006993007,5.32637254901961,-5.97205882352941,1.36607843137255,10.956301369863,-2.16520547945205,505.15,2168,"Mammoth.Sawmill"
"1016",2007,12.0604347826087,-1.9025,109.25,25.4259782608696,8.66076086956522,65.38,10.7654945054945,-1.74043956043956,135.11,4.80216666666667,-7.58875,0.997916666666667,22.6986713286713,6.5072027972028,0.861608391608392,4.59245098039216,-6.34696078431373,1.47578431372549,11.7550684931507,-1.71920547945205,393.49,2168,"Mammoth.Sawmill"
"1017",2008,7.39510869565217,-5.91597826086957,106.55,23.5305434782609,6.86521739130435,39.69,12.3174725274725,-0.87956043956044,88.01,1.18966666666667,-11.1858333333333,1.35475,20.7274125874126,4.87783216783217,0.762657342657343,6.24058823529412,-5.37450980392157,1.60862745098039,10.2556712328767,-3.26841095890411,435.71,2168,"Mammoth.Sawmill"
"1018",2009,9.29184782608696,-3.90271739130435,176.47,21.2272826086957,6.9345652173913,183.64,11.0015384615385,-1.92725274725275,128.46,3.1525,-8.58658333333333,1.53241666666667,20.357972027972,5.57776223776224,1.49615384615385,3.89245098039216,-7.42421568627451,1.34441176470588,10.1000547945205,-2.71243835616438,534.97,2168,"Mammoth.Sawmill"
"1019",2010,8.07673913043478,-4.00478260869565,187.05,21.4833695652174,6.16032608695652,104.17,11.7131868131868,-1.2167032967033,118.94,3.42691666666667,-7.79975,1.10616666666667,18.6892307692308,4.06272727272727,1.50293706293706,6.27117647058824,-4.85598039215686,1.62313725490196,10.2012328767123,-2.32961643835616,513.22,2168,"Mammoth.Sawmill"
"1020",2011,7.00173913043478,-4.76880434782609,250.19,22.3059782608696,6.31195652173913,70.96,11.3162637362637,-1.77087912087912,98.4,1.29175,-9.78733333333333,1.73625,19.7772727272727,4.67587412587413,1.15867132867133,5.89078431372549,-6.13235294117647,1.13588235294118,9.81923287671233,-3.09953424657534,489.9,2168,"Mammoth.Sawmill"
"1021",2012,10.8817391304348,-2.59532608695652,175.85,24.3285869565217,7.57380434782609,50.35,12.333956043956,-1.07351648351648,79.67,4.82091666666667,-7.57833333333333,1.731,21.8222377622378,5.56251748251748,0.658741258741259,6.11617647058824,-5.11274509803922,1.38274509803922,11.8436712328767,-1.74098630136986,442.96,2168,"Mammoth.Sawmill"
"1022",2013,9.66489130434783,-3.68782608695652,88.21,24.8528260869565,8.28032608695652,71.4,10.6328571428571,-1.36351648351648,116.87,2.60433333333333,-9.57758333333333,0.633583333333333,22.1371328671329,6.72146853146853,1.0965034965035,4.33735294117647,-7.08245098039216,1.11735294117647,10.7412054794521,-2.49465753424658,346.8,2168,"Mammoth.Sawmill"
"1023",2014,10.8610869565217,-3.08391304347826,104.88,22.2876086956522,7.26923913043478,123.91,11.5147252747253,-1.18054945054945,98.47,4.47108333333333,-8.08741666666667,1.35983333333333,20.6137062937063,5.54076923076923,1.05706293706294,6.20509803921569,-4.56549019607843,1.42049019607843,11.2800273972603,-1.76394520547945,459.23,2168,"Mammoth.Sawmill"
"1024",2015,11.5344565217391,-1.90054347826087,141.56,23.5314130434783,7.93173913043478,103.94,11.6245054945055,-0.82010989010989,111.68,6.72175,-5.83258333333333,0.599916666666667,20.7338461538462,6.20405594405594,1.76776223776224,5.68137254901961,-5.48421568627451,1.27852941176471,11.9206849315068,-1.01950684931507,455.19,2168,"Mammoth.Sawmill"
"1025",2016,10.4744565217391,-2.02271739130435,194.41,23.9840217391304,6.96141304347826,24.65,11.4625274725275,0.197032967032967,208.04,4.4565,-6.88991666666667,1.33116666666667,20.8555944055944,5.24083916083916,0.880979020979021,5.31990196078431,-5.34950980392157,2.5693137254902,11.1226301369863,-1.70684931506849,547.79,2168,"Mammoth.Sawmill"
"1026",2017,10.299347826087,-2.16565217391304,142.02,24.0122826086957,8.14641304347826,88.87,10.1223076923077,-1.91582417582418,135,2.97133333333333,-7.87533333333333,1.99375,21.6867132867133,6.36531468531469,1.43391608391608,4.86725490196078,-6.09245098039216,0.97578431372549,10.8334794520548,-1.7978904109589,543.83,2168,"Mammoth.Sawmill"
"1027",2018,9.97260869565217,-2.61858695652174,242.3,23.4167391304348,7.38576086956522,92.88,10.8540659340659,-2.0643956043956,60.02,3.58858333333333,-8.07483333333333,1.64208333333333,21.5140559440559,6.11055944055944,1.38951048951049,4.83362745098039,-6.52019607843137,0.767352941176471,10.9593698630137,-2.08282191780822,474.02,2168,"Mammoth.Sawmill"
"1028",2019,9.08010869565217,-3.23978260869565,142.01,22.680652173913,6.7979347826087,51.72,9.23153846153846,-3.29318681318681,112.43,2.65758333333333,-8.785,1.60016666666667,20.1605594405594,5.40972027972028,1.17594405594406,4.04313725490196,-7.12509803921569,1.1271568627451,9.9021095890411,-2.75991780821918,475.15,2168,"Mammoth.Sawmill"
"1029",2020,9.67782608695652,-3.72663043478261,85.14,23.2373913043478,7.34,75.15,12.4761538461538,-1.87736263736264,60.61,2.83025,-9.199,1.06,21.366993006993,5.63104895104895,0.807412587412587,6.78843137254902,-5.93872549019608,0.666960784313726,11.1987123287671,-2.47778082191781,310.69,2168,"Mammoth.Sawmill"
"1030",2000,10.4176086956522,-1.87586956521739,110.35,24.4601086956522,7.69467391304348,18.04,8.89032967032967,-2.59637362637363,154.13,4.52675,-6.16975,1.089,21.4864335664336,6.06643356643357,0.81965034965035,3.66578431372549,-6.5428431372549,1.27607843137255,10.9306301369863,-1.4801095890411,378.05,2027,"McDevitt Creek"
"1031",2001,10.9185869565217,-2.21804347826087,143.91,24.094347826087,7.8629347826087,89.78,12.6787912087912,0.356703296703297,99.08,3.18275,-7.7195,1.31066666666667,22.2476223776224,6.1965034965035,0.953496503496504,6.31647058823529,-4.40813725490196,1.09745098039216,11.5277260273973,-1.3421095890411,405.57,2027,"McDevitt Creek"
"1032",2002,9.0375,-3.62728260869565,143.17,23.4640217391304,7.31282608695652,99.18,10.4662637362637,-2.04395604395604,57.93,2.68416666666667,-8.41808333333333,1.24166666666667,21.0533566433566,5.6558041958042,1.18146853146853,5.20666666666667,-5.35470588235294,0.635882352941176,10.5857808219178,-2.04813698630137,382.81,2027,"McDevitt Creek"
"1033",2003,10.1083695652174,-2.12913043478261,171.64,25.6692391304348,8.58467391304348,48.35,11.5824175824176,-1.45197802197802,54.31,4.07125,-6.14266666666667,2.08066666666667,22.4316783216783,6.30839160839161,0.645174825174825,6.58970588235294,-4.68980392156863,1.01254901960784,11.968301369863,-0.858575342465753,445.22,2027,"McDevitt Creek"
"1034",2004,11.4602173913043,-1.28586956521739,150.52,22.5296739130435,6.9645652173913,93.29,10.6020879120879,-1.34626373626374,104.08,5.0025,-6.37666666666667,0.9565,19.8825874125874,5.26566433566434,1.67993006993007,6.11490196078431,-4.34647058823529,1.03990196078431,11.143095890411,-1.24808219178082,461.08,2027,"McDevitt Creek"
"1035",2005,10.3315217391304,-2.45673913043478,171.14,22.8928260869565,6.74619565217391,104.93,11.0116483516484,-1.0878021978022,136.53,5.09558333333333,-6.85216666666667,0.885166666666667,20.5834265734266,5.15503496503497,1.43020979020979,5.31382352941176,-4.98852941176471,1.73450980392157,11.2244109589041,-1.62717808219178,487.66,2027,"McDevitt Creek"
"1036",2006,10.2039130434783,-2.37271739130435,140.2,24.5619565217391,8.37054347826087,70.98,10.3851648351648,-1.40868131868132,191.57,3.37366666666667,-7.21666666666667,1.59341666666667,22.0887412587413,6.4048951048951,0.918111888111888,5.45098039215686,-5.03941176470588,2.02882352941176,11.2863835616438,-1.27156164383562,529.44,2027,"McDevitt Creek"
"1037",2007,11.9835869565217,-1.46358695652174,112.69,25.6613043478261,8.66184782608696,53.67,10.410989010989,-1.35032967032967,154.92,4.76058333333333,-6.65008333333333,1.14416666666667,22.7917482517483,6.57335664335664,0.893146853146853,4.40823529411765,-5.59833333333333,1.91294117647059,11.7263835616438,-1.17547945205479,460.14,2027,"McDevitt Creek"
"1038",2008,7.73804347826087,-4.91608695652174,144.32,23.333152173913,6.90413043478261,52.81,11.9386813186813,-0.498351648351648,110.42,1.83875,-9.40216666666667,1.27666666666667,20.571958041958,4.96426573426573,0.944195804195804,6.00705882352941,-4.65774509803922,1.43127450980392,10.342904109589,-2.44783561643836,434.21,2027,"McDevitt Creek"
"1039",2009,9.15380434782609,-3.54304347826087,192.19,21.675652173913,7.23336956521739,168.82,11.1346153846154,-1.35417582417582,90.56,3.32725,-7.50641666666667,1.85041666666667,20.6437062937063,5.82531468531469,1.44615384615385,4.03254901960784,-6.68911764705882,0.991764705882353,10.308602739726,-2.05490410958904,530.01,2027,"McDevitt Creek"
"1040",2010,8.54413043478261,-3.5470652173913,172.23,21.3266304347826,6.33891304347826,164.83,11.4292307692308,-0.57010989010989,119.74,4.2165,-6.626,0.893583333333333,18.5468531468531,4.34237762237762,2.12125874125874,6.02166666666667,-4.38156862745098,1.66382352941176,10.3353150684932,-1.70158904109589,580.28,2027,"McDevitt Creek"
"1041",2011,7.1454347826087,-3.96815217391304,242.06,22.835,6.88565217391304,90.31,11.8367032967033,-0.876483516483517,96.76,1.68275,-8.482,1.73508333333333,20.2840559440559,5.18706293706294,1.39986013986014,6.15147058823529,-5.11921568627451,1.05362745098039,10.2191780821918,-2.18698630136986,515.86,2027,"McDevitt Creek"
"1042",2012,10.9414130434783,-2.13445652173913,159.57,24.8095652173913,7.86989130434783,48.86,12.5597802197802,-0.367582417582418,102.42,5.07791666666667,-6.49866666666667,1.43816666666667,22.1440559440559,5.83608391608392,0.720979020979021,6.35009803921569,-4.26009803921569,1.58558823529412,12.1196164383562,-1.04057534246575,437.41,2027,"McDevitt Creek"
"1043",2013,9.98445652173913,-2.93489130434783,91.21,25.0703260869565,8.53195652173913,81.22,10.4742857142857,-0.801978021978022,140.5,3.37341666666667,-8.12158333333333,0.751166666666667,22.4574125874126,7.04230769230769,1.00447552447552,4.21529411764706,-6.12450980392157,1.58950980392157,11.0854246575342,-1.62257534246575,395.91,2027,"McDevitt Creek"
"1044",2014,10.5855434782609,-2.52173913043478,125.07,22.6882608695652,7.6920652173913,118.79,11.6195604395604,-0.591098901098901,134.31,4.20708333333333,-7.04791666666667,1.76358333333333,20.9194405594406,5.86307692307692,1.06748251748252,6.22598039215686,-3.82705882352941,1.96990196078431,11.3188493150685,-1.08956164383562,565.21,2027,"McDevitt Creek"
"1045",2015,11.6585869565217,-1.4020652173913,152.1,24.0678260869565,8.5170652173913,61.28,11.6179120879121,-0.373956043956044,125.02,6.65041666666667,-4.95483333333333,0.991416666666667,21.163986013986,6.72888111888112,1.41314685314685,5.97607843137255,-4.49509803921569,1.4893137254902,12.1481095890411,-0.248904109589041,472.96,2027,"McDevitt Creek"
"1046",2016,10.8352173913043,-1.20347826086957,171.23,24.3079347826087,7.30739130434783,33.3,11.6489010989011,0.95978021978022,131.4,5.07116666666667,-5.69141666666667,1.43708333333333,21.1277622377622,5.71573426573427,0.814895104895105,5.47382352941176,-4.34254901960784,1.87264705882353,11.4743561643836,-0.845369863013699,479.99,2027,"McDevitt Creek"
"1047",2017,10.5847826086957,-1.46,203.87,24.52,8.465,63.28,9.93571428571429,-0.94010989010989,171.56,2.9995,-7.11283333333333,2.254,21.9979020979021,6.65741258741259,1.20692307692308,4.69264705882353,-4.9828431372549,1.61460784313725,10.9158630136986,-1.12268493150685,607.76,2027,"McDevitt Creek"
"1048",2018,10.371847826087,-1.74630434782609,191.44,23.4463043478261,7.8245652173913,111.09,10.7235164835165,-1.39054945054945,85.31,3.81825,-6.65408333333333,1.71875,21.6259440559441,6.46727272727273,1.25531468531469,4.80686274509804,-5.49627450980392,1.07892156862745,11.0712328767123,-1.18983561643836,495.81,2027,"McDevitt Creek"
"1049",2019,9.13228260869565,-2.55663043478261,157.65,23.2334782608696,7.57804347826087,44.91,9.11450549450549,-2.25637362637363,119.18,2.746,-7.61358333333333,1.76641666666667,20.7060839160839,6.19727272727273,0.977832167832168,3.86950980392157,-6.19078431372549,1.13990196078431,10.0963835616438,-1.80515068493151,468.07,2027,"McDevitt Creek"
"1050",2020,9.62369565217391,-2.84978260869565,129.45,23.1255434782609,7.7945652173913,133.16,12.4893406593407,-0.837362637362637,87.01,3.10033333333333,-7.80575,1.47975,21.2976923076923,6.16566433566434,1.41440559440559,6.73549019607843,-4.8143137254902,1.07813725490196,11.2455616438356,-1.49605479452055,489.8,2027,"McDevitt Creek"
"1051",2000,11.3441304347826,-2.48010869565217,84.41,25.87,6.6879347826087,22.64,9.57824175824176,-3.43065934065934,110.44,5.17041666666667,-7.13075,0.924666666666667,22.8866433566434,5.24552447552448,0.622237762237762,4.17098039215686,-7.65029411764706,1.01039215686275,11.832,-2.42715068493151,303,1933,"Milk Creek"
"1052",2001,11.7257608695652,-3.02771739130435,123.39,25.1973913043478,6.82489130434783,68.14,13.7514285714286,-0.655494505494505,78.07,3.61358333333333,-8.97933333333333,1.12925,23.3021678321678,5.15804195804196,0.719440559440559,7.3406862745098,-5.53225490196078,0.857254901960784,12.3687397260274,-2.47728767123288,325.83,1933,"Milk Creek"
"1053",2002,9.765,-4.40021739130435,92.54,24.6532608695652,6.35097826086957,88.71,11.3430769230769,-3.20406593406593,49.69,2.97833333333333,-9.78016666666667,0.896166666666667,22.1543356643357,4.81377622377622,0.943076923076923,5.95754901960784,-6.75352941176471,0.561274509803922,11.3236712328767,-3.2167397260274,299.65,1933,"Milk Creek"
"1054",2003,10.9541304347826,-2.84413043478261,152.65,26.9194565217391,7.18586956521739,49.48,12.7216483516484,-2.74142857142857,31.3,4.63275,-7.44625,1.444,23.6638461538462,5.08251748251748,0.682727272727273,7.52960784313725,-6.01441176470588,0.687156862745098,12.898301369863,-2.13758904109589,341,1933,"Milk Creek"
"1055",2004,12.4246739130435,-2.06,115.72,23.7226086956522,6.18728260869565,83.82,11.3703296703297,-2.22494505494506,87.14,5.52408333333333,-7.66783333333333,0.872,21.0602097902098,4.63097902097902,1.29153846153846,6.72980392156863,-5.31,0.877647058823529,11.9477808219178,-2.19049315068493,378.85,1933,"Milk Creek"
"1056",2005,10.8908695652174,-2.85619565217391,155.77,23.9325,5.75152173913043,106.05,12.1982417582418,-1.98967032967033,97.34,5.56333333333333,-7.83633333333333,0.746833333333333,21.6185314685315,4.29545454545455,1.39552447552448,6.26264705882353,-5.89892156862745,1.325,12.0488767123288,-2.54191780821918,424.33,1933,"Milk Creek"
"1057",2006,11.0157608695652,-2.98097826086957,122.68,25.9883695652174,7.17760869565217,62.93,11.4005494505495,-2.20186813186813,140.09,3.89175,-8.20991666666667,1.1975,23.4021678321678,5.27748251748252,0.844405594405594,6.19529411764706,-5.91098039215686,1.46813725490196,12.1792876712329,-2.2833698630137,414.2,1933,"Milk Creek"
"1058",2007,13.005,-2.12695652173913,80.6,27.0202173913043,7.54869565217391,51.11,11.687032967033,-2.00571428571429,108.83,5.4045,-7.72208333333333,0.905166666666667,24.1116783216783,5.55643356643357,0.817902097902098,5.50166666666667,-6.30372549019608,1.08147058823529,12.7607671232877,-2.12345205479452,335.89,1933,"Milk Creek"
"1059",2008,8.41032608695652,-5.7404347826087,112.79,24.9608695652174,5.63369565217391,37.74,13.3050549450549,-1.37967032967033,68.31,2.1655,-10.6991666666667,0.933083333333333,22.0743356643357,3.88531468531469,0.804405594405594,7.12950980392157,-5.62127450980392,1.10833333333333,11.352602739726,-3.56621917808219,340.05,1933,"Milk Creek"
"1060",2009,10.0502173913043,-4.24576086956522,167.8,23.0741304347826,6.58597826086956,150.85,12.2647252747253,-2.25054945054945,68.82,4.05266666666667,-8.50891666666667,1.616,22.0734965034965,5.10083916083916,1.21321678321678,4.89196078431373,-7.58205882352941,0.745196078431373,11.3474246575342,-2.91786301369863,443.42,1933,"Milk Creek"
"1061",2010,9.42369565217391,-3.8570652173913,171.66,22.8283695652174,5.55032608695652,124.11,12.8962637362637,-1.39373626373626,85.21,4.91483333333333,-7.52933333333333,0.838666666666667,19.9823776223776,3.72643356643357,1.75398601398601,7.08607843137255,-5.29754901960784,1.26950980392157,11.4247671232877,-2.49586301369863,480.95,1933,"Milk Creek"
"1062",2011,7.83945652173913,-4.43358695652174,214.4,24.398152173913,5.91576086956522,93.38,13.1271428571429,-1.87505494505494,89.59,2.1605,-9.46433333333333,1.42358333333333,21.6748251748252,4.2941958041958,1.34006993006993,7.1671568627451,-6.18901960784314,0.965588235294118,11.2049589041096,-3.15871232876712,460.95,1933,"Milk Creek"
"1063",2012,12.0534782608696,-2.62739130434783,146.29,26.3729347826087,6.79717391304348,35.31,14.0165934065934,-1.44120879120879,67.23,5.90183333333333,-7.51183333333333,1.43641666666667,23.6657342657343,4.82076923076923,0.55979020979021,7.63254901960784,-5.28558823529412,1.08813725490196,13.3450410958904,-2.05802739726027,363.41,1933,"Milk Creek"
"1064",2013,11.0952173913043,-3.46847826086957,85.82,26.6147826086957,7.4475,64.46,11.6749450549451,-1.2843956043956,122.06,4.08958333333333,-9.13466666666667,0.537583333333333,23.8866433566434,6.19951048951049,1.0072027972028,5.27294117647059,-6.90362745098039,1.26911764705882,12.1763835616438,-2.50356164383562,337.99,1933,"Milk Creek"
"1065",2014,11.8507608695652,-3.025,97.91,24.2882608695652,6.76434782608696,104.49,13.0991208791209,-1.37967032967033,100.44,5.3295,-7.92158333333333,1.3905,22.4854545454545,4.99398601398601,0.940979020979021,7.42490196078431,-4.66647058823529,1.5378431372549,12.6364383561644,-1.95186301369863,458.28,1933,"Milk Creek"
"1066",2015,12.9285869565217,-1.90641304347826,141.71,25.4080434782609,7.44836956521739,85.74,12.8298901098901,-1.41626373626374,92.21,7.7785,-5.66725,0.986916666666667,22.5225874125874,5.89657342657343,1.42062937062937,6.81039215686275,-5.7456862745098,1.21980392156863,13.2844109589041,-1.15868493150685,446,1933,"Milk Creek"
"1067",2016,11.7402173913043,-1.7425,147.07,25.8571739130435,6.03184782608696,22.01,12.9416483516484,0.41956043956044,165.85,5.66625,-6.60741666666667,1.04908333333333,22.5844055944056,4.69748251748252,0.774545454545455,6.58058823529412,-5.13774509803922,2.01725490196078,12.5499726027397,-1.76767123287671,442.41,1933,"Milk Creek"
"1068",2017,11.5784782608696,-1.92304347826087,135.01,25.9415217391304,7.13152173913043,68.34,11.0732967032967,-1.61648351648352,111.65,3.74341666666667,-7.72658333333333,1.6755,23.3673426573427,5.54496503496503,1.12601398601399,5.66029411764706,-5.85696078431373,0.940392156862745,11.9673698630137,-2.00457534246575,458,1933,"Milk Creek"
"1069",2018,11.3126086956522,-2.42597826086957,188.13,25.03,6.7995652173913,106.57,12.0797802197802,-2.45824175824176,47.31,4.5855,-7.7455,1.51141666666667,23.1343356643357,5.49363636363636,1.28545454545455,5.79098039215686,-6.60539215686275,0.611078431372549,12.1894520547945,-2.24005479452055,427.52,1933,"Milk Creek"
"1070",2019,9.99054347826087,-3.22858695652174,141.12,24.4845652173913,6.42336956521739,55.27,10.2845054945055,-2.97252747252747,105.24,3.3815,-8.58458333333333,1.56258333333333,21.8746853146853,5.21895104895105,1.08188811188811,4.73803921568627,-7.13274509803922,1.01774509803922,11.0058630136986,-2.77090410958904,446.03,1933,"Milk Creek"
"1071",2020,10.5152173913043,-3.32891304347826,115.29,24.6455434782609,6.89413043478261,108.15,13.9110989010989,-1.90824175824176,83.42,3.7445,-8.87108333333333,1.19233333333333,22.7539160839161,5.36657342657343,1.17300699300699,7.85725490196078,-5.96647058823529,0.95656862745098,12.3413424657534,-2.48134246575342,408.39,1933,"Milk Creek"
"1072",2000,11.4329347826087,-2.08771739130435,80.44,25.8604347826087,7.07586956521739,18.86,9.65373626373626,-3.07065934065934,117.92,5.25375,-6.69533333333333,0.896916666666667,22.8718181818182,5.60601398601399,0.621328671328671,4.23,-7.25323529411765,1.06794117647059,11.8700821917808,-2.03180821917808,305.41,1917,"Mill Creek"
"1073",2001,11.808152173913,-2.64184782608696,126.88,25.2158695652174,7.21608695652174,73.22,13.7275824175824,-0.301868131868132,86.51,3.667,-8.56183333333333,1.16016666666667,23.3371328671329,5.55090909090909,0.763286713286713,7.26254901960784,-5.17382352941176,0.927058823529412,12.3781643835616,-2.08594520547945,342.93,1917,"Mill Creek"
"1074",2002,9.86880434782609,-3.98478260869565,105.09,24.618152173913,6.72173913043478,90.08,11.3149450549451,-2.83032967032967,59.78,3.12375,-9.27241666666667,0.949916666666667,22.1494405594406,5.16356643356643,0.962027972027972,5.92,-6.30676470588235,0.65343137254902,11.3590684931507,-2.78791780821918,318.21,1917,"Mill Creek"
"1075",2003,11.0295652173913,-2.45728260869565,161.73,26.9240217391304,7.62380434782609,38.95,12.6959340659341,-2.31758241758242,23.58,4.71125,-6.92808333333333,1.70191666666667,23.6657342657343,5.49888111888112,0.584055944055944,7.50460784313726,-5.58745098039216,0.635,12.9178630136986,-1.68479452054795,352.52,1917,"Mill Creek"
"1076",2004,12.4822826086957,-1.6995652173913,124.91,23.7223913043478,6.51076086956522,82.43,11.3740659340659,-1.93395604395604,91.57,5.60983333333333,-7.226,0.843166666666667,21.0470629370629,4.92629370629371,1.4079020979021,6.75235294117647,-5.00617647058824,0.81421568627451,11.9771232876712,-1.8446301369863,385.56,1917,"Mill Creek"
"1077",2005,11.0411956521739,-2.57141304347826,154.38,23.9888043478261,6.07913043478261,102.4,12.1162637362637,-1.7256043956044,110.87,5.65233333333333,-7.48858333333333,0.764416666666667,21.6676923076923,4.60174825174825,1.38433566433566,6.16539215686274,-5.63921568627451,1.44921568627451,12.0702191780822,-2.23501369863014,437.51,1917,"Mill Creek"
"1078",2006,11.0889130434783,-2.67336956521739,121.37,25.92,7.54989130434783,56.81,11.3842857142857,-1.90747252747253,160.29,3.97358333333333,-7.81408333333333,1.204,23.3575524475524,5.63832167832168,0.799090909090909,6.19558823529412,-5.59382352941176,1.66117647058824,12.1887945205479,-1.92323287671233,428.19,1917,"Mill Creek"
"1079",2007,13.038152173913,-1.84565217391304,80.71,26.9414130434783,7.86271739130435,61.58,11.571978021978,-1.79230769230769,120.15,5.44325,-7.3495,0.925416666666667,24.0513286713287,5.86167832167832,0.891818181818182,5.41019607843137,-6.05205882352941,1.25892156862745,12.724301369863,-1.81104109589041,366.99,1917,"Mill Creek"
"1080",2008,8.51554347826087,-5.33869565217391,114.17,24.8341304347826,6.02934782608696,44.29,13.1762637362637,-1.11351648351648,80.48,2.27425,-10.202,0.860083333333333,21.9886013986014,4.24440559440559,0.878461538461538,7.02117647058824,-5.3243137254902,1.16098039215686,11.3244931506849,-3.17909589041096,347.25,1917,"Mill Creek"
"1081",2009,10.0707608695652,-3.91521739130435,168.53,23.0225,6.86369565217391,142.5,12.2306593406593,-1.97692307692308,70.84,4.04075,-8.11425,1.64991666666667,22.0058041958042,5.3827972027972,1.16895104895105,4.87950980392157,-7.29676470588235,0.759705882352941,11.3135068493151,-2.59791780821918,442.64,1917,"Mill Creek"
"1082",2010,9.4720652173913,-3.63630434782609,170.1,22.7241304347826,5.84141304347826,129.92,12.7420879120879,-1.1356043956044,89.18,4.92083333333333,-7.20233333333333,0.849,19.893006993007,3.98195804195804,1.80783216783217,6.95666666666667,-5.0271568627451,1.28470588235294,11.3555616438356,-2.21268493150685,491.44,1917,"Mill Creek"
"1083",2011,7.92228260869565,-4.10934782608696,211.46,24.3127173913043,6.24054347826087,91.24,13.0696703296703,-1.59208791208791,89.89,2.21116666666667,-9.05308333333333,1.37691666666667,21.6338461538462,4.60762237762238,1.3513986013986,7.11470588235294,-5.89450980392157,0.950294117647059,11.190904109589,-2.81841095890411,455.41,1917,"Mill Creek"
"1084",2012,12.0541304347826,-2.39260869565217,142.26,26.2708695652174,7.10521739130435,32.26,13.8906593406593,-1.14054945054945,69.03,5.90791666666667,-7.15441666666667,1.40175,23.5732167832168,5.12,0.534265734265734,7.51941176470588,-4.96264705882353,1.1228431372549,13.2791780821918,-1.73304109589041,359.14,1917,"Mill Creek"
"1085",2013,11.1202173913043,-3.20673913043478,81.86,26.5247826086957,7.77663043478261,59.06,11.5952747252747,-1.12527472527473,122.34,4.132,-8.79975,0.541666666666667,23.8325174825175,6.48573426573427,0.93048951048951,5.17156862745098,-6.6828431372549,1.31990196078431,12.1407945205479,-2.21961643835616,332.69,1917,"Mill Creek"
"1086",2014,11.7960869565217,-2.74445652173913,102.18,24.191847826087,7.15554347826087,107.82,12.9556043956044,-1.13934065934066,109.35,5.225,-7.57175,1.384,22.3975524475524,5.3465034965035,0.984475524475524,7.28941176470588,-4.39372549019608,1.6093137254902,12.5297808219178,-1.62252054794521,471.01,1917,"Mill Creek"
"1087",2015,12.8990217391304,-1.66608695652174,141.49,25.3873913043478,7.84271739130435,82.27,12.7630769230769,-1.10703296703297,93.42,7.66625,-5.38516666666667,0.97075,22.4956643356643,6.22426573426573,1.39454545454545,6.79588235294118,-5.38235294117647,1.23627450980392,13.232904109589,-0.836027397260274,442.01,1917,"Mill Creek"
"1088",2016,11.8209782608696,-1.45380434782609,155.91,25.7798913043478,6.4475,23.21,12.8438461538462,0.612637362637363,152.53,5.69225,-6.31058333333333,1.12958333333333,22.5272027972028,5.05797202797203,0.768391608391608,6.45578431372549,-4.89843137254902,1.89960784313725,12.5012328767123,-1.46197260273973,439.19,1917,"Mill Creek"
"1089",2017,11.6036956521739,-1.64565217391304,148.08,25.901847826087,7.56630434782609,70.52,10.9978021978022,-1.34527472527473,121.51,3.67958333333333,-7.50541666666667,1.756,23.3240559440559,5.93027972027972,1.20020979020979,5.59264705882353,-5.5543137254902,1.01539215686275,11.9105205479452,-1.69632876712329,485.92,1917,"Mill Creek"
"1090",2018,11.3811956521739,-2.06630434782609,188.41,24.9670652173913,7.1825,105.17,11.97,-2.1367032967033,46.39,4.63391666666667,-7.28808333333333,1.51041666666667,23.0872727272727,5.8613986013986,1.26713286713287,5.71754901960784,-6.26009803921569,0.624019607843137,12.1664109589041,-1.84909589041096,426.1,1917,"Mill Creek"
"1091",2019,10.0264130434783,-2.84271739130435,148.38,24.520652173913,6.93717391304348,53.23,10.2014285714286,-2.66923076923077,109.14,3.36516666666667,-8.16866666666667,1.64866666666667,21.9239160839161,5.67363636363636,1.07608391608392,4.65617647058824,-6.81058823529412,1.04901960784314,10.996904109589,-2.366,458.72,1917,"Mill Creek"
"1092",2020,10.511847826087,-3.00619565217391,122.31,24.5682608695652,7.28467391304348,104.34,13.7851648351648,-1.55373626373626,80.49,3.72233333333333,-8.48233333333333,1.27608333333333,22.6806293706294,5.72622377622378,1.14846153846154,7.73872549019608,-5.61009803921569,0.99,12.2722191780822,-2.11304109589041,418.34,1917,"Mill Creek"
"1093",2000,10.4515217391304,-2.76880434782609,90.44,24.7604347826087,6.48021739130435,31.28,8.82857142857143,-3.5878021978022,119.87,4.56083333333333,-7.186,0.918833333333333,21.7893006993007,4.99475524475525,0.734895104895105,3.6521568627451,-7.65745098039216,1.08245098039216,11.0566849315068,-2.54556164383562,325.76,2042,"Mollie Gulch"
"1094",2001,10.7964130434783,-3.20510869565217,123.1,24.1994565217391,6.70347826086957,80.9,12.8982417582418,-0.62989010989011,85.49,3.09983333333333,-8.84416666666667,1.11641666666667,22.2853146853147,5.03587412587413,0.828671328671329,6.7228431372549,-5.35960784313725,0.906666666666667,11.6287945205479,-2.43246575342466,344.95,2042,"Mollie Gulch"
"1095",2002,8.85728260869565,-4.67369565217391,107.26,23.6277173913043,6.21271739130435,105.34,10.5638461538462,-3.17065934065934,65.16,2.41933333333333,-9.72625,0.956416666666667,21.1442657342657,4.65545454545455,1.12447552447552,5.36254901960784,-6.66401960784314,0.598333333333333,10.5778904109589,-3.23602739726027,336.6,2042,"Mollie Gulch"
"1096",2003,10.0111956521739,-3.06478260869565,171.53,25.7990217391304,7.1095652173913,47.07,11.7758241758242,-2.75197802197802,28.68,3.96658333333333,-7.5075,1.80225,22.5696503496503,4.97377622377622,0.664125874125874,6.77441176470588,-5.97411764705882,0.688333333333333,12.0395616438356,-2.18906849315068,381.45,2042,"Mollie Gulch"
"1097",2004,11.430652173913,-2.2454347826087,135.35,22.6092391304348,5.96836956521739,100.78,10.6234065934066,-2.32461538461538,82.74,4.89991666666667,-7.5805,0.832916666666667,19.9873426573427,4.37356643356643,1.53398601398601,6.12441176470588,-5.32872549019608,0.793921568627451,11.1530684931507,-2.26786301369863,400.29,2042,"Mollie Gulch"
"1098",2005,10.0252173913043,-3.16989130434783,160.03,22.9054347826087,5.61195652173913,109.18,11.4584615384615,-1.9632967032967,108.41,4.94625,-7.884,0.758583333333333,20.6263636363636,4.13524475524475,1.44741258741259,5.745,-5.80617647058824,1.40656862745098,11.3126301369863,-2.59443835616438,441.48,2042,"Mollie Gulch"
"1099",2006,10.1757608695652,-3.18423913043478,124.9,24.9335869565217,7.14913043478261,70.27,10.6032967032967,-2.26527472527473,160.39,3.29291666666667,-8.23191666666667,1.19041666666667,22.3834965034965,5.23118881118881,0.974125874125874,5.59421568627451,-5.91647058823529,1.60686274509804,11.4153424657534,-2.31027397260274,446.05,2042,"Mollie Gulch"
"1100",2007,12.0457608695652,-2.31369565217391,95.17,26.0270652173913,7.47619565217391,65.85,10.8501098901099,-2.10967032967033,118.49,4.72566666666667,-7.77308333333333,0.956,23.0993706293706,5.4479020979021,0.990769230769231,4.76970588235294,-6.36745098039216,1.26098039215686,11.9364383561644,-2.20054794520548,385.02,2042,"Mollie Gulch"
"1101",2008,7.51478260869565,-5.89586956521739,115.72,23.7791304347826,5.57402173913044,43.17,12.396043956044,-1.41835164835165,83.1,1.54016666666667,-10.6991666666667,0.9685,20.9041958041958,3.78188811188811,0.838461538461538,6.39578431372549,-5.65588235294118,1.28862745098039,10.4835342465753,-3.61641095890411,367.56,2042,"Mollie Gulch"
"1102",2009,9.14347826086957,-4.47934782608696,181.73,21.9579347826087,6.37695652173913,158.97,11.3401098901099,-2.31087912087912,78.96,3.37741666666667,-8.58216666666667,1.79908333333333,20.9655244755245,4.92797202797203,1.26671328671329,4.12960784313726,-7.65147058823529,0.835392156862745,10.478301369863,-3.02906849315068,482.24,2042,"Mollie Gulch"
"1103",2010,8.54141304347826,-4.12989130434783,187.16,21.7320652173913,5.40597826086957,132.13,11.9897802197802,-1.49483516483516,93.71,4.26783333333333,-7.58425,0.944833333333333,18.9241958041958,3.53524475524476,1.85552447552448,6.42166666666667,-5.36088235294118,1.34676470588235,10.6118082191781,-2.60652054794521,516.09,2042,"Mollie Gulch"
"1104",2011,7.00739130434783,-4.71510869565217,222.09,23.2764130434783,5.85717391304348,104.05,12.2134065934066,-1.87472527472527,94.09,1.53808333333333,-9.544,1.44191666666667,20.5876923076923,4.19293706293706,1.45895104895105,6.46519607843137,-6.14421568627451,1.03039215686275,10.3782465753425,-3.21205479452055,486.76,2042,"Mollie Gulch"
"1105",2012,11.1289130434783,-2.82880434782609,154.26,25.2789130434783,6.78315217391304,37.12,13.0630769230769,-1.42769230769231,73.09,5.1895,-7.51658333333333,1.54533333333333,22.577972027972,4.76706293706294,0.613566433566434,6.79411764705882,-5.29294117647059,1.19470588235294,12.4503835616438,-2.08268493150685,395.04,2042,"Mollie Gulch"
"1106",2013,10.135652173913,-3.70282608695652,85.34,25.5040217391304,7.3775,69.31,10.8462637362637,-1.39582417582418,130.57,3.4475,-9.15008333333333,0.572416666666667,22.8064335664336,6.07524475524476,1.04188811188811,4.62921568627451,-6.92313725490196,1.39647058823529,11.3621917808219,-2.56276712328767,360.12,2042,"Mollie Gulch"
"1107",2014,10.8326086956522,-3.25195652173913,106.08,23.1586956521739,6.58576086956522,113.98,12.1441758241758,-1.48098901098901,104.64,4.49983333333333,-8.05766666666667,1.45933333333333,21.3502797202797,4.81223776223776,1.05076923076923,6.70313725490196,-4.71549019607843,1.58705882352941,11.7172328767123,-2.08150684931507,487.26,2042,"Mollie Gulch"
"1108",2015,11.8963043478261,-2.1220652173913,155.18,24.3582608695652,7.33184782608696,92.86,12.0159340659341,-1.40252747252747,99.37,7.06441666666667,-5.74375,1.01083333333333,21.4574125874126,5.73951048951049,1.55608391608392,6.20137254901961,-5.645,1.31078431372549,12.4621369863014,-1.21723287671233,477.52,2042,"Mollie Gulch"
"1109",2016,10.7953260869565,-1.95717391304348,164.8,24.7821739130435,5.96532608695652,26.03,12.1264835164835,0.355714285714286,167.62,5.10866666666667,-6.5335,1.17133333333333,21.5244055944056,4.59496503496503,0.835804195804196,5.96539215686275,-5.12019607843137,2.06696078431373,11.7794520547945,-1.7786301369863,470.91,2042,"Mollie Gulch"
"1110",2017,10.7080434782609,-2.1170652173913,146.9,24.9042391304348,7.0945652173913,68.23,10.2904395604396,-1.77043956043956,122.14,3.20041666666667,-7.74358333333333,1.74308333333333,22.3626573426573,5.45111888111888,1.20111888111888,5.03254901960784,-5.92480392156863,1.03117647058824,11.2198082191781,-2.0658904109589,486.11,2042,"Mollie Gulch"
"1111",2018,10.3867391304348,-2.63010869565217,198.02,23.8638043478261,6.62695652173913,115.7,11.166043956044,-2.52494505494505,48.6,3.82375,-7.86133333333333,1.59508333333333,22.0032167832168,5.32006993006993,1.36167832167832,5.08941176470588,-6.65627450980392,0.652156862745098,11.2998082191781,-2.36035616438356,452.65,2042,"Mollie Gulch"
"1112",2019,9.11673913043478,-3.6279347826087,153.83,23.4394565217391,6.17934782608696,58.48,9.48626373626374,-3.20164835164835,110.84,2.75133333333333,-8.83125,1.57558333333333,20.8569230769231,4.94881118881119,1.14713286713287,4.18049019607843,-7.21941176470588,1.07696078431373,10.2441369863014,-2.98205479452055,462.96,2042,"Mollie Gulch"
"1113",2020,9.68434782608696,-3.6870652173913,121.7,23.5992391304348,6.6204347826087,111.87,13.0302197802198,-2.05395604395604,83.75,3.17175,-8.93983333333333,1.298,21.7417482517483,5.06559440559441,1.23237762237762,7.23058823529412,-6.00382352941176,0.920392156862745,11.5813698630137,-2.63230136986301,425.87,2042,"Mollie Gulch"
"1114",2000,9.70673913043478,-2.41880434782609,121,23.6301086956522,6.91641304347826,25.75,8.18736263736264,-3.12593406593407,165.36,4.06075,-6.55041666666667,1.15883333333333,20.6691608391608,5.35447552447552,0.922027972027972,3.17656862745098,-6.93205882352941,1.47676470588235,10.3205205479452,-1.99295890410959,421.54,2105,"Muleshoe"
"1115",2001,9.98467391304348,-2.7725,149.74,23.2813043478261,7.19054347826087,100.04,12.0050549450549,-0.0510989010989011,103.03,2.652,-7.99733333333333,1.307,21.3734265734266,5.53622377622378,1.10629370629371,5.95078431372549,-4.63254901960784,1.10127450980392,10.9085479452055,-1.75484931506849,427.37,2105,"Muleshoe"
"1116",2002,8.145,-4.30521739130435,149.08,22.6025,6.71684782608696,113.92,9.82516483516484,-2.39923076923077,67.21,2.10141666666667,-8.86141666666667,1.40391666666667,20.1851748251748,5.08426573426573,1.26454545454545,4.79764705882353,-5.69794117647059,0.646862745098039,9.93975342465753,-2.51372602739726,415.28,2105,"Muleshoe"
"1117",2003,9.2504347826087,-2.67119565217391,190.39,24.6722826086957,7.91260869565217,53.24,10.7538461538462,-1.96967032967033,65.41,3.50133333333333,-6.65716666666667,2.314,21.468951048951,5.66965034965035,0.67951048951049,5.9321568627451,-5.17049019607843,1.18049019607843,11.22,-1.41230136986301,495.26,2105,"Muleshoe"
"1118",2004,10.491847826087,-1.85141304347826,170.4,21.5169565217391,6.26695652173913,90.37,9.90417582417582,-1.82912087912088,109.55,4.37241666666667,-6.76008333333333,1.00741666666667,18.8905594405594,4.59636363636364,1.70888111888112,5.57107843137255,-4.74794117647059,1.06098039215686,10.3953150684932,-1.74854794520548,473.48,2105,"Muleshoe"
"1119",2005,9.39804347826087,-3.05152173913043,186.49,21.9469565217391,6.04413043478261,106.3,10.5135164835165,-1.4467032967033,160.44,4.43991666666667,-7.33108333333333,0.92525,19.6889510489511,4.50314685314685,1.49594405594406,5.01509803921569,-5.2371568627451,1.97666666666667,10.5749315068493,-2.10950684931507,526.57,2105,"Muleshoe"
"1120",2006,9.52771739130435,-2.95989130434783,142.27,23.8127173913043,7.68684782608696,79.45,9.78428571428571,-1.84175824175824,190.13,2.86708333333333,-7.68916666666667,1.514,21.3416783216783,5.76699300699301,0.950909090909091,4.97058823529412,-5.41705882352941,2.0421568627451,10.692904109589,-1.78235616438356,525.96,2105,"Muleshoe"
"1121",2007,11.210652173913,-2.02565217391304,126.2,24.988152173913,8.00989130434783,59.81,9.85076923076923,-1.76175824175824,174.12,4.15475,-7.15783333333333,1.27358333333333,22.0776923076923,5.9293006993007,0.978741258741259,3.91235294117647,-5.97009803921569,2.07539215686274,11.1088767123288,-1.6986301369863,504.48,2105,"Muleshoe"
"1122",2008,6.89445652173913,-5.47684782608696,150.48,22.4788043478261,6.20315217391304,53.6,11.2867032967033,-0.916483516483516,127.76,1.20983333333333,-9.91133333333333,1.36591666666667,19.6826573426573,4.31531468531468,0.947832167832168,5.48509803921569,-5.08509803921569,1.68735294117647,9.64186301369863,-2.98890410958904,471.56,2105,"Muleshoe"
"1123",2009,8.39826086956522,-4.15282608695652,210.51,20.8804347826087,6.59326086956522,157.47,10.4114285714286,-1.81813186813187,109.31,2.77333333333333,-7.97558333333333,1.957,19.8629370629371,5.21482517482518,1.42062937062937,3.38558823529412,-7.14892156862745,1.16980392156863,9.63980821917808,-2.57682191780822,557.31,2105,"Muleshoe"
"1124",2010,7.90108695652174,-4.05,199.12,20.5944565217391,5.74380434782609,162,10.8917582417582,-1.04098901098901,129.59,3.778,-7.08308333333333,1.15125,17.8411188811189,3.77867132867133,2.19013986013986,5.62813725490196,-4.83745098039216,1.66529411764706,9.80468493150685,-2.2001095890411,621.2,2105,"Muleshoe"
"1125",2011,6.46826086956522,-4.5404347826087,267.42,22.1326086956522,6.29130434782609,105.81,11.2208791208791,-1.34340659340659,96.86,1.13791666666667,-8.9685,2.02775,19.56,4.60013986013986,1.5606993006993,5.66529411764706,-5.50088235294118,1.15098039215686,9.6205205479452,-2.68353424657534,583.91,2105,"Muleshoe"
"1126",2012,10.3211956521739,-2.63510869565217,172.07,24.1408695652174,7.25184782608696,75.74,11.9234065934066,-0.877692307692308,100.2,4.55291666666667,-6.9,1.696,21.4562237762238,5.21762237762238,0.88979020979021,5.79313725490196,-4.7643137254902,1.59205882352941,11.5218904109589,-1.55572602739726,493.15,2105,"Muleshoe"
"1127",2013,9.27847826086957,-3.43565217391304,101.66,24.3044565217391,7.9754347826087,88.74,9.91175824175824,-1.14912087912088,150.38,2.84383333333333,-8.47325,0.772,21.7136363636364,6.5072027972028,1.15356643356643,3.7678431372549,-6.40039215686275,1.70019607843137,10.4948767123288,-2.02493150684931,431.02,2105,"Muleshoe"
"1128",2014,9.85391304347826,-3.03445652173913,135.79,21.9410869565217,7.04521739130435,116.98,10.9824175824176,-1.0156043956044,136.65,3.57875,-7.54066666666667,2.13608333333333,20.1528671328671,5.23454545454545,1.09895104895105,5.79862745098039,-4.17725490196078,2.00892156862745,10.6925205479452,-1.59567123287671,618.39,2105,"Muleshoe"
"1129",2015,10.925,-1.86347826086957,167.98,23.3370652173913,7.90565217391304,63.78,11.0687912087912,-0.717802197802198,150.18,6.22725,-5.287,1.11283333333333,20.4174825174825,6.17636363636364,1.52370629370629,5.57313725490196,-4.77549019607843,1.76450980392157,11.6039178082192,-0.652931506849315,531.41,2105,"Muleshoe"
"1130",2016,10.0945652173913,-1.67163043478261,184.21,23.593152173913,6.6425,25.79,11.1472527472527,0.649450549450549,141.8,4.68166666666667,-5.87858333333333,1.53691666666667,20.3920979020979,5.12762237762238,0.88,5.11862745098039,-4.59166666666667,2.08127450980392,10.9588219178082,-1.20693150684932,522.56,2105,"Muleshoe"
"1131",2017,9.98771739130435,-1.8754347826087,222.43,23.8166304347826,7.84847826086957,75.78,9.36791208791209,-1.3978021978022,169.96,2.70691666666667,-7.28783333333333,2.16925,21.3097902097902,6.06881118881119,1.45300699300699,4.30980392156863,-5.29,1.65911764705882,10.443095890411,-1.49665753424658,637.32,2105,"Muleshoe"
"1132",2018,9.69641304347826,-2.26380434782609,219.42,22.6002173913043,7.12836956521739,135.38,10.0527472527473,-1.85296703296703,95.19,3.23841666666667,-7.14858333333333,1.99658333333333,20.8123076923077,5.8020979020979,1.53846153846154,4.27411764705882,-5.93637254901961,1.22970588235294,10.4129589041096,-1.736,585.02,2105,"Muleshoe"
"1133",2019,8.41195652173913,-3.3145652173913,176.39,22.4404347826087,6.79054347826087,48.86,8.53857142857143,-2.78307692307692,127.79,2.20258333333333,-8.35258333333333,1.85866666666667,19.9397202797203,5.46041958041958,0.976153846153846,3.45970588235294,-6.62186274509804,1.32617647058824,9.50295890410959,-2.4572602739726,497.9,2105,"Muleshoe"
"1134",2020,8.94684782608696,-3.47923913043478,134.71,22.4001086956522,7.06728260869565,135.26,11.8654945054945,-1.36351648351648,86.37,2.61,-8.21875,1.58133333333333,20.6006293706294,5.47167832167832,1.4858041958042,6.32872549019608,-5.18088235294118,1.0656862745098,10.6975890410959,-2.00616438356164,510.93,2105,"Muleshoe"
"1135",2000,10.9058695652174,-1.85010869565217,104.74,25.0526086956522,7.39369565217391,16.38,9.16230769230769,-2.79571428571429,138.05,4.89633333333333,-6.24866666666667,0.9835,22.082027972028,5.85699300699301,0.762027972027972,3.85039215686275,-6.79941176470588,1.20362745098039,11.3370684931507,-1.65980821917808,349.76,1962,"Napo Canyon"
"1136",2001,11.1808695652174,-2.31739130434783,133.91,24.5667391304348,7.59630434782609,82.65,13.1221978021978,0.163076923076923,95.3,3.32166666666667,-7.91325,1.20283333333333,22.6864335664336,5.93734265734266,0.896573426573427,6.76392156862745,-4.57352941176471,1.03529411764706,11.8703561643836,-1.55356164383562,378.15,1962,"Napo Canyon"
"1137",2002,9.30119565217391,-3.75554347826087,131.91,23.9152173913043,7.09347826086957,101.18,10.7815384615385,-2.31549450549451,55.94,2.84533333333333,-8.657,1.155,21.4827972027972,5.48664335664336,1.15174825174825,5.50352941176471,-5.67911764705882,0.60578431372549,10.8899726027397,-2.28361643835616,365.09,1962,"Napo Canyon"
"1138",2003,10.4257608695652,-2.1825,170.82,26.1333695652174,8.16945652173913,47.26,11.9584615384615,-1.79989010989011,39.93,4.293,-6.406,1.96133333333333,22.8911888111888,5.97685314685315,0.629370629370629,6.89813725490196,-5.03941176470588,0.827647058823529,12.3074246575342,-1.1727397260274,409.78,1962,"Napo Canyon"
"1139",2004,11.789347826087,-1.43358695652174,141.85,22.919347826087,6.75673913043478,80.07,10.8569230769231,-1.58659340659341,96.82,5.19491666666667,-6.65658333333333,0.8745,20.2683916083916,5.10839160839161,1.51846153846154,6.32245098039216,-4.59578431372549,0.926764705882353,11.4155068493151,-1.47139726027397,416.61,1962,"Napo Canyon"
"1140",2005,10.5414130434783,-2.45902173913043,170.37,23.2898913043478,6.46054347826087,101.53,11.4648351648352,-1.31197802197802,130.31,5.21733333333333,-7.085,0.869583333333333,20.996013986014,4.92132867132867,1.4006993006993,5.67607843137255,-5.17823529411765,1.61480392156863,11.5273150684932,-1.84830136986301,469.36,1962,"Napo Canyon"
"1141",2006,10.589347826087,-2.43923913043478,125.31,25.1496739130435,8.0175,71.32,10.7912087912088,-1.58934065934066,173.8,3.61308333333333,-7.37566666666667,1.30833333333333,22.6421678321678,6.0772027972028,0.904335664335664,5.73480392156863,-5.21254901960784,1.77774509803922,11.6612328767123,-1.50060273972603,467.65,1962,"Napo Canyon"
"1142",2007,12.3709782608696,-1.61652173913043,97.54,26.2263043478261,8.27684782608696,53.69,10.8456043956044,-1.53164835164835,148.15,4.96891666666667,-6.92433333333333,1.12708333333333,23.3276923076923,6.23195804195804,0.836923076923077,4.76156862745098,-5.75519607843137,1.70323529411765,12.1035890410959,-1.44323287671233,428.66,1962,"Napo Canyon"
"1143",2008,7.93815217391304,-5.01978260869565,129.97,23.9239130434783,6.49336956521739,50.16,12.3757142857143,-0.766153846153846,102.72,1.89558333333333,-9.6605,1.06116666666667,21.1020979020979,4.63622377622378,0.893706293706294,6.35921568627451,-4.93901960784314,1.36303921568627,10.667698630137,-2.7398904109589,394.17,1962,"Napo Canyon"
"1144",2009,9.48032608695652,-3.69152173913043,187.19,22.2323913043478,7.06358695652174,166.81,11.5259340659341,-1.62846153846154,87.4,3.53633333333333,-7.73025,1.80708333333333,21.2111888111888,5.62538461538462,1.39307692307692,4.28274509803922,-6.95235294117647,0.935490196078431,10.6695890410959,-2.28038356164384,511.48,1962,"Napo Canyon"
"1145",2010,8.93163043478261,-3.52173913043478,178.25,21.9096739130435,6.13239130434783,158.23,11.9510989010989,-0.824285714285714,114.44,4.503,-6.82466666666667,0.952666666666667,19.1085314685315,4.20496503496503,2.05181818181818,6.38176470588235,-4.68029411764706,1.59794117647059,10.7501917808219,-1.90421917808219,570.72,1962,"Napo Canyon"
"1146",2011,7.44358695652174,-3.94728260869565,235.31,23.4707608695652,6.60684782608696,91.42,12.3363736263736,-1.19604395604396,91.72,1.82308333333333,-8.65458333333333,1.67958333333333,20.8561538461538,4.93440559440559,1.4220979020979,6.51137254901961,-5.42735294117647,0.97656862745098,10.5900273972603,-2.42882191780822,504.52,1962,"Napo Canyon"
"1147",2012,11.4439130434783,-2.21195652173913,156.25,25.4465217391304,7.52510869565217,51.92,13.0495604395604,-0.748021978021978,88.7,5.42166666666667,-6.6915,1.45658333333333,22.7555944055944,5.49741258741259,0.725314685314685,6.77509803921569,-4.58549019607843,1.37480392156863,12.5909863013699,-1.32758904109589,418.74,1962,"Napo Canyon"
"1148",2013,10.4372826086957,-2.98913043478261,89.83,25.7002173913043,8.2079347826087,76.12,10.8986813186813,-0.905384615384615,130.52,3.6355,-8.30216666666667,0.667333333333333,23.058951048951,6.81496503496504,1.00601398601399,4.54666666666667,-6.30186274509804,1.48823529411765,11.4998630136986,-1.82057534246575,375.74,1962,"Napo Canyon"
"1149",2014,11.0309782608696,-2.58945652173913,124.68,23.33,7.45847826086957,118.91,12.1198901098901,-0.836923076923077,126,4.51258333333333,-7.27283333333333,1.66191666666667,21.5303496503496,5.62286713286713,1.09405594405594,6.64137254901961,-4.04058823529412,1.8543137254902,11.7747123287671,-1.31728767123288,545.02,1962,"Napo Canyon"
"1150",2015,12.1465217391304,-1.48641304347826,155.98,24.6455434782609,8.22434782608696,59.82,12.0804395604396,-0.658241758241758,118.41,7.05541666666667,-5.088,1.06975,21.7283916083916,6.52097902097902,1.33916083916084,6.31617647058824,-4.81205882352941,1.44862745098039,12.5974246575342,-0.462712328767123,467.63,1962,"Napo Canyon"
"1151",2016,11.2130434782609,-1.25836956521739,173.43,24.9509782608696,6.90336956521739,28.19,12.1747252747253,0.860659340659341,129.38,5.32725,-5.83666666666667,1.3315,21.7213986013986,5.43062937062937,0.835314685314685,5.90156862745098,-4.51872549019608,1.78686274509804,11.9106575342466,-1.05405479452055,461.49,1962,"Napo Canyon"
"1152",2017,11.0013043478261,-1.43130434782609,194.44,25.1192391304348,8.05369565217391,59.76,10.3484615384615,-1.10406593406593,160.11,3.29633333333333,-7.13541666666667,2.09591666666667,22.5594405594406,6.32692307692308,1.18132867132867,5.05107843137255,-5.16480392156863,1.50960784313725,11.3336164383562,-1.31043835616438,574.42,1962,"Napo Canyon"
"1153",2018,10.7619565217391,-1.8379347826087,189.14,24.0383695652174,7.49423913043478,120.84,11.1497802197802,-1.73461538461538,75.7,4.094,-6.88283333333333,1.66841666666667,22.1998601398601,6.15685314685315,1.38433566433566,5.09696078431373,-5.83235294117647,0.97578431372549,11.4678082191781,-1.48057534246575,497.7,1962,"Napo Canyon"
"1154",2019,9.43782608695652,-2.7754347826087,160.71,23.8104347826087,7.23021739130435,47.65,9.52923076923077,-2.47989010989011,115.51,2.89533333333333,-7.94075,1.73966666666667,21.2586013986014,5.9020979020979,1.00258741258741,4.16549019607843,-6.46549019607843,1.09617647058824,10.4446575342466,-2.10512328767123,463.94,1962,"Napo Canyon"
"1155",2020,9.96217391304348,-2.93478260869565,126.25,23.7588043478261,7.50913043478261,116.5,13.0007692307692,-1.22505494505495,82.34,3.31416666666667,-8.06491666666667,1.35716666666667,21.9051048951049,5.91237762237762,1.32384615384615,7.14686274509804,-5.17539215686275,1.01137254901961,11.6687945205479,-1.78139726027397,455.33,1962,"Napo Canyon"
"1156",2000,11.3811956521739,-2.29858695652174,83.35,25.8609782608696,6.85228260869565,23.21,9.61318681318681,-3.25395604395604,115.77,5.21491666666667,-6.91958333333333,0.908583333333333,22.8704895104895,5.3986013986014,0.662447552447552,4.20666666666667,-7.45372549019608,1.0471568627451,11.8502739726027,-2.24282191780822,310.57,1926,"NEF 3"
"1157",2001,11.7684782608696,-2.84130434782609,124.84,25.2016304347826,7.00978260869565,73.63,13.7328571428571,-0.482197802197802,84.06,3.64716666666667,-8.77075,1.16341666666667,23.3141958041958,5.34307692307692,0.747272727272727,7.30049019607843,-5.35264705882353,0.908627450980392,12.3732602739726,-2.28602739726027,339.15,1926,"NEF 3"
"1158",2002,9.81608695652174,-4.18967391304348,98.16,24.62,6.52010869565217,92.59,11.3216483516484,-3.02340659340659,62.55,3.06,-9.519,0.915083333333333,22.1388111888112,4.97531468531469,0.986293706293706,5.93558823529412,-6.53156862745098,0.672745098039216,11.338301369863,-3.00556164383562,319.47,1926,"NEF 3"
"1159",2003,10.9923913043478,-2.65489130434783,162.41,26.918152173913,7.38021739130435,43.03,12.7028571428571,-2.53615384615385,27.35,4.67516666666667,-7.18658333333333,1.67525,23.6611188811189,5.27,0.625454545454545,7.51372549019608,-5.80401960784314,0.678725490196078,12.9067397260274,-1.91997260273973,359.7,1926,"NEF 3"
"1160",2004,12.4533695652174,-1.88510869565217,124.18,23.7194565217391,6.33184782608696,84.3,11.3627472527473,-2.09703296703297,82.83,5.573,-7.44841666666667,0.891166666666667,21.0470629370629,4.76335664335664,1.3313986013986,6.74009803921569,-5.17098039215686,0.826078431372549,11.9615890410959,-2.02764383561644,381.59,1926,"NEF 3"
"1161",2005,10.9695652173913,-2.72217391304348,151.22,23.9619565217391,5.88608695652174,105.42,12.1486813186813,-1.87032967032967,103.99,5.61741666666667,-7.66941666666667,0.7385,21.6432867132867,4.42440559440559,1.38363636363636,6.20450980392157,-5.78,1.345,12.0601095890411,-2.40328767123288,423.67,1926,"NEF 3"
"1162",2006,11.0438043478261,-2.83771739130435,121.49,25.9394565217391,7.3395652173913,62.54,11.387032967033,-2.06164835164835,147.83,3.93116666666667,-8.01383333333333,1.1945,23.3653846153846,5.43629370629371,0.846153846153846,6.19421568627451,-5.75607843137255,1.54098039215686,12.1775342465753,-2.11339726027397,421.52,1926,"NEF 3"
"1163",2007,13.0113043478261,-2.00184782608696,81.88,26.9664130434783,7.68054347826087,60.8,11.618021978022,-1.91065934065934,113.96,5.41675,-7.5465,0.93,24.0662237762238,5.68545454545455,0.889230769230769,5.44980392156863,-6.18196078431373,1.1543137254902,12.7324931506849,-1.98115068493151,356.5,1926,"NEF 3"
"1164",2008,8.45065217391304,-5.5545652173913,113.05,24.8792391304348,5.79467391304348,41.17,13.2307692307692,-1.27021978021978,73.23,2.21241666666667,-10.4593333333333,0.88575,22.0146153846154,4.03048951048951,0.817342657342657,7.07166666666667,-5.49058823529412,1.14274509803922,11.3284657534247,-3.39397260273973,339.73,1926,"NEF 3"
"1165",2009,10.045652173913,-4.10184782608696,161.32,23.0416304347826,6.70163043478261,151.81,12.2449450549451,-2.12978021978022,69.24,4.04225,-8.32225,1.57575,22.03,5.21678321678322,1.22783216783217,4.88666666666667,-7.45049019607843,0.74843137254902,11.3254794520548,-2.77430136986301,441.01,1926,"NEF 3"
"1166",2010,9.44913043478261,-3.75521739130435,169.38,22.7611956521739,5.6695652173913,127.53,12.8134065934066,-1.27703296703297,87.95,4.92466666666667,-7.36691666666667,0.828166666666667,19.9265734265734,3.83265734265734,1.78664335664336,7.01686274509804,-5.17166666666667,1.2828431372549,11.3867945205479,-2.36567123287671,485.72,1926,"NEF 3"
"1167",2011,7.86489130434783,-4.27684782608696,214.49,24.3505434782609,6.05358695652174,90.63,13.0974725274725,-1.74967032967033,89.61,2.17566666666667,-9.26316666666667,1.396,21.648951048951,4.42727272727273,1.34468531468531,7.13941176470588,-6.05921568627451,0.944607843137255,11.1920547945205,-3.00416438356164,456.16,1926,"NEF 3"
"1168",2012,12.0461956521739,-2.52652173913043,144.96,26.3171739130435,6.92326086956522,33.58,13.9561538461538,-1.30384615384615,68.59,5.90025,-7.35083333333333,1.42516666666667,23.6129370629371,4.94251748251748,0.56034965034965,7.57990196078431,-5.13156862745098,1.10676470588235,13.3091232876712,-1.91435616438356,364.04,1926,"NEF 3"
"1169",2013,11.1029347826087,-3.33489130434783,83.97,26.5508695652174,7.61576086956522,68.44,11.6234065934066,-1.20758241758242,122.51,4.11141666666667,-8.9635,0.540333333333333,23.8434965034965,6.34524475524475,1.01524475524476,5.21235294117647,-6.79401960784314,1.30058823529412,12.1497260273973,-2.35956164383562,342.68,1926,"NEF 3"
"1170",2014,11.8140217391304,-2.89054347826087,100.43,24.2310869565217,6.94554347826087,105.65,13.021978021978,-1.26945054945055,103.77,5.27075,-7.74983333333333,1.38925,22.4337062937063,5.1565034965035,0.960699300699301,7.35254901960784,-4.53627450980392,1.56049019607843,12.5766301369863,-1.79534246575342,463.26,1926,"NEF 3"
"1171",2015,12.9023913043478,-1.78260869565217,141.16,25.3858695652174,7.65934782608696,88.87,12.7864835164835,-1.25736263736264,92.9,7.70941666666667,-5.51858333333333,0.985416666666667,22.4972027972028,6.06937062937063,1.44062937062937,6.79754901960784,-5.55539215686275,1.22676470588235,13.2481643835616,-0.988931506849315,449.39,1926,"NEF 3"
"1172",2016,11.7789130434783,-1.60271739130435,145.17,25.8097826086957,6.22065217391304,22.61,12.8832967032967,0.507582417582418,160.56,5.68016666666667,-6.46416666666667,1.04116666666667,22.548041958042,4.86237762237762,0.768181818181818,6.50980392156863,-5.02294117647059,1.96960784313726,12.5205205479452,-1.6238904109589,435.69,1926,"NEF 3"
"1173",2017,11.585652173913,-1.79684782608696,142.35,25.9184782608696,7.33467391304348,68.71,11.0220879120879,-1.48274725274725,115.34,3.70183333333333,-7.6285,1.7275,23.3406293706294,5.72370629370629,1.1651048951049,5.61225490196078,-5.71313725490196,0.964411764705882,11.9298082191781,-1.8621095890411,472.28,1926,"NEF 3"
"1174",2018,11.3451086956522,-2.24880434782609,188.18,24.9878260869565,6.97391304347826,107.48,12.0136263736264,-2.31263736263736,48.56,4.60608333333333,-7.51583333333333,1.52483333333333,23.1020979020979,5.66097902097902,1.27377622377622,5.74578431372549,-6.4406862745098,0.622352941176471,12.1709589041096,-2.05295890410959,428.61,1926,"NEF 3"
"1175",2019,10.0021739130435,-3.01934782608696,149.09,24.4926086956522,6.70619565217391,54.14,10.2310989010989,-2.80901098901099,109.52,3.36525,-8.35875,1.60966666666667,21.8904895104895,5.46804195804196,1.08608391608392,4.68676470588235,-6.96009803921569,1.05735294117647,10.9923835616438,-2.55082191780822,456.32,1926,"NEF 3"
"1176",2020,10.5005434782609,-3.1625,121.12,24.5907608695652,7.0875,101.92,13.8327472527473,-1.7278021978022,83.73,3.72416666666667,-8.67075,1.2305,22.7018181818182,5.54517482517483,1.15671328671329,7.785,-5.78480392156863,0.99578431372549,12.2940547945205,-2.2947397260274,414.64,1926,"NEF 3"
"1177",2000,10.2983695652174,-3.23521739130435,99.99,24.6813043478261,6.41554347826087,31.57,8.77197802197802,-3.96472527472527,127.08,4.29183333333333,-7.85441666666667,1.06908333333333,21.7532167832168,4.88062937062937,0.772517482517483,3.59470588235294,-8.16362745098039,1.16558823529412,10.9380547945205,-2.95147945205479,357.65,2086,"Nez Perce"
"1178",2001,10.7496739130435,-3.5925,127.84,24.0009782608696,6.51782608695652,80.04,12.7976923076923,-1.0956043956044,73.22,2.96883333333333,-9.5225,1.22408333333333,22.1244055944056,4.83342657342657,0.774125874125874,6.56588235294118,-6.02049019607843,0.893529411764706,11.4788219178082,-2.91947945205479,348.73,2086,"Nez Perce"
"1179",2002,8.78434782608696,-5.10130434782609,101.79,23.6675,6.1504347826087,92.76,10.6084615384615,-3.53054945054945,61.31,2.09341666666667,-10.5299166666667,1.02241666666667,21.1439160839161,4.52405594405594,0.992727272727273,5.36029411764706,-7.17441176470588,0.755588235294118,10.4699726027397,-3.69435616438356,341.72,2086,"Nez Perce"
"1180",2003,9.87586956521739,-3.4804347826087,176.52,25.666847826087,7.10804347826087,43.26,11.839010989011,-3.08054945054945,39.22,3.87275,-8.07308333333333,1.745,22.4478321678322,4.89713286713287,0.679370629370629,6.83519607843137,-6.3693137254902,0.868725490196078,11.9779726027397,-2.51547945205479,395.16,2086,"Nez Perce"
"1181",2004,11.4194565217391,-2.5104347826087,117.7,22.5957608695652,5.95173913043478,109.75,10.7861538461538,-2.34978021978022,90.7,4.7605,-8.13041666666667,1.08541666666667,20.0463636363636,4.35146853146853,1.41713286713287,6.16303921568627,-5.50117647058824,0.985686274509804,11.1411506849315,-2.50550684931507,433.44,2086,"Nez Perce"
"1182",2005,9.89858695652174,-3.38771739130435,196.48,22.7689130434783,5.6554347826087,122.56,11.5604395604396,-2.16450549450549,104.46,4.83483333333333,-8.257,0.89775,20.4864335664336,4.13622377622378,1.7286013986014,5.90343137254902,-6.08990196078431,1.43549019607843,11.2654520547945,-2.79597260273973,501.34,2086,"Nez Perce"
"1183",2006,10.163152173913,-3.44967391304348,144.52,24.965652173913,7.07402173913043,52.55,10.6105494505495,-2.52263736263736,125.62,3.2255,-8.79858333333333,1.69383333333333,22.4211888111888,5.15510489510489,0.755664335664336,5.58411764705882,-6.30480392156863,1.37666666666667,11.4051232876712,-2.63490410958904,451.74,2086,"Nez Perce"
"1184",2007,12.2033695652174,-2.40619565217391,94.81,26.0246739130435,7.57217391304348,57.6,11.077032967033,-2.18505494505495,105.93,4.8985,-8.0445,0.982166666666667,23.1663636363636,5.51741258741259,0.861818181818182,4.95450980392157,-6.62245098039216,1.13362745098039,12.0711506849315,-2.33380821917808,356.73,2086,"Nez Perce"
"1185",2008,7.735,-6.22717391304348,121.9,24.058152173913,5.6895652173913,35.44,12.671978021978,-1.44703296703297,79.55,1.70558333333333,-11.22725,1.24416666666667,21.1827972027972,3.86153846153846,0.785524475524476,6.58107843137255,-5.79607843137255,1.28127450980392,10.6988493150685,-3.798,392.32,2086,"Nez Perce"
"1186",2009,9.40445652173913,-4.575,180.07,21.965652173913,6.3770652173913,160.14,11.4507692307692,-2.42483516483516,92.67,3.59833333333333,-8.93558333333333,1.69033333333333,21.0321678321678,4.94097902097902,1.31216783216783,4.26911764705882,-7.83470588235294,0.992156862745098,10.6160273972603,-3.1913698630137,491.68,2086,"Nez Perce"
"1187",2010,8.44902173913044,-4.37478260869565,192.18,21.9038043478261,5.41217391304348,118.58,12.1317582417582,-1.64857142857143,94.55,4.137,-8.05025,1.11025,19.0597902097902,3.49377622377622,1.68538461538462,6.54323529411765,-5.53401960784314,1.40862745098039,10.6558904109589,-2.82435616438356,517.92,2086,"Nez Perce"
"1188",2011,7.18380434782609,-5.14630434782609,248.74,23.2994565217391,5.7025,83.06,12.2010989010989,-2.08802197802198,109.88,1.75141666666667,-10.1004166666667,1.81216666666667,20.6130769230769,4.04202797202797,1.30923076923077,6.53803921568627,-6.39862745098039,1.18843137254902,10.4786849315068,-3.52520547945205,525.9,2086,"Nez Perce"
"1189",2012,11.2057608695652,-3.00576086956522,160.63,25.2679347826087,6.70902173913043,40.48,13.1843956043956,-1.59626373626374,74.47,5.28533333333333,-7.94825,1.56158333333333,22.6273426573427,4.72685314685315,0.610979020979021,6.9106862745098,-5.57029411764706,1.25441176470588,12.5338082191781,-2.31786301369863,402.71,2086,"Nez Perce"
"1190",2013,10.1570652173913,-3.89717391304348,93.5,25.5386956521739,7.38695652173913,78.16,11.0131868131868,-1.44835164835165,125.02,3.40433333333333,-9.5195,0.583166666666667,22.7976923076923,6.04545454545455,1.14426573426573,4.81254901960784,-7.07372549019608,1.29264705882353,11.3958082191781,-2.73797260273973,365.46,2086,"Nez Perce"
"1191",2014,11.1095652173913,-3.44217391304348,99.77,23.1432608695652,6.53728260869565,109.73,12.2969230769231,-1.52318681318681,102.82,4.85475,-8.29583333333333,1.47791666666667,21.3868531468531,4.80055944055944,0.998391608391608,6.82411764705882,-4.88235294117647,1.52921568627451,11.8820547945205,-2.21101369863014,476.1,2086,"Nez Perce"
"1192",2015,12.0338043478261,-2.19619565217391,140.8,24.2669565217391,7.23717391304348,103.17,12.0583516483516,-1.5210989010989,89.26,7.23916666666667,-5.98775,0.959,21.4243356643357,5.65363636363636,1.58902097902098,6.1471568627451,-5.93294117647059,1.22098039215686,12.4914794520548,-1.41156164383562,466.85,2086,"Nez Perce"
"1193",2016,10.8305434782609,-2.21858695652174,173.53,24.7211956521739,5.98413043478261,24.03,12.0792307692308,0.152197802197802,185.34,5.07833333333333,-6.96775,1.20825,21.5045454545455,4.53713286713287,0.856923076923077,5.94549019607843,-5.40725490196078,2.28039215686274,11.7561369863014,-2.02427397260274,500.13,2086,"Nez Perce"
"1194",2017,10.7146739130435,-2.40163043478261,138.54,24.7489130434783,7.02684782608696,75.02,10.4475824175824,-1.96758241758242,127.17,3.30358333333333,-8.02616666666667,1.88741666666667,22.2869230769231,5.40167832167832,1.13832167832168,5.2221568627451,-6.16176470588235,1.11578431372549,11.2770410958904,-2.24438356164384,503.08,2086,"Nez Perce"
"1195",2018,10.3938043478261,-2.9495652173913,200.94,23.9508695652174,6.6270652173913,101.41,11.397032967033,-2.5321978021978,49.17,3.936,-8.29191666666667,1.59408333333333,22.0623076923077,5.32923076923077,1.30818181818182,5.29519607843137,-6.79127450980392,0.645588235294118,11.4173698630137,-2.53605479452055,444.21,2086,"Nez Perce"
"1196",2019,9.27663043478261,-3.69434782608696,153.64,23.2652173913043,6.09282608695652,48.97,9.63373626373626,-3.30527472527473,107.43,2.98091666666667,-9.01275,1.74083333333333,20.7057342657343,4.85405594405594,1.10342657342657,4.28588235294118,-7.41794117647059,1.08813725490196,10.2898356164384,-3.13432876712329,477.68,2086,"Nez Perce"
"1197",2020,9.88445652173913,-3.92510869565217,103.47,23.6479347826087,6.55771739130435,96.21,13.15,-2.20417582417582,73.98,3.33433333333333,-9.35991666666667,1.21208333333333,21.7863636363636,5.00118881118881,1.05370629370629,7.34147058823529,-6.24392156862745,0.902352941176471,11.6832876712329,-2.8627397260274,388.17,2086,"Nez Perce"
"1198",2000,14.4533695652174,1.10445652173913,79.95,28.4969565217391,10.0632608695652,16.04,11.7450549450549,-0.675934065934066,132.88,7.37408333333333,-3.79475,0.817166666666667,25.5690909090909,8.51622377622378,0.627412587412587,5.42549019607843,-4.93529411764706,1.26470588235294,13.958,0.70972602739726,316.78,1467,"Perreau Creek"
"1199",2001,14.2077173913043,0.790326086956522,110.04,27.8508695652174,10.8405434782609,76.31,15.6752747252747,2.63934065934066,81.7,4.95241666666667,-5.38533333333333,1.05833333333333,26.1044755244755,9.16083916083916,0.843566433566434,8.25617647058824,-2.40411764705882,0.899607843137255,14.1626301369863,1.14668493150685,339.39,1467,"Perreau Creek"
"1200",2002,12.2227173913043,-0.487934782608696,104.55,27.028152173913,10.2303260869565,102.93,13.0163736263736,-0.00285714285714289,40.32,4.93275,-5.64583333333333,0.87925,24.669020979021,8.51993006993007,1.06727272727273,7.0743137254902,-3.17186274509804,0.442941176470588,13.2635068493151,0.595397260273973,303.31,1467,"Perreau Creek"
"1201",2003,13.4379347826087,0.902717391304348,118.62,29.4466304347826,11.3689130434783,38.68,14.3737362637363,0.778791208791209,39,6.26716666666667,-3.437,1.48641666666667,26.1295804195804,9.12748251748252,0.460979020979021,8.72029411764706,-2.56539215686275,0.750294117647059,14.7344109589041,1.72909589041096,320.82,1467,"Perreau Creek"
"1202",2004,14.9791304347826,1.15684782608696,102.6,26.1202173913043,9.63271739130435,80.93,13.3153846153846,0.729340659340659,73.82,7.18608333333333,-4.462,0.672666666666667,23.4908391608392,7.86839160839161,1.35664335664336,8.13303921568627,-2.47519607843137,0.660294117647059,13.838602739726,0.924027397260274,342.07,1467,"Perreau Creek"
"1203",2005,13.8529347826087,0.51304347826087,127.04,26.5229347826087,9.92271739130435,74.41,13.003956043956,0.845054945054945,94.48,7.05016666666667,-4.59908333333333,0.615833333333333,24.1806993006993,8.1351048951049,1.10426573426573,6.49852941176471,-3.43676470588235,1.1856862745098,13.6074246575342,0.714739726027397,352.75,1467,"Perreau Creek"
"1204",2006,13.7198913043478,0.737934782608696,110.83,28.2284782608696,11.3545652173913,53.06,13.0082417582418,0.686703296703297,118.98,5.74275,-4.57975,1.18933333333333,25.7992307692308,9.21741258741259,0.675804195804196,7.21049019607843,-3.00411764705882,1.25294117647059,14.0106575342466,1.26602739726027,367.16,1467,"Perreau Creek"
"1205",2007,15.27,1.18260869565217,77.7,29.070652173913,11.3523913043478,38.12,12.5735164835165,0.615494505494505,119.78,6.97175,-4.25125,0.819916666666667,26.2695804195804,9.26272727272727,0.593916083916084,6.14617647058824,-3.5971568627451,1.51637254901961,14.3015616438356,1.22605479452055,337.99,1467,"Perreau Creek"
"1206",2008,10.96,-1.70228260869565,113.37,27.1139130434783,9.75663043478261,28.83,14.250989010989,1.22032967032967,88.42,3.95041666666667,-6.59325,0.918416666666667,24.328951048951,7.75545454545455,0.652517482517483,7.75235294117647,-2.86833333333333,1.10107843137255,12.9967945205479,0.0692328767123288,315.83,1467,"Perreau Creek"
"1207",2009,12.5678260869565,-0.742717391304348,127.72,25.6072826086957,10.0108695652174,134.46,14.0475824175824,0.600659340659341,63.22,5.29408333333333,-5.41583333333333,1.3175,24.5692307692308,8.46727272727273,1.18468531468531,6.20745098039216,-4.77647058823529,0.667352941176471,13.1009589041096,0.201972602739726,395.58,1467,"Perreau Creek"
"1208",2010,11.978152173913,-0.760978260869565,105.61,24.9872826086957,9.14358695652174,134.19,13.7545054945055,1.41395604395604,112.73,6.48341666666667,-4.33158333333333,0.71675,22.0938461538462,7.0734965034965,1.70874125874126,7.62078431372549,-2.64313725490196,1.49019607843137,12.9171232876712,0.60854794520548,482.36,1467,"Perreau Creek"
"1209",2011,10.5470652173913,-0.766521739130435,155.68,26.3963043478261,9.47684782608696,75.4,14.5173626373626,1.12868131868132,70.81,3.79866666666667,-5.98616666666667,1.17075,23.9106993006993,7.76405594405594,1.06076923076923,7.98980392156863,-3.24656862745098,0.74921568627451,12.849397260274,0.166493150684932,368.6,1467,"Perreau Creek"
"1210",2012,14.4391304347826,0.332065217391304,109.05,28.4479347826087,10.358152173913,40.15,15.0565934065934,1.44285714285714,74.33,7.62975,-4.05358333333333,0.906916666666667,25.7553146853147,8.23111888111888,0.543636363636364,8.485,-2.26372549019608,1.23676470588235,14.97,1.25950684931507,312.72,1467,"Perreau Creek"
"1211",2013,13.4279347826087,-0.190760869565217,67.7,29.0994565217391,10.916847826087,64.05,13.021978021978,0.887582417582418,96.55,5.46866666666667,-5.88941666666667,0.494833333333333,26.4775524475524,9.43671328671329,0.813356643356643,5.8771568627451,-4.55598039215686,1.13656862745098,13.813698630137,0.487698630136986,291.62,1467,"Perreau Creek"
"1212",2014,13.7430434782609,-0.0579347826086957,105.67,26.5690217391304,10.538152173913,106.1,14.1969230769231,1.29857142857143,133.75,6.24733333333333,-4.98383333333333,1.44333333333333,24.7104195804196,8.49405594405594,0.96951048951049,8.07725490196079,-1.96519607843137,1.8306862745098,13.9921917808219,1.1401095890411,498.57,1467,"Perreau Creek"
"1213",2015,15.1345652173913,0.961739130434783,116.26,27.9691304347826,11.119347826087,44.99,14.1350549450549,1.39087912087912,108.33,8.64875,-3.12191666666667,0.794583333333333,24.9891608391608,9.24377622377622,1.21895104895105,7.91088235294118,-2.75794117647059,1.3621568627451,14.8444109589041,1.82443835616438,408.6,1467,"Perreau Creek"
"1214",2016,14.2736956521739,1.34336956521739,120.39,28.0326086956522,9.98532608695652,22.96,14.2875824175824,2.76296703296703,106.61,7.02816666666667,-3.88108333333333,1.11991666666667,24.8032167832168,8.3493006993007,0.733146853146853,7.28598039215686,-2.75470588235294,1.56225490196078,14.0641369863014,1.22531506849315,398.58,1467,"Perreau Creek"
"1215",2017,13.5630434782609,1.32945652173913,182.54,28.0923913043478,10.929347826087,57.2,12.3831868131868,1.18703296703297,157.19,4.76875,-5.08233333333333,2.0035,25.4176223776224,9.10167832167832,1.11307692307692,6.34794117647059,-3.02186274509804,1.40833333333333,13.2998904109589,1.05049315068493,543.24,1467,"Perreau Creek"
"1216",2018,13.5384782608696,0.956847826086957,147.17,27.1503260869565,10.4210869565217,97.51,13.1034065934066,0.607692307692308,70.72,6.13866666666667,-4.0845,1.39525,25.2711888111888,9.01986013986014,1.04503496503497,6.54147058823529,-3.56039215686275,0.897352941176471,13.7469863013699,1.196,408.4,1467,"Perreau Creek"
"1217",2019,12.3321739130435,0.0494565217391305,116.59,27.3071739130435,10.3707608695652,29.8,11.5947252747253,-0.305934065934066,88.21,4.64925,-5.34325,1.36716666666667,24.8036363636364,8.85006993006993,0.733356643356643,5.52980392156863,-4.53058823529412,0.813039215686274,12.7914246575342,0.444520547945205,351.86,1467,"Perreau Creek"
"1218",2020,12.8225,-0.339347826086957,104.1,26.8820652173913,10.201847826087,124.76,15.0251648351648,0.591428571428571,90.79,5.18308333333333,-5.93233333333333,1.11216666666667,24.9335664335664,8.49587412587413,1.31342657342657,8.40970588235294,-3.59401960784314,1.08774509803922,13.8226301369863,0.373808219178082,432.23,1467,"Perreau Creek"
"1219",2000,12.185,-0.637826086956522,86.89,26.3994565217391,8.90913043478261,16.49,10.3672527472527,-1.72252747252747,125.82,5.76291666666667,-5.27908333333333,1.05866666666667,23.4272727272727,7.28797202797203,0.65972027972028,4.66039215686274,-5.89098039215686,1.09921568627451,12.3753698630137,-0.526547945205479,333.5,1816,"Poison Creek"
"1220",2001,12.5221739130435,-1.1495652173913,113.66,25.7473913043478,8.92423913043478,72.77,14.0696703296703,1.02285714285714,85.63,4.06775,-7.14525,1.074,23.9634965034965,7.2548951048951,0.746503496503496,7.18480392156863,-3.99480392156863,0.941470588235294,12.7335890410959,-0.623150684931507,331.66,1816,"Poison Creek"
"1221",2002,10.5703260869565,-2.41510869565217,125.13,25.1422826086957,8.37086956521739,96.05,11.7341758241758,-1.41593406593407,49.22,3.7115,-7.58808333333333,1.04633333333333,22.7274125874126,6.67923076923077,1.06237762237762,6.10676470588235,-4.73323529411765,0.605098039215686,11.8309315068493,-1.2006301369863,339.2,1816,"Poison Creek"
"1222",2003,11.6777173913043,-0.967826086956522,141.67,27.5254347826087,9.74239130434783,39.52,13.1368131868132,-0.598901098901099,42.16,5.17583333333333,-5.09183333333333,1.64775,24.2391608391608,7.45566433566434,0.537552447552448,7.81039215686275,-3.91558823529412,0.886862745098039,13.3807123287671,0.152739726027397,365.06,1816,"Poison Creek"
"1223",2004,13.1930434782609,-0.207608695652174,120.46,24.3282608695652,8.1295652173913,77.67,11.9006593406593,-0.469340659340659,95.74,6.17491666666667,-5.61616666666667,0.84825,21.6464335664336,6.42671328671329,1.41398601398601,7.14735294117647,-3.59058823529412,0.911176470588235,12.5081095890411,-0.331945205479452,396.93,1816,"Poison Creek"
"1224",2005,11.9434782608696,-1.2854347826087,145.01,24.6492391304348,7.91815217391304,86.81,12.2418681318681,-0.51967032967033,117.9,6.18641666666667,-6.02075,0.744333333333333,22.2837062937063,6.26174825174825,1.22286713286713,6.15362745098039,-4.55617647058823,1.56607843137255,12.4838630136986,-0.799424657534247,423.93,1816,"Poison Creek"
"1225",2006,11.7661956521739,-1.31880434782609,131.48,26.3389130434783,9.365,57.07,11.7491208791209,-0.687802197802198,167.35,4.521,-6.35708333333333,1.43525,23.8362937062937,7.34496503496503,0.796433566433566,6.44901960784314,-4.37196078431373,1.77372549019608,12.6271506849315,-0.43413698630137,467.04,1816,"Poison Creek"
"1226",2007,13.6935869565217,-0.524239130434783,93.36,27.2479347826087,9.57510869565217,55.31,11.7203296703297,-0.735824175824176,127.13,6.03316666666667,-5.77041666666667,0.969,24.4593706293706,7.49657342657343,0.808461538461538,5.5193137254902,-4.99794117647059,1.54235294117647,13.108602739726,-0.356794520547945,389.21,1816,"Poison Creek"
"1227",2008,9.44934782608696,-3.80097826086957,119.54,25.2157608695652,7.98684782608696,41.18,13.3441758241758,0.148351648351648,83.75,3.06283333333333,-8.46575,1.04725,22.4858041958042,6.01524475524475,0.771608391608392,7.11039215686275,-3.99401960784314,1.13921568627451,11.8034794520548,-1.5427397260274,352.21,1816,"Poison Creek"
"1228",2009,10.7555434782609,-2.42532608695652,153.67,23.5116304347826,8.29152173913043,144.77,12.6403296703297,-0.665054945054945,74.46,4.45383333333333,-6.63766666666667,1.535,22.4508391608392,6.81993006993007,1.27118881118881,5.27725490196078,-6.0156862745098,0.803039215686275,11.7348219178082,-1.19142465753425,447.89,1816,"Poison Creek"
"1229",2010,10.0215217391304,-2.6004347826087,134.21,23.0632608695652,7.33336956521739,152.69,12.7213186813187,0.087032967032967,109.64,5.214,-5.91208333333333,0.69425,20.2133566433566,5.30503496503496,1.8934965034965,6.93225490196078,-3.80696078431373,1.45872549019608,11.5706301369863,-0.929150684931507,502.87,1816,"Poison Creek"
"1230",2011,8.68445652173913,-2.84108695652174,177.02,24.5770652173913,7.76847826086957,70,13.2832967032967,-0.243186813186813,90.74,2.84641666666667,-7.55608333333333,1.25041666666667,22.0290909090909,6.09265734265734,1.07153846153846,7.28039215686274,-4.55735294117647,0.981862745098039,11.600904109589,-1.37076712328767,403.43,1816,"Poison Creek"
"1231",2012,12.4804347826087,-1.2225,135.1,26.4691304347826,8.77945652173913,35.47,13.939010989011,0.295494505494506,83.62,6.29991666666667,-5.6965,1.20758333333333,23.8173426573427,6.75342657342657,0.544895104895105,7.52558823529412,-3.54186274509804,1.34372549019608,13.5054246575342,-0.216739726027397,359.89,1816,"Poison Creek"
"1232",2013,11.6071739130435,-2.15815217391304,66.8,26.8778260869565,9.08869565217391,66.5,11.8353846153846,-0.423076923076923,109.12,4.55475,-7.61625,0.530916666666667,24.2439160839161,7.64363636363636,0.808531468531469,5.28372549019608,-5.80882352941176,1.26450980392157,12.472301369863,-1.1326301369863,308.31,1816,"Poison Creek"
"1233",2014,12.1353260869565,-1.63402173913043,106.54,24.4857608695652,8.72565217391304,105.29,13.0446153846154,-0.0194505494505494,119.03,5.41025,-6.26766666666667,1.41733333333333,22.7106293706294,6.82272727272727,0.916783216783217,7.24803921568627,-3.31362745098039,1.67754901960784,12.7017808219178,-0.31358904109589,472.29,1816,"Poison Creek"
"1234",2015,13.3353260869565,-0.590652173913043,119.97,25.8455434782609,9.3925,62.51,12.9734065934066,0.0814285714285715,106.84,7.73216666666667,-4.373,0.871833333333333,22.9562237762238,7.57202797202797,1.23167832167832,7.00980392156863,-4.10803921568627,1.32588235294118,13.4947945205479,0.380876712328767,415.99,1816,"Poison Creek"
"1235",2016,12.4895652173913,-0.351086956521739,133,26.0570652173913,8.19641304347826,19.02,12.9378021978022,1.42516483516484,109.72,6.03725,-5.29983333333333,1.06541666666667,22.8741958041958,6.5706993006993,0.637622377622378,6.39872549019608,-4.01274509803922,1.56333333333333,12.7346575342466,-0.289506849315069,378.49,1816,"Poison Creek"
"1236",2017,12.0177173913043,-0.592065217391304,181.57,26.2466304347826,9.28945652173913,50.84,11.2761538461538,-0.329230769230769,152.1,3.80933333333333,-6.6775,2.04425,23.6727272727273,7.49426573426573,1.15909090909091,5.75196078431373,-4.49990196078431,1.22156862745098,12.134301369863,-0.516739726027397,535.66,1816,"Poison Creek"
"1237",2018,11.9541304347826,-0.778804347826087,157.93,25.3979347826087,8.85347826086957,92.14,12.2093406593407,-0.745494505494505,70.45,5.13025,-5.76375,1.38533333333333,23.5165734265734,7.46314685314685,1.06167832167832,5.95009803921569,-4.93147058823529,0.870294117647059,12.5627671232877,-0.349123287671233,406.83,1816,"Poison Creek"
"1238",2019,10.7252173913043,-1.3895652173913,121.37,25.0963043478261,8.71163043478261,39.06,10.4787912087912,-1.54010989010989,98.43,3.83658333333333,-6.74741666666667,1.47491666666667,22.5532167832168,7.28293706293706,0.84006993006993,4.81794117647059,-5.7021568627451,0.930098039215686,11.4436438356164,-0.958493150684931,391.99,1816,"Poison Creek"
"1239",2020,11.1378260869565,-1.81760869565217,122.5,24.8942391304348,8.82663043478261,110.22,13.936043956044,-0.232417582417582,84.79,4.17458333333333,-7.17125,1.31358333333333,23.0111888111888,7.15818181818182,1.20503496503496,7.7556862745098,-4.39519607843137,1.02950980392157,12.5551506849315,-0.781479452054795,434.96,1816,"Poison Creek"
"1240",2000,10.0070652173913,-3.20804347826087,103.89,24.3051086956522,6.53826086956522,30.59,8.48274725274725,-3.96384615384615,119.48,4.06975,-7.72316666666667,1.05991666666667,21.4016783216783,4.98622377622378,0.752447552447552,3.31147058823529,-8.11117647058824,1.06117647058824,10.6481643835616,-2.85230136986301,343.03,2127,"Powderhorn"
"1241",2001,10.3863043478261,-3.63597826086957,115.96,23.6248913043478,6.45152173913043,84.37,12.5774725274725,-1.0267032967033,74.79,2.68116666666667,-9.38616666666667,1.1305,21.7636363636364,4.77916083916084,0.80993006993007,6.40137254901961,-5.84362745098039,0.828823529411765,11.1969315068493,-2.84649315068493,336.02,2127,"Powderhorn"
"1242",2002,8.4275,-5.25195652173913,94.61,23.3495652173913,6.0654347826087,104.54,10.2598901098901,-3.51461538461538,71.94,1.82825,-10.48225,0.917166666666667,20.8172027972028,4.4586013986014,1.11986013986014,5.06450980392157,-7.13254901960784,0.605392156862745,10.1721369863014,-3.6926301369863,331.95,2127,"Powderhorn"
"1243",2003,9.51434782608696,-3.54586956521739,160.07,25.2478260869565,7.09108695652174,44.41,11.5138461538462,-3.08274725274725,35.17,3.52891666666667,-8.0835,1.49583333333333,22.0573426573427,4.87328671328671,0.648741258741259,6.55911764705882,-6.34558823529412,0.657450980392157,11.6347945205479,-2.52161643835616,339.33,2127,"Powderhorn"
"1244",2004,11.0096739130435,-2.62576086956522,122.41,22.1365217391304,5.84739130434783,105.37,10.4896703296703,-2.36494505494505,92.91,4.424,-8.05225,0.853166666666667,19.6365734265734,4.23412587412587,1.4758041958042,5.87019607843137,-5.47637254901961,0.964803921568627,10.7881369863014,-2.51884931506849,411.83,2127,"Powderhorn"
"1245",2005,9.5070652173913,-3.56847826086957,192.05,22.3239130434783,5.72608695652174,134.36,11.3751648351648,-2.08725274725275,112.29,4.49725,-8.2425,0.786416666666667,20.080979020979,4.14986013986014,1.79951048951049,5.77372549019608,-5.94049019607843,1.34009803921569,10.9593698630137,-2.7441095890411,488.39,2127,"Powderhorn"
"1246",2006,9.885,-3.45804347826087,130.45,24.641847826087,7.18358695652174,65.1,10.3164835164835,-2.5010989010989,126.45,3.02366666666667,-8.67225,1.45416666666667,22.1000699300699,5.22615384615385,0.856573426573427,5.36137254901961,-6.21480392156863,1.27294117647059,11.1507123287671,-2.54038356164384,426.83,2127,"Powderhorn"
"1247",2007,11.8473913043478,-2.45086956521739,101.56,25.7353260869565,7.61434782608696,67.01,10.7632967032967,-2.23098901098901,104.46,4.60116666666667,-7.97125,0.890416666666667,22.842027972028,5.52321678321678,0.97958041958042,4.64245098039216,-6.66539215686274,1.03519607843137,11.7591232876712,-2.31945205479452,352.52,2127,"Powderhorn"
"1248",2008,7.28858695652174,-6.30695652173913,126.26,23.6359782608696,5.64717391304348,42.43,12.3504395604396,-1.48417582417582,75.22,1.32041666666667,-11.22025,1.16675,20.7388111888112,3.80104895104895,0.854755244755245,6.30421568627451,-5.85107843137255,1.20941176470588,10.320904109589,-3.83476712328767,385.6,2127,"Powderhorn"
"1249",2009,8.96358695652174,-4.7129347826087,184.03,21.5548913043478,6.30239130434783,155.31,11.0604395604396,-2.48406593406593,104.15,3.19466666666667,-8.98166666666667,1.64158333333333,20.6279020979021,4.87951048951049,1.31111888111888,3.88,-7.90519607843137,1.0771568627451,10.2161917808219,-3.25030136986301,494.35,2127,"Powderhorn"
"1250",2010,8.07152173913043,-4.49858695652174,188.56,21.5523913043478,5.39391304347826,113.74,11.8536263736264,-1.68769230769231,96.53,3.79966666666667,-8.06083333333333,0.968166666666667,18.7067132867133,3.44545454545455,1.63755244755245,6.30813725490196,-5.54186274509804,1.24137254901961,10.3409589041096,-2.84895890410959,476.97,2127,"Powderhorn"
"1251",2011,6.77869565217391,-5.15826086956522,243.38,22.7885869565217,5.83467391304348,84.7,11.820989010989,-2.0143956043956,108.84,1.28508333333333,-10.0514166666667,1.62608333333333,20.1141258741259,4.13545454545455,1.39027972027972,6.18362745098039,-6.32558823529412,1.1393137254902,10.0308493150685,-3.45208219178082,510.15,2127,"Powderhorn"
"1252",2012,10.7928260869565,-3.02684782608696,139.8,24.8017391304348,6.89478260869565,41,12.7317582417582,-1.50835164835165,75.85,4.88358333333333,-7.85633333333333,1.39275,22.1579020979021,4.86657342657343,0.587132867132867,6.5021568627451,-5.48617647058824,1.21676470588235,12.1036438356164,-2.20939726027397,375.2,2127,"Powderhorn"
"1253",2013,9.66021739130435,-3.91652173913043,102.81,25.0922826086957,7.5525,87.24,10.6347252747253,-1.41307692307692,124.91,2.95483333333333,-9.3935,0.540666666666667,22.3560839160839,6.16265734265734,1.30013986013986,4.44225490196078,-6.99421568627451,1.23735294117647,10.9715342465753,-2.62841095890411,377.01,2127,"Powderhorn"
"1254",2014,10.6130434782609,-3.5625,100.75,22.688152173913,6.48858695652174,110.93,11.8513186813187,-1.60296703296703,95.38,4.35633333333333,-8.44783333333333,1.39408333333333,20.9034965034965,4.74412587412587,0.994755244755245,6.47098039215686,-4.94421568627451,1.42686274509804,11.4301369863014,-2.30038356164384,455.08,2127,"Powderhorn"
"1255",2015,11.5610869565217,-2.2375,150.81,23.8267391304348,7.28880434782609,102.21,11.6984615384615,-1.36681318681319,109.09,6.833,-5.94241666666667,0.825916666666667,20.9779020979021,5.67748251748252,1.66104895104895,5.84509803921569,-5.74970588235294,1.31549019607843,12.0986301369863,-1.3361095890411,470.82,2127,"Powderhorn"
"1256",2016,10.378152173913,-2.31032608695652,175.2,24.3575,6.04663043478261,26.13,11.8567032967033,0.203846153846154,192.98,4.75258333333333,-6.872,1.15983333333333,21.1265034965035,4.56804195804196,0.886923076923077,5.79274509803922,-5.32803921568627,2.32235294117647,11.4582465753425,-1.95854794520548,502.89,2127,"Powderhorn"
"1257",2017,10.3723913043478,-2.38282608695652,130.08,24.3761956521739,7.10478260869565,76.29,10.1820879120879,-2.02021978021978,121.94,3.109,-7.94516666666667,1.72416666666667,21.9297202797203,5.44629370629371,1.15692307692308,4.98078431372549,-6.16294117647059,1.02558823529412,11.0056712328767,-2.20060273972603,476.95,2127,"Powderhorn"
"1258",2018,9.99989130434783,-2.98467391304348,202.39,23.5251086956522,6.66152173913043,113.49,11.048021978022,-2.5121978021978,51.58,3.54425,-8.32658333333333,1.47691666666667,21.6572727272727,5.35804195804196,1.45335664335664,5.01372549019608,-6.74666666666667,0.617941176470588,11.0512328767123,-2.52369863013699,448.09,2127,"Powderhorn"
"1259",2019,8.93945652173913,-3.82847826086957,143.19,22.86,6.03326086956522,67.27,9.29978021978022,-3.3643956043956,103.54,2.70366666666667,-9.11166666666667,1.446,20.3144055944056,4.80125874125874,1.30244755244755,4.07117647058824,-7.35980392156863,1.00745098039216,9.9853698630137,-3.17128767123288,462.53,2127,"Powderhorn"
"1260",2020,9.54652173913044,-3.98380434782609,90.45,23.3298913043478,6.6154347826087,87.16,12.797032967033,-2.16813186813187,64.22,3.04191666666667,-9.22383333333333,1.00325,21.4625174825175,5.0220979020979,0.962797202797203,7.10274509803922,-6.13098039215686,0.741666666666667,11.3935616438356,-2.77824657534247,333.72,2127,"Powderhorn"
"1261",2000,10.5027173913043,-1.73608695652174,130.78,24.2739130434783,7.39880434782609,21.19,8.69340659340659,-2.73373626373626,168.27,4.56291666666667,-6.00533333333333,1.27141666666667,21.3520979020979,5.87972027972028,0.907132867132867,3.39196078431373,-6.60862745098039,1.57294117647059,10.8133698630137,-1.51758904109589,442.73,1977,"Pratt Creek"
"1262",2001,10.5266304347826,-2.13945652173913,145.3,23.9307608695652,7.76978260869565,106.58,12.4869230769231,0.385714285714286,112.8,2.82941666666667,-7.54658333333333,1.32491666666667,22.0636363636364,6.12979020979021,1.16083916083916,6.13147058823529,-4.26343137254902,1.22137254901961,11.2877808219178,-1.27095890410959,449.57,1977,"Pratt Creek"
"1263",2002,8.68282608695652,-3.6345652173913,143.46,23.1792391304348,7.395,118.6,10.2343956043956,-1.94010989010989,60.87,2.47041666666667,-8.21858333333333,1.33691666666667,20.7918881118881,5.71909090909091,1.24818181818182,5.0456862745098,-5.15382352941177,0.681470588235294,10.3680821917808,-1.90161643835616,408.43,1977,"Pratt Creek"
"1264",2003,9.84271739130435,-1.93663043478261,191.36,25.3,8.70684782608696,57.02,11.1701098901099,-1.35296703296703,75.57,3.83141666666667,-5.93508333333333,2.3735,22.09,6.45258741258741,0.716503496503497,6.1743137254902,-4.6071568627451,1.27235294117647,11.6395068493151,-0.710739726027397,517.06,1977,"Pratt Creek"
"1265",2004,11.0994565217391,-1.2304347826087,160.42,22.1325,6.92010869565217,92.62,10.429010989011,-1.21538461538462,105.46,4.67575,-6.26541666666667,0.974833333333333,19.4983916083916,5.23517482517483,1.7279020979021,5.97666666666667,-4.16823529411765,1.01392156862745,10.8465205479452,-1.17364383561644,467.49,1977,"Pratt Creek"
"1266",2005,10.0969565217391,-2.41402173913043,178.03,22.5884782608696,6.70217391304348,98.53,10.7293406593407,-1.14615384615385,151.9,4.76291666666667,-6.82991666666667,0.970333333333333,20.3322377622378,5.10748251748252,1.4334965034965,5.01078431372549,-5.05460784313725,1.87607843137255,10.9319452054795,-1.65695890410959,512.79,1977,"Pratt Creek"
"1267",2006,10.2448913043478,-2.37554347826087,144.24,24.4754347826087,8.24217391304348,76.48,10.2853846153846,-1.43703296703297,172.9,3.30375,-7.17366666666667,1.7135,22.0475524475524,6.29937062937063,0.896713286713287,5.21411764705882,-5.04343137254902,1.91960784313725,11.1810684931507,-1.2998904109589,529.65,1977,"Pratt Creek"
"1268",2007,11.8528260869565,-1.43260869565217,130.32,25.5558695652174,8.60163043478261,51.99,10.1684615384615,-1.3467032967033,164.91,4.56508333333333,-6.57916666666667,1.29325,22.6848251748252,6.52594405594406,0.926923076923077,4.13843137254902,-5.53892156862745,2.08460784313725,11.5448219178082,-1.15413698630137,500.37,1977,"Pratt Creek"
"1269",2008,7.61478260869565,-4.71902173913043,150.64,23.1107608695652,6.95673913043478,47.48,11.5924175824176,-0.479450549450549,138.54,1.685,-9.18966666666667,1.45808333333333,20.345034965035,5.0486013986014,0.90986013986014,5.68519607843137,-4.60598039215686,1.65392156862745,10.1135068493151,-2.33046575342466,473.78,1977,"Pratt Creek"
"1270",2009,9.10521739130435,-3.53326086956522,204.03,21.6116304347826,7.17597826086957,158.71,10.9582417582418,-1.40483516483516,102.07,3.06291666666667,-7.56291666666667,1.94783333333333,20.6000699300699,5.77377622377622,1.47426573426573,3.75823529411765,-6.75823529411765,1.1171568627451,10.1279452054795,-2.11298630136986,558.51,1977,"Pratt Creek"
"1271",2010,8.66913043478261,-3.46239130434783,185.19,21.2669565217391,6.43260869565217,164.42,11.2051648351648,-0.522527472527473,145.44,4.22058333333333,-6.57825,1.1965,18.5005594405594,4.43909090909091,2.2672027972028,5.79049019607843,-4.40264705882353,1.76343137254902,10.2539178082192,-1.6538904109589,647.66,1977,"Pratt Creek"
"1272",2011,7.28804347826087,-3.79152173913043,258.88,22.7141304347826,6.91989130434783,89.89,11.6214285714286,-0.848461538461538,89,1.61391666666667,-8.35466666666667,2.03266666666667,20.2173426573427,5.22972027972028,1.43531468531469,5.87990196078431,-5.02764705882353,1.1221568627451,10.0945205479452,-2.10282191780822,563.63,1977,"Pratt Creek"
"1273",2012,10.9961956521739,-2.0529347826087,173.08,24.7009782608696,7.85445652173913,56.88,12.2049450549451,-0.467362637362637,104.81,4.992,-6.27666666666667,1.64633333333333,22.0399300699301,5.79629370629371,0.787062937062937,6.01274509803922,-4.29637254901961,1.74950980392157,11.956301369863,-0.993315068493151,488.56,1977,"Pratt Creek"
"1274",2013,9.89652173913043,-2.74413043478261,105.17,24.9530434782609,8.64880434782609,90.78,10.2607692307692,-0.705164835164835,150.56,3.12516666666667,-7.83475,0.924916666666667,22.4052447552448,7.14566433566434,1.11503496503497,3.87392156862745,-5.92137254901961,1.68029411764706,10.8879726027397,-1.43101369863014,441.83,1977,"Pratt Creek"
"1275",2014,10.3827173913043,-2.45739130434783,148.75,22.5583695652174,7.79913043478261,106.51,11.3138461538462,-0.518241758241758,146.67,3.81041666666667,-6.98258333333333,2.24716666666667,20.7693706293706,5.90923076923077,1.0779020979021,5.98823529411765,-3.67490196078431,2.16264705882353,11.0632054794521,-1.00747945205479,644.39,1977,"Pratt Creek"
"1276",2015,11.5857608695652,-1.27684782608696,166.12,24.0405434782609,8.57913043478261,65.95,11.4010989010989,-0.224285714285714,142.29,6.48433333333333,-4.85266666666667,1.16825,21.1109090909091,6.80867132867133,1.5241958041958,5.82960784313725,-4.24833333333333,1.75196078431373,12.0317808219178,-0.115095890410959,536.85,1977,"Pratt Creek"
"1277",2016,10.7827173913043,-1.02641304347826,170.8,24.1657608695652,7.37532608695652,26.13,11.5118681318681,1.1078021978022,127.91,5.01258333333333,-5.39375,1.63266666666667,20.983986013986,5.8365034965035,0.85013986013986,5.28480392156863,-4.12509803921569,1.87696078431373,11.3459452054795,-0.639424657534247,508.94,1977,"Pratt Creek"
"1278",2017,10.5267391304348,-1.13391304347826,240.48,24.3702173913043,8.54369565217391,80.53,9.72021978021978,-0.858131868131868,183.68,2.92533333333333,-6.7885,2.39558333333333,21.8516083916084,6.74888111888112,1.4572027972028,4.46960784313726,-4.7,1.84186274509804,10.7718356164384,-0.901178082191781,683.72,1977,"Pratt Creek"
"1279",2018,10.2989130434783,-1.5795652173913,217.94,23.1708695652174,7.80945652173913,133.12,10.3574725274725,-1.21164835164835,104.31,3.63133333333333,-6.41341666666667,2.05916666666667,21.391958041958,6.48377622377622,1.50251748251748,4.4878431372549,-5.31892156862745,1.34892156862745,10.8289589041096,-1.05468493150685,599.55,1977,"Pratt Creek"
"1280",2019,9.02923913043478,-2.67489130434783,160.04,23.1371739130435,7.52967391304348,44.4,8.88252747252747,-2.21802197802198,132.03,2.51675,-7.74858333333333,1.81091666666667,20.685034965035,6.15090909090909,0.879440559440559,3.65029411764706,-6.08882352941176,1.40029411764706,9.95150684931507,-1.83920547945205,485.9,1977,"Pratt Creek"
"1281",2020,9.55945652173913,-2.91913043478261,137.07,22.9732608695652,7.63760869565217,145.03,12.1363736263736,-1.01032967032967,106.43,2.94641666666667,-7.71633333333333,1.71558333333333,21.1762237762238,6.02265734265734,1.60699300699301,6.3956862745098,-4.87656862745098,1.28254901960784,11.0524109589041,-1.54008219178082,566.49,1977,"Pratt Creek"
"1282",2000,8.83054347826087,-2.97152173913043,128.49,22.7095652173913,6.69869565217391,21.79,7.61956043956044,-3.35153846153846,167.01,3.42183333333333,-6.97008333333333,1.24833333333333,19.7367832167832,5.05888111888112,0.952937062937063,2.83941176470588,-7.1043137254902,1.45852941176471,9.65095890410959,-2.29487671232877,434.84,2233,"Pritchard Gulch"
"1283",2001,9.41891304347826,-3.20673913043478,155.93,22.4848913043478,6.90565217391304,104.6,11.3323076923077,-0.311428571428571,109.46,2.37516666666667,-8.2995,1.42258333333333,20.583986013986,5.23916083916084,1.09314685314685,5.44049019607843,-4.88607843137255,1.20176470588235,10.3656438356164,-2.04142465753425,449.61,2233,"Pritchard Gulch"
"1284",2002,7.56641304347826,-4.72217391304348,171.68,21.845652173913,6.36630434782609,116.33,9.28736263736264,-2.62417582417582,69.14,1.68833333333333,-9.21041666666667,1.38575,19.4317482517483,4.71979020979021,1.39342657342657,4.36607843137255,-5.92794117647059,0.76421568627451,9.38816438356164,-2.83553424657534,443.5,2233,"Pritchard Gulch"
"1285",2003,8.62423913043478,-3.16336956521739,204.8,23.8936956521739,7.6575,55.71,10.1596703296703,-2.19164835164835,58.86,3.069,-7.02741666666667,2.47958333333333,20.7032867132867,5.36636363636364,0.73020979020979,5.47862745098039,-5.37176470588235,1.10450980392157,10.6511506849315,-1.70909589041096,514.63,2233,"Pritchard Gulch"
"1286",2004,9.8475,-2.20391304347826,174.92,20.8332608695652,5.9545652173913,94.55,9.39758241758242,-2.0810989010989,113.22,3.97225,-7.00233333333333,0.976166666666667,18.213006993007,4.26377622377622,1.84300699300699,5.17490196078431,-4.97921568627451,1.12019607843137,9.88758904109589,-2.02312328767123,494.95,2233,"Pritchard Gulch"
"1287",2005,8.805,-3.53847826086957,207.33,21.2259782608696,5.70869565217391,118.44,9.95912087912088,-1.63626373626374,168.47,4.1265,-7.61175,1.11658333333333,18.9591608391608,4.17041958041958,1.64867132867133,4.6321568627451,-5.41882352941176,2.1006862745098,10.0789589041096,-2.38290410958904,584.02,2233,"Pritchard Gulch"
"1288",2006,8.79282608695652,-3.38565217391304,146.79,22.9376086956522,7.45282608695652,85.42,9.15857142857143,-2.08296703296703,206.29,2.38233333333333,-8.04558333333333,1.646,20.4779020979021,5.53314685314685,1.01181818181818,4.54911764705882,-5.66490196078431,2.14578431372549,10.0773424657534,-2.06041095890411,561.08,2233,"Pritchard Gulch"
"1289",2007,10.5060869565217,-2.33619565217391,134.53,24.1685869565217,7.83978260869565,62.67,9.29406593406593,-1.95813186813187,178.58,3.71241666666667,-7.41975,1.44616666666667,21.2625874125874,5.73251748251748,1.03741258741259,3.4728431372549,-6.19441176470588,2.16774509803922,10.5212876712329,-1.92452054794521,543,2233,"Pritchard Gulch"
"1290",2008,6.31608695652174,-5.94391304347826,158.84,21.6176086956522,5.96739130434783,60.43,10.7281318681319,-1.07021978021978,132.52,0.868833333333333,-10.2683333333333,1.45,18.8582517482517,4.04111888111888,1.02167832167832,5.05647058823529,-5.25088235294118,1.76137254901961,9.08698630136986,-3.26002739726027,499.76,2233,"Pritchard Gulch"
"1291",2009,7.73978260869565,-4.52010869565217,227.14,20.0155434782609,6.27902173913043,179.43,9.79021978021978,-1.96813186813187,109.69,2.407,-8.2275,2.18233333333333,18.9955244755245,4.93118881118881,1.54223776223776,2.95774509803922,-7.29696078431373,1.17588235294118,9.05997260273973,-2.81213698630137,602.36,2233,"Pritchard Gulch"
"1292",2010,7.17989130434783,-4.48195652173913,210.53,19.7367391304348,5.42641304347826,178.21,10.2714285714286,-1.21472527472527,125.59,3.30341666666667,-7.31658333333333,1.14983333333333,17.0145454545455,3.4358041958042,2.33741258741259,5.2156862745098,-4.94049019607843,1.73313725490196,9.20956164383562,-2.44,649.01,2233,"Pritchard Gulch"
"1293",2011,5.78652173913043,-5.06097826086957,282.73,21.2536956521739,6.04782608695652,99.15,10.5491208791209,-1.47186813186813,116.65,0.738583333333333,-9.31558333333333,2.13133333333333,18.703986013986,4.33867132867133,1.51839160839161,5.19833333333333,-5.64696078431373,1.36480392156863,9.0233698630137,-2.94090410958904,612.1,2233,"Pritchard Gulch"
"1294",2012,9.53771739130435,-2.98260869565217,188.7,23.2807608695652,7.07228260869565,56.1,11.3483516483516,-0.935274725274725,107.68,4.00491666666667,-7.231,1.86841666666667,20.6155244755245,5.04251748251748,0.786503496503496,5.30509803921569,-4.88529411764706,1.72078431372549,10.8759726027397,-1.76695890410959,512.2,2233,"Pritchard Gulch"
"1295",2013,8.5475,-3.85989130434783,110.07,23.3932608695652,7.75728260869565,91.64,9.3367032967033,-1.37692307692308,160.37,2.42066666666667,-8.81766666666667,0.897333333333333,20.8094405594406,6.24475524475525,1.18972027972028,3.39088235294118,-6.61666666666667,1.80872549019608,9.89616438356164,-2.30142465753425,462.3,2233,"Pritchard Gulch"
"1296",2014,9.19728260869565,-3.40108695652174,142.65,21.0655434782609,6.71923913043478,130.93,10.3915384615385,-1.20934065934066,145.9,3.19458333333333,-7.80391666666667,2.04741666666667,19.3096503496504,4.94643356643357,1.20636363636364,5.34264705882353,-4.40245098039216,2.14549019607843,10.1084383561644,-1.85802739726027,637.04,2233,"Pritchard Gulch"
"1297",2015,10.1848913043478,-2.20989130434783,170.15,22.4730434782609,7.63815217391304,69.5,10.4802197802198,-0.907802197802198,137.88,5.74641666666667,-5.56983333333333,1.13308333333333,19.5762237762238,5.87895104895105,1.56454545454545,5.11039215686275,-4.97372549019608,1.72245098039216,10.9869315068493,-0.917835616438356,535.39,2233,"Pritchard Gulch"
"1298",2016,9.40021739130435,-2.07923913043478,196.86,22.7209782608696,6.42815217391304,37.43,10.4797802197802,0.387142857142857,140.04,4.26008333333333,-6.18975,1.58266666666667,19.5587412587413,4.85517482517483,0.933776223776224,4.63098039215686,-4.82352941176471,2.03852941176471,10.3574520547945,-1.48076712328767,531.38,2233,"Pritchard Gulch"
"1299",2017,9.3254347826087,-2.38010869565217,226.35,22.979347826087,7.6479347826087,64.28,8.81373626373626,-1.66714285714286,178.8,2.27833333333333,-7.70225,2.37275,20.5225874125874,5.83251748251748,1.35608391608392,3.86558823529412,-5.59382352941176,1.72774509803922,9.86964383561644,-1.81038356164384,654.88,2233,"Pritchard Gulch"
"1300",2018,9.02717391304348,-2.67728260869565,219.11,21.7765217391304,6.88510869565217,124.8,9.53186813186813,-2.03494505494506,107.88,2.761,-7.51216666666667,2.01133333333333,20.0034965034965,5.55594405594406,1.44951048951049,3.90186274509804,-6.13470588235294,1.32372549019608,9.83509589041096,-2.00739726027397,583.66,2233,"Pritchard Gulch"
"1301",2019,7.81532608695652,-3.60510869565217,174.46,21.5141304347826,6.51445652173913,59.93,7.97505494505494,-3.00857142857143,131.24,1.90075,-8.52908333333333,1.946,19.0202097902098,5.18090909090909,1.12692307692308,3.07823529411765,-6.79627450980392,1.2778431372549,8.93687671232877,-2.67353424657534,525.01,2233,"Pritchard Gulch"
"1302",2020,8.33141304347826,-3.84923913043478,143.59,21.5160869565217,6.82586956521739,140.96,11.232967032967,-1.46153846153846,86.75,2.22941666666667,-8.46883333333333,1.6475,19.7456643356643,5.2158041958042,1.56769230769231,5.86176470588235,-5.29901960784314,1.08352941176471,10.1070136986301,-2.22164383561644,532.4,2233,"Pritchard Gulch"
"1303",2000,8.9329347826087,-2.70913043478261,147.08,22.565652173913,6.70282608695652,24.12,7.54120879120879,-3.2732967032967,179.69,3.45191666666667,-6.70333333333333,1.45866666666667,19.6381118881119,5.1334965034965,1.0320979020979,2.65450980392157,-6.99490196078431,1.64098039215686,9.57052054794521,-2.1473698630137,490.01,2188,"Pronghorn"
"1304",2001,9.1704347826087,-2.98054347826087,152.24,22.3235869565217,7.01684782608696,115.73,11.1450549450549,-0.15967032967033,127.84,2.0985,-8.0445,1.3965,20.4351048951049,5.37643356643357,1.25223776223776,5.17058823529412,-4.70313725490196,1.41107843137255,10.1409315068493,-1.85268493150685,490.58,2188,"Pronghorn"
"1305",2002,7.35771739130435,-4.52739130434783,173.11,21.6219565217391,6.61663043478261,120.74,9.10450549450549,-2.35758241758242,71.2,1.55233333333333,-8.87716666666667,1.56,19.2328671328671,4.93643356643357,1.36223776223776,4.19245098039216,-5.56343137254902,0.840686274509804,9.21701369863014,-2.53923287671233,467.75,2188,"Pronghorn"
"1306",2003,8.46717391304348,-2.87684782608696,221.74,23.6047826086957,8.00054347826087,63.55,9.86296703296703,-1.87131868131868,87.84,2.905,-6.6375,2.785,20.4381118881119,5.70398601398601,0.803706293706294,5.15647058823529,-5.08558823529412,1.46529411764706,10.4033150684931,-1.36865753424658,598.59,2188,"Pronghorn"
"1307",2004,9.61684782608696,-1.98021739130435,177.53,20.5404347826087,6.1220652173913,99.57,9.26197802197802,-1.7521978021978,122.18,3.75291666666667,-6.72825,1.124,17.9167132867133,4.42972027972028,1.8651048951049,5.07352941176471,-4.62029411764706,1.2256862745098,9.67106849315068,-1.76769863013699,526.61,2188,"Pronghorn"
"1308",2005,8.7054347826087,-3.31836956521739,198.46,21.001847826087,5.94152173913043,114.87,9.68978021978022,-1.54406593406593,177.01,3.91516666666667,-7.36016666666667,1.14325,18.7656643356643,4.36818181818182,1.61244755244755,4.32078431372549,-5.36274509803922,2.19549019607843,9.84665753424657,-2.20704109589041,591.71,2188,"Pronghorn"
"1309",2006,8.89076086956522,-3.24086956521739,159.7,22.86,7.58326086956522,85.9,9.1043956043956,-1.93351648351648,201.76,2.38325,-7.83716666666667,2.00666666666667,20.4511188811189,5.67573426573427,1.00307692307692,4.37009803921569,-5.51245098039216,2.28872549019608,10.0171232876712,-1.89342465753425,617.69,2188,"Pronghorn"
"1310",2007,10.5125,-2.18217391304348,151.23,24.075652173913,7.96815217391304,56.88,9.13153846153846,-1.85,189.27,3.66041666666667,-7.18758333333333,1.50658333333333,21.2002097902098,5.86391608391608,1.04986013986014,3.28460784313725,-6.05303921568627,2.43098039215686,10.4271506849315,-1.75720547945205,578.88,2188,"Pronghorn"
"1311",2008,6.41586956521739,-5.67869565217391,179.16,21.4907608695652,6.21195652173913,62.1,10.5017582417582,-0.903296703296703,157.91,0.908,-9.94541666666667,1.74425,18.7654545454545,4.29265734265734,1.10734265734266,4.83470588235294,-5.04598039215686,1.99637254901961,9.00153424657534,-2.99805479452055,571.29,2188,"Pronghorn"
"1312",2009,7.8370652173913,-4.33652173913043,240.49,20.0079347826087,6.37760869565217,165.38,9.73197802197802,-1.8221978021978,117.42,2.29908333333333,-8.07733333333333,2.26283333333333,18.9959440559441,5.04440559440559,1.57853146853147,2.83960784313726,-7.17166666666667,1.30274509803922,8.99164383561644,-2.68339726027397,630.15,2188,"Pronghorn"
"1313",2010,7.39217391304348,-4.35891304347826,212.82,19.7348913043478,5.62108695652174,177.87,10.1012087912088,-1.03373626373626,154.41,3.36066666666667,-7.18708333333333,1.3725,17.0266433566434,3.61713286713287,2.46356643356643,5.02147058823529,-4.80990196078431,1.89127450980392,9.17884931506849,-2.2898904109589,709.9,2188,"Pronghorn"
"1314",2011,6.02608695652174,-4.83228260869565,303.89,21.1723913043478,6.20467391304348,100.19,10.4025274725275,-1.28912087912088,102.04,0.816333333333333,-9.06875,2.41241666666667,18.6962237762238,4.5158041958042,1.61293706293706,5.0128431372549,-5.4321568627451,1.31509803921569,8.99405479452055,-2.73032876712329,654.28,2188,"Pronghorn"
"1315",2012,9.60565217391304,-2.80021739130435,199.87,23.155652173913,7.22989130434783,60.06,11.0551648351648,-0.807802197802198,113.97,3.97291666666667,-6.90925,1.989,20.5127272727273,5.19524475524476,0.84034965034965,5.02617647058824,-4.71774509803922,1.97235294117647,10.7472328767123,-1.55452054794521,560.03,2188,"Pronghorn"
"1316",2013,8.52021739130435,-3.60641304347826,114.06,23.2841304347826,8.00076086956522,99.96,9.16373626373626,-1.19164835164835,170.2,2.26358333333333,-8.43666666666667,1.05416666666667,20.7706993006993,6.45594405594406,1.22426573426573,3.09892156862745,-6.31627450980392,1.88960784313725,9.74775342465753,-2.00947945205479,494.31,2188,"Pronghorn"
"1317",2014,9.07869565217391,-3.23826086956522,164.67,20.9359782608696,6.98684782608696,113.89,10.1425274725275,-0.976923076923077,156.85,2.9205,-7.55116666666667,2.53733333333333,19.1865734265734,5.16692307692308,1.14937062937063,5.11872549019608,-4.13196078431373,2.31588235294118,9.90753424657534,-1.61295890410959,705.06,2188,"Pronghorn"
"1318",2015,10.1778260869565,-1.9854347826087,180.64,22.4539130434783,7.88108695652174,74.91,10.2963736263736,-0.607802197802198,156.27,5.58,-5.36875,1.30191666666667,19.5541258741259,6.10531468531468,1.63468531468531,4.99519607843137,-4.59176470588235,1.93421568627451,10.8913698630137,-0.656301369863014,587.28,2188,"Pronghorn"
"1319",2016,9.45434782608696,-1.81815217391304,191.33,22.5676086956522,6.70434782608696,27.64,10.3346153846154,0.602747252747253,137.27,4.23608333333333,-5.854,1.85308333333333,19.4340559440559,5.13020979020979,0.88958041958042,4.42686274509804,-4.51941176470588,2.02235294117647,10.2436712328767,-1.17764383561644,555.86,2188,"Pronghorn"
"1320",2017,9.3245652173913,-2.05326086956522,252.64,22.8438043478261,7.94858695652174,84.27,8.6478021978022,-1.45142857142857,195.79,2.20633333333333,-7.38975,2.55691666666667,20.4028671328671,6.11762237762238,1.52944055944056,3.68176470588235,-5.21029411764706,2.02411764705882,9.74769863013699,-1.48876712328767,732,2188,"Pronghorn"
"1321",2018,9.06065217391304,-2.3925,245.08,21.5795652173913,7.10858695652174,141.55,9.26857142857143,-1.65813186813187,117.57,2.69233333333333,-7.09816666666667,2.30166666666667,19.8461538461538,5.79587412587413,1.63251748251748,3.68656862745098,-5.75333333333333,1.5171568627451,9.69071232876712,-1.67071232876712,664.4,2188,"Pronghorn"
"1322",2019,7.83532608695652,-3.42858695652174,176.31,21.4435869565217,6.7554347826087,51,7.7821978021978,-2.75483516483516,141.42,1.81416666666667,-8.33308333333333,1.98908333333333,19.020979020979,5.40454545454545,0.980629370629371,2.8856862745098,-6.48676470588235,1.51627450980392,8.85490410958904,-2.43498630136986,533.58,2188,"Pronghorn"
"1323",2020,8.32989130434783,-3.71130434782609,160.71,21.3502173913043,6.95130434782609,155.13,10.9215384615385,-1.2943956043956,114.61,2.12933333333333,-8.17908333333333,2.06075,19.6137062937063,5.3520979020979,1.74748251748252,5.53460784313725,-5.08990196078431,1.38892156862745,9.93098630136986,-2.01454794520548,638.85,2188,"Pronghorn"
"1324",2000,11.164347826087,-2.79217391304348,91.05,25.7404347826087,6.46782608695652,25.56,9.44208791208791,-3.69516483516484,110,5.00816666666667,-7.46183333333333,1.00516666666667,22.7698601398601,5.02293706293706,0.650489510489511,4.06127450980392,-7.92950980392157,1.00058823529412,11.7022465753425,-2.70123287671233,315.7,1960,"Purcell Creek"
"1325",2001,11.554347826087,-3.34380434782609,123.08,25.061847826087,6.52597826086957,64.76,13.6847252747253,-0.926043956043956,75.12,3.50258333333333,-9.29283333333333,1.18066666666667,23.1607692307692,4.8620979020979,0.68041958041958,7.32686274509804,-5.80127450980392,0.847941176470588,12.2729863013699,-2.77147945205479,325.47,1960,"Purcell Creek"
"1326",2002,9.58521739130435,-4.77445652173913,90.09,24.6023913043478,6.09445652173913,88.24,11.303956043956,-3.48098901098901,64.6,2.77941666666667,-10.19575,0.929583333333333,22.0755944055944,4.5565034965035,0.925244755244755,5.92843137254902,-7.09519607843137,0.676176470588235,11.2192876712329,-3.54964383561644,312.83,1960,"Purcell Creek"
"1327",2003,10.7832608695652,-3.17652173913043,165.65,26.7891304347826,6.90608695652174,42.87,12.641978021978,-3.05285714285714,36.61,4.48141666666667,-7.87025,1.55416666666667,23.5383216783217,4.80342657342657,0.651048951048951,7.47029411764706,-6.32852941176471,0.766764705882353,12.7827945205479,-2.4741095890411,357.81,1960,"Purcell Creek"
"1328",2004,12.2554347826087,-2.35630434782609,111.08,23.5958695652174,5.95315217391304,89.91,11.3012087912088,-2.41516483516484,89.7,5.36375,-8.00416666666667,0.905416666666667,20.9595804195804,4.40881118881119,1.29328671328671,6.64127450980392,-5.51313725490196,0.916078431372549,11.830904109589,-2.44487671232877,387.03,1960,"Purcell Creek"
"1329",2005,10.6567391304348,-3.11423913043478,172.25,23.7460869565217,5.55434782608696,105.1,12.1767032967033,-2.1610989010989,107.6,5.39091666666667,-8.09533333333333,0.811916666666667,21.4433566433566,4.0941958041958,1.4920979020979,6.29088235294118,-6.06147058823529,1.40617647058824,11.9314520547945,-2.75134246575342,454.23,1960,"Purcell Creek"
"1330",2006,10.8651086956522,-3.2270652173913,129.84,25.9344565217391,6.94945652173913,50.67,11.3189010989011,-2.42615384615385,131.99,3.75191666666667,-8.52575,1.3505,23.3348251748252,5.04965034965035,0.755804195804196,6.12637254901961,-6.15656862745098,1.39372549019608,12.0876712328767,-2.54509589041096,412.3,1960,"Purcell Creek"
"1331",2007,12.8763043478261,-2.32260869565217,83.22,26.9863043478261,7.37141304347826,57.15,11.6974725274725,-2.1467032967033,101.84,5.30966666666667,-7.98558333333333,0.859333333333333,24.0631468531469,5.37713286713287,0.849230769230769,5.49460784313725,-6.49656862745098,1.01490196078431,12.708602739726,-2.33421917808219,328.08,1960,"Purcell Creek"
"1332",2008,8.26141304347826,-6.01847826086957,117.46,24.9540217391304,5.47108695652174,39.91,13.3113186813187,-1.48824175824176,72.17,2.04108333333333,-11.0361666666667,1.03558333333333,22.0352447552448,3.73244755244755,0.821678321678322,7.12480392156863,-5.76911764705882,1.15235294117647,11.2950684931507,-3.77821917808219,359.31,1960,"Purcell Creek"
"1333",2009,9.96510869565217,-4.45163043478261,173.49,22.9748913043478,6.43597826086957,151.21,12.1757142857143,-2.38923076923077,74.99,3.99341666666667,-8.76991666666667,1.63941666666667,21.9958741258741,4.95881118881119,1.22041958041958,4.80676470588235,-7.7456862745098,0.796960784313726,11.2737260273973,-3.10504109589041,452.54,1960,"Purcell Creek"
"1334",2010,9.25586956521739,-4.03347826086956,178.39,22.8065217391304,5.41402173913044,113.54,12.9049450549451,-1.53791208791209,85.63,4.79225,-7.76691666666667,0.886916666666667,19.9409090909091,3.59195804195804,1.64699300699301,7.11,-5.44519607843137,1.28735294117647,11.374904109589,-2.66791780821918,473.26,1960,"Purcell Creek"
"1335",2011,7.7225,-4.70228260869565,220.51,24.3072826086957,5.75717391304348,88.34,13.0349450549451,-2.01604395604396,95.41,2.08108333333333,-9.76533333333333,1.63025,21.5592307692308,4.13405594405594,1.31601398601399,7.1078431372549,-6.32549019607843,1.0243137254902,11.1169863013699,-3.35854794520548,488.3,1960,"Purcell Creek"
"1336",2012,11.9476086956522,-2.77239130434783,139.93,26.3007608695652,6.68782608695652,38.22,13.9638461538462,-1.58307692307692,69.45,5.81575,-7.72566666666667,1.415,23.595034965035,4.71356643356643,0.543706293706294,7.59058823529412,-5.47137254901961,1.11735294117647,13.2773150684932,-2.22224657534247,361.52,1960,"Purcell Creek"
"1337",2013,10.9109782608696,-3.60326086956522,94.95,26.5383695652174,7.3620652173913,74.39,11.6225274725275,-1.32362637362637,117.75,3.911,-9.282,0.5505,23.779020979021,6.10895104895105,1.11706293706294,5.24205882352941,-6.97049019607843,1.22705882352941,12.0668767123288,-2.60616438356164,350.96,1960,"Purcell Creek"
"1338",2014,11.7971739130435,-3.26086956521739,95.44,24.2245652173913,6.49391304347826,99.16,13.1013186813187,-1.51593406593407,96.71,5.34416666666667,-8.18775,1.3915,22.4158741258741,4.75615384615385,0.906223776223776,7.44852941176471,-4.84117647058823,1.48578431372549,12.620602739726,-2.1813698630137,448.12,1960,"Purcell Creek"
"1339",2015,12.8090217391304,-2.0070652173913,140.12,25.2659782608696,7.27945652173913,91.63,12.7479120879121,-1.51868131868132,93.05,7.74183333333333,-5.80975,0.943833333333333,22.3865734265734,5.75538461538462,1.48076923076923,6.70558823529412,-5.89539215686275,1.21833333333333,13.1897808219178,-1.30268493150685,449.28,1960,"Purcell Creek"
"1340",2016,11.5516304347826,-1.98532608695652,156,25.7777173913043,5.7854347826087,21.78,12.920989010989,0.303626373626374,173.56,5.57458333333333,-6.805,1.08441666666667,22.4932867132867,4.47111888111888,0.784335664335664,6.61725490196078,-5.28,2.11529411764706,12.4943835616438,-1.96106849315068,458.05,1960,"Purcell Creek"
"1341",2017,11.4478260869565,-2.13467391304348,130.48,25.8172826086957,6.85641304347826,71.35,11.0615384615385,-1.81934065934066,120.02,3.76825,-7.85108333333333,1.72166666666667,23.2600699300699,5.29741258741259,1.09482517482517,5.66049019607843,-6.05588235294118,1.05088235294118,11.9335616438356,-2.19808219178082,470.35,1960,"Purcell Creek"
"1342",2018,11.129347826087,-2.73163043478261,181.47,24.9314130434783,6.54934782608696,103.07,12.0689010989011,-2.63527472527473,47.73,4.45366666666667,-8.11975,1.45425,23.0231468531469,5.25258741258741,1.27300699300699,5.78480392156863,-6.81313725490196,0.616960784313725,12.1008219178082,-2.51558904109589,419.48,1960,"Purcell Creek"
"1343",2019,9.8725,-3.4575,138.77,24.2915217391304,6.18695652173913,55.53,10.2424175824176,-3.13538461538462,100.46,3.32925,-8.84583333333333,1.52891666666667,21.686993006993,5.00181818181818,1.1072027972028,4.71147058823529,-7.29578431372549,0.980490196078431,10.9077260273973,-2.98742465753425,441.81,1960,"Purcell Creek"
"1344",2020,10.4534782608696,-3.54945652173913,102.14,24.5761956521739,6.71445652173913,96.87,13.8824175824176,-2.08769230769231,72.85,3.70533333333333,-9.08925,1.06558333333333,22.6846853146853,5.19090909090909,1.08314685314685,7.86049019607843,-6.1393137254902,0.890392156862745,12.3022465753425,-2.67019178082192,373.58,1960,"Purcell Creek"
"1345",2000,12.4232608695652,-0.621521739130435,90.52,26.5304347826087,8.19576086956522,15.04,10.1381318681319,-2.11318681318681,139.42,5.98075,-5.22083333333333,0.838833333333333,23.5876223776224,6.72608391608392,0.697342657342657,4.40264705882353,-6.16833333333333,1.28980392156863,12.4377808219178,-0.805041095890411,331.94,1735,"Rattlesnake"
"1346",2001,12.245,-1.24054347826087,127.18,25.9609782608696,8.5420652173913,82,14.2443956043956,0.954285714285714,83.22,3.83291666666667,-7.04116666666667,1.137,24.0967132867133,6.89552447552448,0.938601398601399,7.52401960784314,-3.81019607843137,0.847450980392157,12.8033698630137,-0.67813698630137,357.1,1735,"Rattlesnake"
"1347",2002,10.3852173913043,-2.69728260869565,111.5,25.2080434782609,8.11413043478261,100.65,11.6962637362637,-1.59153846153846,55.45,3.64866666666667,-7.63008333333333,1.08625,22.7982517482517,6.48657342657343,1.04440559440559,6.20078431372549,-4.88558823529412,0.641078431372549,11.864301369863,-1.33249315068493,345.09,1735,"Rattlesnake"
"1348",2003,11.5609782608696,-0.996630434782609,146.01,27.4751086956522,9.19402173913043,47.81,12.9236263736264,-0.97043956043956,52.36,5.05241666666667,-5.33125,1.67675,24.2064335664336,7.01986013986014,0.586503496503497,7.61205882352941,-4.23754901960784,0.91156862745098,13.2718904109589,-0.186684931506849,378.06,1735,"Rattlesnake"
"1349",2004,12.966847826087,-0.490434782608696,135.83,24.1391304347826,7.70282608695652,77.69,11.822967032967,-0.822527472527472,86.26,5.90458333333333,-5.841,0.848833333333333,21.4926573426573,6.03727272727273,1.42937062937063,7.05509803921569,-3.88245098039216,0.765686274509804,12.3332054794521,-0.64,384.36,1735,"Rattlesnake"
"1350",2005,11.7404347826087,-1.41326086956522,145.7,24.5864130434783,7.45586956521739,91.56,12.2387912087912,-0.694175824175824,117.01,5.82633333333333,-6.31566666666667,0.742333333333333,22.3018881118881,5.86545454545455,1.23342657342657,6.1471568627451,-4.6356862745098,1.42166666666667,12.3707945205479,-1.07386301369863,410.47,1735,"Rattlesnake"
"1351",2006,11.883152173913,-1.40532608695652,125.99,26.5542391304348,8.89315217391304,64.24,11.7918681318681,-0.916483516483516,147.28,4.46258333333333,-6.45341666666667,1.28233333333333,24.0618181818182,6.91601398601399,0.794545454545455,6.38656862745098,-4.53303921568627,1.50450980392157,12.6788493150685,-0.678876712328767,420.96,1735,"Rattlesnake"
"1352",2007,13.5375,-0.745978260869565,100.29,27.5378260869565,9.07152173913043,50.25,11.6341758241758,-0.901978021978022,142.33,5.71158333333333,-6.10241666666667,0.979333333333333,24.6409090909091,7.0413986013986,0.774545454545455,5.3693137254902,-5.08401960784314,1.66882352941176,13.0320821917808,-0.668328767123288,398.5,1735,"Rattlesnake"
"1353",2008,8.98445652173913,-3.83260869565217,114.25,25.2746739130435,7.46010869565217,36.43,13.1595604395604,-0.185604395604396,104.96,2.55141666666667,-8.60291666666667,0.932666666666667,22.4160839160839,5.60083916083916,0.757692307692308,6.93990196078431,-4.31833333333333,1.24372549019608,11.5603835616438,-1.84082191780822,347.13,1735,"Rattlesnake"
"1354",2009,10.6290217391304,-2.70597826086957,150.48,23.6213043478261,8.0004347826087,140.26,12.5152747252747,-1.02043956043956,79.2,4.10883333333333,-6.98475,1.42975,22.6067132867133,6.51153846153846,1.22517482517483,4.95980392156863,-6.35264705882353,0.819607843137255,11.5937534246575,-1.52052054794521,430.37,1735,"Rattlesnake"
"1355",2010,10.1547826086957,-2.52065217391304,152.2,23.2584782608696,7.11315217391304,137.74,12.7998901098901,-0.165054945054945,113.49,5.27625,-6.058,0.907166666666667,20.4087412587413,5.17202797202797,1.86965034965035,6.93254901960784,-4.15107843137255,1.47676470588235,11.6677260273973,-1.12539726027397,526.85,1735,"Rattlesnake"
"1356",2011,8.67108695652174,-2.74782608695652,203.9,24.7977173913043,7.49391304347826,81.38,13.3208791208791,-0.586373626373626,77.9,2.53075,-7.72033333333333,1.47158333333333,22.1976223776224,5.81125874125874,1.24937062937063,7.1543137254902,-4.79872549019608,0.891862745098039,11.5279178082192,-1.60246575342466,446.22,1735,"Rattlesnake"
"1357",2012,12.7266304347826,-1.29673913043478,131.19,26.7371739130435,8.36945652173913,55.69,13.8257142857143,-0.215384615384615,80.99,6.31266666666667,-5.71175,1.165,24.0288811188811,6.30307692307692,0.686923076923077,7.4321568627451,-3.96686274509804,1.27735294117647,13.5663835616438,-0.516958904109589,368.32,1735,"Rattlesnake"
"1358",2013,11.625,-1.91554347826087,78.49,27.1135869565217,9.11978260869565,76.53,11.7326373626374,-0.253956043956044,117.37,4.29025,-7.3345,0.5905,24.4823776223776,7.72286713286713,0.970699300699301,5.01901960784314,-5.62882352941176,1.29019607843137,12.4047945205479,-0.958657534246575,341.27,1735,"Rattlesnake"
"1359",2014,12.0815217391304,-1.66195652173913,112.2,24.6636956521739,8.50184782608696,105.98,12.9289010989011,-0.145384615384615,124.31,5.06858333333333,-6.4855,1.7795,22.8178321678322,6.56818181818182,0.99027972027972,7.2393137254902,-3.30490196078431,1.8043137254902,12.6290136986301,-0.482493150684931,539.19,1735,"Rattlesnake"
"1360",2015,13.3366304347826,-0.590869565217391,153.25,26.0104347826087,9.16967391304348,51.79,12.91,0.0345054945054945,123.73,7.745,-4.33108333333333,0.965333333333333,23.0502797202797,7.44629370629371,1.34692307692308,6.97872549019608,-4.07245098039216,1.41833333333333,13.5271780821918,0.355342465753425,453.12,1735,"Rattlesnake"
"1361",2016,12.3894565217391,-0.254239130434783,153.39,26.2704347826087,7.86880434782609,22.19,13.1240659340659,1.56956043956044,118.29,6.01016666666667,-5.00266666666667,1.26641666666667,23.0002097902098,6.40496503496504,0.798671328671329,6.54382352941176,-3.83343137254902,1.69647058823529,12.8156712328767,-0.206630136986301,439.22,1735,"Rattlesnake"
"1362",2017,12.0508695652174,-0.232173913043478,201.78,26.3652173913043,8.95663043478261,71.44,11.1673626373626,-0.297032967032967,152.75,3.94108333333333,-6.15633333333333,1.96425,23.7351748251748,7.23160839160839,1.2679020979021,5.64225490196078,-4.28980392156863,1.49156862745098,12.1714246575342,-0.38958904109589,569.16,1735,"Rattlesnake"
"1363",2018,11.8421739130435,-0.795652173913043,176.69,25.2659782608696,8.40826086956522,125.8,11.8505494505495,-0.98021978021978,70.11,4.854,-5.85525,1.587,23.4130769230769,7.0572027972028,1.3841958041958,5.60254901960784,-5.06911764705882,0.925,12.3342739726027,-0.576712328767123,482.73,1735,"Rattlesnake"
"1364",2019,10.4764130434783,-1.94652173913043,148.89,25.3252173913043,8.17141304347826,31.51,10.3737362637363,-1.79659340659341,102.91,3.417,-7.24266666666667,1.51041666666667,22.7851048951049,6.79202797202797,0.841958041958042,4.7243137254902,-5.84470588235294,0.961960784313725,11.3703835616438,-1.35347945205479,399.77,1735,"Rattlesnake"
"1365",2020,11.0525,-2.04847826086957,112.11,25.1411956521739,8.32391304347826,121.55,13.8914285714286,-0.757032967032967,80.5,3.98083333333333,-7.32391666666667,1.24008333333333,23.2444755244755,6.70832167832168,1.33965034965035,7.7606862745098,-4.68686274509804,0.991372549019608,12.5842465753425,-1.08942465753425,441.5,1735,"Rattlesnake"
"1366",2000,12.4278260869565,-1.03576086956522,82.94,26.7965217391304,8.03554347826087,15.45,10.3730769230769,-2.32769230769231,113.24,5.95458333333333,-5.77208333333333,0.837833333333333,23.8208391608392,6.55223776223776,0.613286713286713,4.66862745098039,-6.55352941176471,0.973333333333333,12.5948767123288,-1.16202739726027,287.52,1778,"Roostercomb"
"1367",2001,12.6101086956522,-1.69369565217391,112.84,26.0869565217391,8.10880434782609,65.47,14.4402197802198,0.433846153846154,83.85,4.09341666666667,-7.7515,1.10608333333333,24.244965034965,6.45223776223776,0.685944055944056,7.6943137254902,-4.49823529411765,0.905294117647059,12.9946849315068,-1.27761643835616,323.16,1778,"Roostercomb"
"1368",2002,10.7021739130435,-3.00445652173913,96.92,25.4535869565217,7.61565217391304,85.73,11.9051648351648,-2.11076923076923,50.93,3.74766666666667,-8.3225,0.89325,23.0106993006993,6.03272727272727,0.93013986013986,6.34519607843137,-5.51833333333333,0.58156862745098,12.0204383561644,-1.91476712328767,299.52,1778,"Roostercomb"
"1369",2003,11.8591304347826,-1.47858695652174,151.65,27.8245652173913,8.5770652173913,40.73,13.3859340659341,-1.49769230769231,35.46,5.29441666666667,-5.90933333333333,1.68791666666667,24.5466433566434,6.44006993006993,0.563286713286713,8.03656862745098,-4.79274509803922,0.747352941176471,13.6033698630137,-0.759041095890411,359.33,1778,"Roostercomb"
"1370",2004,13.3165217391304,-0.851630434782609,115.91,24.5522826086957,7.37163043478261,84.67,11.9768131868132,-1.22703296703297,91.4,6.18033333333333,-6.41433333333333,0.794333333333333,21.8567832167832,5.75300699300699,1.39153846153846,7.225,-4.33941176470588,0.866960784313725,12.614,-1.06756164383562,382.74,1778,"Roostercomb"
"1371",2005,11.9176086956522,-1.70119565217391,146.46,24.8657608695652,7.01032608695652,89.29,12.6276923076923,-1.1243956043956,118.91,6.14908333333333,-6.71666666666667,0.727416666666667,22.5313286713287,5.46783216783217,1.24538461538462,6.47705882352941,-5.07372549019608,1.49176470588235,12.6589863013699,-1.4838904109589,417.54,1778,"Roostercomb"
"1372",2006,11.9642391304348,-1.7875,117.59,26.78,8.43489130434783,57.35,12.0337362637363,-1.22967032967033,159.49,4.60125,-6.93683333333333,1.27516666666667,24.2293706293706,6.48699300699301,0.791958041958042,6.66911764705882,-4.90392156862745,1.62470588235294,12.8690410958904,-1.10953424657534,431.99,1778,"Roostercomb"
"1373",2007,13.8757608695652,-1.08489130434783,86.21,27.7294565217391,8.62989130434783,56.75,12.0686813186813,-1.2332967032967,127.65,6.02566666666667,-6.53591666666667,0.910333333333333,24.8667132867133,6.62881118881119,0.820839160839161,5.81,-5.47196078431373,1.44490196078431,13.3469589041096,-1.08090410958904,374,1778,"Roostercomb"
"1374",2008,9.33858695652174,-4.38532608695652,121.66,25.6597826086957,6.91086956521739,45.17,13.6894505494505,-0.51956043956044,83.54,2.84325,-9.23766666666667,0.865,22.8341958041958,5.09223776223776,0.868391608391608,7.40588235294118,-4.69362745098039,1.09921568627451,11.9503561643836,-2.35364383561644,340.1,1778,"Roostercomb"
"1375",2009,10.8639130434783,-3.06358695652174,159.59,23.9029347826087,7.63413043478261,140.72,12.8983516483516,-1.36593406593407,70.23,4.5115,-7.31208333333333,1.54133333333333,22.8681118881119,6.13188811188811,1.1948951048951,5.38941176470588,-6.67509803921569,0.771862745098039,11.948602739726,-1.86698630136986,434.56,1778,"Roostercomb"
"1376",2010,10.2923913043478,-2.89119565217391,146.18,23.5358695652174,6.6245652173913,144.47,13.2427472527473,-0.526263736263736,102.46,5.43691666666667,-6.4925,0.71825,20.6835664335664,4.73202797202797,1.87678321678322,7.28833333333333,-4.44411764705882,1.44862745098039,11.9276438356164,-1.52252054794521,502.33,1778,"Roostercomb"
"1377",2011,8.76739130434783,-3.1929347826087,194.41,25.1332608695652,6.99413043478261,80.12,13.7232967032967,-0.992747252747253,86.46,2.75425,-8.18433333333333,1.4215,22.488951048951,5.36237762237762,1.22342657342657,7.56754901960784,-5.28941176470588,0.892941176470588,11.8310136986301,-2.068,436.61,1778,"Roostercomb"
"1378",2012,12.8692391304348,-1.68532608695652,135.55,27.051847826087,7.84021739130435,36.62,14.4108791208791,-0.538241758241758,74.53,6.50891666666667,-6.3625,1.22741666666667,24.3531468531469,5.83909090909091,0.551958041958042,7.96892156862745,-4.30598039215686,1.15441176470588,13.9079452054795,-1.00745205479452,343.97,1778,"Roostercomb"
"1379",2013,11.9315217391304,-2.44978260869565,68.2,27.4030434782609,8.48260869565217,61.2,12.1471428571429,-0.649450549450549,114.83,4.65225,-8.06808333333333,0.423166666666667,24.7311888111888,7.17118881118881,0.828531468531469,5.50313725490196,-6.17147058823529,1.28990196078431,12.7565753424658,-1.56761643835616,300.83,1778,"Roostercomb"
"1380",2014,12.5134782608696,-2.01869565217391,104.69,25.034347826087,8.01597826086956,106.22,13.49,-0.582857142857143,111.9,5.64441666666667,-6.86558333333333,1.35383333333333,23.2306293706294,6.13986013986014,0.949020979020979,7.65607843137255,-3.82058823529412,1.65990196078431,13.0965205479452,-0.919369863013699,467.48,1778,"Roostercomb"
"1381",2015,13.6934782608696,-0.99,132.42,26.2804347826087,8.65836956521739,65.75,13.3284615384615,-0.511648351648352,98.84,8.06883333333333,-4.77925,0.920166666666667,23.3727272727273,6.97846153846154,1.27685314685315,7.26176470588235,-4.75460784313726,1.18352941176471,13.8390684931507,-0.165917808219178,413.73,1778,"Roostercomb"
"1382",2016,12.6870652173913,-0.702826086956522,149.7,26.6207608695652,7.2754347826087,29.52,13.4392307692308,1.12274725274725,133.61,6.17433333333333,-5.7035,1.09225,23.3655244755245,5.84083916083916,0.763566433566434,6.84205882352941,-4.3806862745098,1.70235294117647,13.0961095890411,-0.810986301369863,413.9,1778,"Roostercomb"
"1383",2017,12.349347826087,-0.853586956521739,162.24,26.7385869565217,8.38163043478261,56.41,11.5540659340659,-0.711318681318681,140.21,4.084,-6.8905,1.89941666666667,24.121048951049,6.71167832167832,1.04643356643357,6.00323529411765,-4.90558823529412,1.28313725490196,12.4704657534247,-1.0067397260274,508.45,1778,"Roostercomb"
"1384",2018,12.2008695652174,-1.23173913043478,161.68,25.8288043478261,8.01402173913043,94.07,12.4963736263736,-1.49263736263736,65.33,5.24741666666667,-6.40475,1.409,23.9432167832168,6.66293706293706,1.09076923076923,6.11264705882353,-5.59950980392157,0.811274509803922,12.8138630136986,-1.06005479452055,407.81,1778,"Roostercomb"
"1385",2019,10.7908695652174,-1.9870652173913,148.62,25.5086956521739,7.895,42.64,10.7457142857143,-2.03241758241758,103.62,3.80266666666667,-7.39541666666667,1.6375,22.9193706293706,6.56391608391608,0.932657342657343,5.00098039215686,-6.22156862745098,0.977058823529412,11.627095890411,-1.59838356164384,429.53,1778,"Roostercomb"
"1386",2020,11.2420652173913,-2.19510869565217,110.52,25.4160869565217,8.13684782608696,107.16,14.3489010989011,-0.93021978021978,81.25,4.17333333333333,-7.75925,1.15658333333333,23.5044755244755,6.54118881118881,1.1627972027972,8.10774509803922,-5.02637254901961,0.969509803921569,12.8463835616438,-1.39290410958904,403.96,1778,"Roostercomb"
"1387",2000,10.1011956521739,-2.27815217391304,108.19,24.2327173913043,7.50228260869565,21.13,8.77901098901099,-2.83010989010989,142.42,4.27525,-6.59075,1.17575,21.246013986014,5.84706293706294,0.827972027972028,3.64480392156863,-6.81529411764706,1.16460784313725,10.7478904109589,-1.78060273972603,378.28,2091,"Ryegrass.North Hayden"
"1388",2001,10.8553260869565,-2.57989130434783,130.87,23.8776086956522,7.57858695652174,83.66,12.5257142857143,0.0326373626373626,100.71,3.1695,-8.16558333333333,1.28608333333333,22.0398601398601,5.90426573426573,0.829300699300699,6.20578431372549,-4.79686274509804,1.09117647058824,11.4110410958904,-1.7118904109589,384.22,2091,"Ryegrass.North Hayden"
"1389",2002,8.94434782608696,-3.93119565217391,139.41,23.3025,7.02097826086957,104.04,10.382967032967,-2.36032967032967,59.02,2.58291666666667,-8.83566666666667,1.1055,20.8829370629371,5.36111888111888,1.21286713286713,5.12539215686274,-5.71666666666667,0.663039215686275,10.4630136986301,-2.40202739726027,373.73,2091,"Ryegrass.North Hayden"
"1390",2003,9.96934782608696,-2.4945652173913,176.86,25.5344565217391,8.29815217391304,46.78,11.5602197802198,-1.74395604395604,45.6,4.00616666666667,-6.50766666666667,2.08466666666667,22.2953846153846,6.01027972027972,0.648041958041958,6.59382352941176,-4.98774509803922,0.950392156862745,11.8946575342466,-1.1786301369863,439.77,2091,"Ryegrass.North Hayden"
"1391",2004,11.3855434782609,-1.53913043478261,146.89,22.4611956521739,6.7229347826087,90.95,10.5451648351648,-1.58450549450549,109.64,4.97025,-6.685,1.00608333333333,19.8111188811189,5.04090909090909,1.64685314685315,6.09333333333333,-4.60137254901961,1.02176470588235,11.0984657534247,-1.5087397260274,460.45,2091,"Ryegrass.North Hayden"
"1392",2005,10.1991304347826,-2.77684782608696,177.15,22.7583695652174,6.42630434782609,102.18,10.9905494505494,-1.37307692307692,135.69,5.12658333333333,-7.17158333333333,0.885916666666667,20.4283216783217,4.85594405594406,1.44685314685315,5.33225490196078,-5.28333333333333,1.76303921568627,11.1789863013699,-1.93175342465753,493.04,2091,"Ryegrass.North Hayden"
"1393",2006,9.95423913043478,-2.73934782608696,140.04,24.3355434782609,8.04891304347826,70.73,10.2606593406593,-1.69461538461538,194.86,3.24333333333333,-7.6005,1.55608333333333,21.8473426573427,6.09293706293706,0.960979020979021,5.40901960784314,-5.34460784313726,1.98598039215686,11.1372328767123,-1.6052602739726,526.72,2091,"Ryegrass.North Hayden"
"1394",2007,11.8484782608696,-1.7375,103.93,25.4238043478261,8.39282608695652,63.83,10.3865934065934,-1.5956043956044,151.13,4.7245,-6.95216666666667,1.10525,22.5736363636364,6.30594405594406,0.973146853146853,4.42637254901961,-5.86676470588235,1.75333333333333,11.6341369863014,-1.45457534246575,450.63,2091,"Ryegrass.North Hayden"
"1395",2008,7.645,-5.29467391304348,139.02,23.1698913043478,6.63673913043478,52.71,11.9459340659341,-0.732967032967033,97.89,1.82508333333333,-9.78891666666667,1.14991666666667,20.429020979021,4.68538461538462,0.926153846153846,6.0378431372549,-4.905,1.3306862745098,10.2910136986301,-2.75334246575342,406.16,2091,"Ryegrass.North Hayden"
"1396",2009,8.9670652173913,-3.82760869565217,194.83,21.4384782608696,6.97391304347826,153.17,11.0392307692308,-1.62021978021978,88.1,3.31191666666667,-7.78733333333333,1.84825,20.4030769230769,5.56664335664336,1.33566433566434,4.02892156862745,-6.95676470588235,0.958725490196078,10.2082739726027,-2.32339726027397,510.58,2091,"Ryegrass.North Hayden"
"1397",2010,8.27815217391304,-3.87847826086957,175.9,21.1101086956522,6.0454347826087,168.61,11.3650549450549,-0.83032967032967,114.43,4.05616666666667,-6.9535,0.861916666666667,18.3312587412587,4.05,2.17881118881119,5.9906862745098,-4.62725490196078,1.57617647058824,10.1894794520548,-1.99246575342466,575.77,2091,"Ryegrass.North Hayden"
"1398",2011,6.90913043478261,-4.34065217391304,234.19,22.6188043478261,6.61326086956522,93.7,11.7373626373626,-1.14648351648352,106.46,1.61383333333333,-8.82275,1.61091666666667,20.0565034965035,4.91237762237762,1.43783216783217,6.1471568627451,-5.42264705882353,1.10264705882353,10.1061643835616,-2.49142465753425,511.39,2091,"Ryegrass.North Hayden"
"1399",2012,10.6795652173913,-2.42065217391304,167.37,24.5851086956522,7.60239130434783,40.75,12.5410989010989,-0.592087912087912,97.77,4.93458333333333,-6.884,1.51841666666667,21.934965034965,5.58643356643357,0.665034965034965,6.33617647058824,-4.51029411764706,1.52617647058824,11.9866849315068,-1.33498630136986,432.98,2091,"Ryegrass.North Hayden"
"1400",2013,9.80728260869565,-3.34228260869565,78.98,24.8086956521739,8.14565217391304,72.7,10.4225274725275,-1.13384615384615,143.37,3.353,-8.6055,0.552666666666667,22.1808391608392,6.6706993006993,0.936713286713287,4.27558823529412,-6.50078431372549,1.58862745098039,10.9872054794521,-2.03241095890411,362.31,2091,"Ryegrass.North Hayden"
"1401",2014,10.4554347826087,-2.82510869565217,122.76,22.4572826086957,7.3754347826087,118.17,11.5793406593407,-0.894175824175824,134.47,4.24933333333333,-7.33958333333333,1.55283333333333,20.7114685314685,5.56566433566434,1.06832167832168,6.19401960784314,-4.15980392156863,1.85421568627451,11.2423287671233,-1.39495890410959,528.24,2091,"Ryegrass.North Hayden"
"1402",2015,11.4922826086957,-1.71369565217391,145.29,23.8066304347826,8.17521739130435,74.99,11.5407692307692,-0.734065934065934,112.25,6.62083333333333,-5.27491666666667,0.988083333333333,20.9331468531469,6.39846153846154,1.42734265734266,5.89107843137255,-4.9071568627451,1.4128431372549,12.0241917808219,-0.598739726027397,466.79,2091,"Ryegrass.North Hayden"
"1403",2016,10.6409782608696,-1.56423913043478,161.23,24.0778260869565,6.97163043478261,33.41,11.4805494505495,0.630659340659341,132.91,4.95775,-6.14208333333333,1.30091666666667,20.9138461538462,5.37307692307692,0.773006993006993,5.36421568627451,-4.72764705882353,1.85156862745098,11.3226301369863,-1.23539726027397,455.51,2091,"Ryegrass.North Hayden"
"1404",2017,10.3985869565217,-1.87152173913043,186.78,24.2994565217391,8.12271739130435,59.64,9.87395604395604,-1.28252747252747,164.7,2.838,-7.59891666666667,2.19191666666667,21.8034965034965,6.33118881118881,1.21041958041958,4.69029411764706,-5.39117647058824,1.42901960784314,10.7859452054795,-1.52441095890411,581.88,2091,"Ryegrass.North Hayden"
"1405",2018,10.1953260869565,-2.10913043478261,193.11,23.3145652173913,7.55239130434783,105.43,10.7616483516484,-1.69868131868132,82.34,3.763,-7.05358333333333,1.72225,21.478951048951,6.19447552447552,1.21517482517483,4.86,-5.84725490196078,1.03480392156863,11.0103287671233,-1.52613698630137,485.99,2091,"Ryegrass.North Hayden"
"1406",2019,8.99717391304348,-2.80086956521739,160,22.9378260869565,7.27130434782609,57.29,9.0767032967033,-2.53340659340659,121.27,2.7395,-7.91908333333333,1.84116666666667,20.4018181818182,5.90566433566434,1.07594405594406,3.86627450980392,-6.52774509803922,1.13343137254902,9.97413698630137,-2.114,490.41,2091,"Ryegrass.North Hayden"
"1407",2020,9.4729347826087,-3.13184782608696,130.56,22.8988043478261,7.55304347826087,123.25,12.4383516483516,-1.07120879120879,87.11,3.05566666666667,-8.15858333333333,1.42316666666667,21.0758741258741,5.91825174825175,1.33622377622378,6.71823529411765,-5.1071568627451,1.05196078431373,11.1391506849315,-1.79082191780822,469.16,2091,"Ryegrass.North Hayden"
"1408",2000,12.49,-0.554130434782609,91.45,26.5563043478261,8.23260869565217,15.1,10.1649450549451,-2.08989010989011,139.37,6.018,-5.16583333333333,0.8545,23.6213986013986,6.77006993006993,0.693496503496503,4.39735294117647,-6.14696078431373,1.32578431372549,12.4617808219178,-0.763753424657534,336.94,1723,"Sandy Creek"
"1409",2001,12.2615217391304,-1.13608695652174,119.42,25.9929347826087,8.64630434782609,85.93,14.2620879120879,1.04516483516484,85.01,3.822,-6.938,1.0965,24.132027972028,7.00195804195804,0.963356643356643,7.5156862745098,-3.71725490196078,0.869607843137255,12.8112876712329,-0.576547945205479,358.04,1723,"Sandy Creek"
"1410",2002,10.4123913043478,-2.60260869565217,110.32,25.2253260869565,8.23,101.02,11.7074725274725,-1.50318681318681,48.79,3.67933333333333,-7.50625,1.06383333333333,22.8232867132867,6.59097902097902,1.03034965034965,6.20470588235294,-4.77460784313725,0.589803921568627,11.8852876712329,-1.21986301369863,335.16,1723,"Sandy Creek"
"1411",2003,11.5847826086957,-0.894239130434783,146.05,27.4833695652174,9.32815217391304,48.53,12.9162637362637,-0.875054945054945,50.56,5.06475,-5.2175,1.68316666666667,24.2162237762238,7.14622377622378,0.587692307692308,7.59647058823529,-4.14666666666667,0.90843137254902,13.2754246575342,-0.0743835616438356,378.68,1723,"Sandy Creek"
"1412",2004,12.9873913043478,-0.405652173913043,126.76,24.1469565217391,7.78347826086956,78.19,11.856043956044,-0.739450549450549,85.6,5.90725,-5.75775,0.757166666666667,21.5055244755245,6.11412587412587,1.41734265734266,7.07754901960784,-3.80117647058824,0.767549019607843,12.345397260274,-0.559808219178082,371.83,1723,"Sandy Creek"
"1413",2005,11.790652173913,-1.3345652173913,150.36,24.6098913043478,7.57119565217391,86.77,12.2196703296703,-0.618131868131868,115.28,5.83108333333333,-6.23566666666667,0.738666666666667,22.3298601398601,5.96958041958042,1.24307692307692,6.11607843137255,-4.57509803921569,1.39882352941176,12.3746301369863,-0.989835616438356,409.08,1723,"Sandy Creek"
"1414",2006,11.9408695652174,-1.31380434782609,124.53,26.5758695652174,9.00217391304348,63.58,11.8076923076923,-0.849340659340659,145.4,4.49925,-6.35975,1.26716666666667,24.0924475524476,7.01958041958042,0.781818181818182,6.38313725490196,-4.46323529411765,1.48441176470588,12.7019452054795,-0.588,415.27,1723,"Sandy Creek"
"1415",2007,13.5769565217391,-0.690978260869565,105,27.5678260869565,9.13108695652174,51.26,11.6381318681319,-0.868351648351648,142.82,5.73025,-6.04875,1.00533333333333,24.6752447552448,7.10034965034965,0.782377622377622,5.36705882352941,-5.04480392156863,1.68411764705882,13.0510410958904,-0.616630136986301,404.3,1723,"Sandy Creek"
"1416",2008,9.03913043478261,-3.745,114.12,25.2954347826087,7.54858695652174,36.29,13.1504395604396,-0.152307692307692,106.22,2.586,-8.52358333333333,0.963333333333333,22.4416783216783,5.68447552447552,0.755524475524476,6.92529411764706,-4.27892156862745,1.22980392156863,11.577698630137,-1.77095890410959,349.08,1723,"Sandy Creek"
"1417",2009,10.6720652173913,-2.60619565217391,149.75,23.6432608695652,8.09510869565217,132.14,12.5206593406593,-0.945934065934066,79.01,4.10458333333333,-6.90616666666667,1.42291666666667,22.6302097902098,6.60755244755245,1.17713286713287,4.95450980392157,-6.28196078431373,0.81578431372549,11.6000821917808,-1.43731506849315,422.29,1723,"Sandy Creek"
"1418",2010,10.2119565217391,-2.47358695652174,151.96,23.2951086956522,7.18739130434783,138.28,12.7950549450549,-0.121648351648352,115.06,5.29516666666667,-6.02233333333333,0.918833333333333,20.4444755244755,5.2393006993007,1.88118881118881,6.91460784313726,-4.12833333333333,1.48049019607843,11.6829315068493,-1.08095890410959,530.28,1723,"Sandy Creek"
"1419",2011,8.74565217391304,-2.6754347826087,202.1,24.8176086956522,7.56076086956522,80.79,13.3243956043956,-0.540549450549451,74.15,2.56716666666667,-7.66533333333333,1.438,22.2306293706294,5.87552447552448,1.24622377622378,7.14343137254902,-4.75441176470588,0.855392156862745,11.5497808219178,-1.54682191780822,438.02,1723,"Sandy Creek"
"1420",2012,12.7728260869565,-1.21826086956522,132.62,26.7465217391304,8.46684782608696,56.42,13.796043956044,-0.156043956043956,81.53,6.33658333333333,-5.61191666666667,1.17733333333333,24.0423076923077,6.39440559440559,0.699300699300699,7.40264705882353,-3.90196078431373,1.29362745098039,13.5712602739726,-0.430219178082192,373.23,1723,"Sandy Creek"
"1421",2013,11.648152173913,-1.80826086956522,78.83,27.1185869565217,9.25195652173913,77.3,11.7154945054945,-0.181208791208791,116.6,4.28441666666667,-7.21558333333333,0.619333333333333,24.4965734265734,7.83916083916084,0.973286713286713,4.97686274509804,-5.53725490196078,1.25745098039216,12.3966575342466,-0.84841095890411,341.76,1723,"Sandy Creek"
"1422",2014,12.0967391304348,-1.59076086956522,113.46,24.6817391304348,8.60652173913043,107.12,12.911978021978,-0.081978021978022,123.19,5.04858333333333,-6.4155,1.78266666666667,22.8348251748252,6.65888111888112,1.00328671328671,7.21980392156863,-3.23637254901961,1.80196078431373,12.6236438356164,-0.404794520547945,541.19,1723,"Sandy Creek"
"1423",2015,13.370652173913,-0.517391304347826,152.75,26.05,9.26260869565217,51.71,12.9047252747253,0.105604395604396,124.33,7.7415,-4.2735,0.968666666666667,23.0862237762238,7.53062937062937,1.35090909090909,6.9756862745098,-3.99205882352941,1.4271568627451,13.5392602739726,0.429780821917808,454.99,1723,"Sandy Creek"
"1424",2016,12.4352173913043,-0.17304347826087,160.22,26.2865217391304,7.97989130434783,30.03,13.1225274725275,1.62505494505494,119.54,6.02583333333333,-4.931,1.35141666666667,23.0195104895105,6.50825174825175,0.857202797202797,6.52245098039216,-3.77362745098039,1.70480392156863,12.8224109589041,-0.125890410958904,458.64,1723,"Sandy Creek"
"1425",2017,12.0798913043478,-0.130978260869565,200.01,26.3797826086957,9.06,65.83,11.169010989011,-0.233296703296703,150.04,3.93866666666667,-6.09075,1.89591666666667,23.7502097902098,7.32909090909091,1.24027972027972,5.62774509803922,-4.20578431372549,1.4678431372549,12.1724657534247,-0.306356164383562,554.59,1723,"Sandy Creek"
"1426",2018,11.8751086956522,-0.708260869565217,167.79,25.2735869565217,8.50184782608696,120.51,11.8353846153846,-0.887582417582418,75.63,4.8685,-5.75325,1.55341666666667,23.4245454545455,7.15111888111888,1.29566433566434,5.58901960784314,-4.98401960784314,0.973137254901961,12.3397534246575,-0.482602739726027,470.95,1723,"Sandy Creek"
"1427",2019,10.5117391304348,-1.87021739130435,145.22,25.3588043478261,8.27641304347826,37.04,10.3685714285714,-1.72318681318681,101.31,3.42383333333333,-7.16608333333333,1.49841666666667,22.8288111888112,6.88594405594406,0.867552447552448,4.71450980392157,-5.76666666666667,0.957156862745098,11.3870136986301,-1.26969863013699,401.5,1723,"Sandy Creek"
"1428",2020,11.0963043478261,-1.99673913043478,113.23,25.160652173913,8.38989130434783,123.72,13.8702197802198,-0.726263736263736,83.75,3.99825,-7.26241666666667,1.285,23.2662237762238,6.7672027972028,1.35881118881119,7.72598039215686,-4.65411764705882,1.0321568627451,12.5887945205479,-1.03698630136986,453.79,1723,"Sandy Creek"
"1429",2000,13.0880434782609,0.0678260869565217,89.58,27.2436956521739,9.36195652173913,16.85,10.8987912087912,-1.29406593406593,125.23,6.40308333333333,-4.66758333333333,0.94575,24.2914685314685,7.77265734265734,0.654545454545455,4.94637254901961,-5.49254901960784,1.10411764705882,13.0043287671233,-0.0242739726027397,319.71,1674,"Second Creek"
"1430",2001,13.1658695652174,-0.417391304347826,106.3,26.5903260869565,9.62239130434783,77.85,14.7131868131868,1.62681318681319,84.29,4.41433333333333,-6.45941666666667,1.05266666666667,24.8147552447552,7.94916083916084,0.771188811188811,7.63176470588235,-3.38147058823529,0.938333333333333,13.3059452054795,0.0457260273972603,332.31,1674,"Second Creek"
"1431",2002,11.1954347826087,-1.69391304347826,118.1,25.8955434782609,9.05576086956522,90.44,12.2340659340659,-0.871758241758242,45.91,4.16816666666667,-6.85758333333333,1.02758333333333,23.4952447552448,7.3641958041958,1.0241958041958,6.49333333333333,-4.14647058823529,0.572745098039216,12.3899178082192,-0.52813698630137,328.19,1674,"Second Creek"
"1432",2003,12.3948913043478,-0.203369565217391,134.7,28.3375,10.3654347826087,44.32,13.6404395604396,-0.0673626373626374,38.63,5.60608333333333,-4.44058333333333,1.62833333333333,25.0371328671329,8.10797202797203,0.555524475524475,8.17941176470588,-3.39421568627451,0.807352941176471,13.9379178082192,0.768109589041096,357.19,1674,"Second Creek"
"1433",2004,13.8846739130435,0.306413043478261,117.29,25.0470652173913,8.71032608695652,87.25,12.4375824175824,-0.0067032967032967,86.38,6.57583333333333,-5.16433333333333,0.820666666666667,22.3738461538462,6.9813986013986,1.48027972027972,7.52392156862745,-3.15411764705882,0.790588235294118,13.0301369863014,0.155890410958904,390.8,1674,"Second Creek"
"1434",2005,12.6598913043478,-0.596304347826087,135.54,25.4110869565217,8.62163043478261,83.92,12.5928571428571,-0.0195604395604396,112.26,6.50725,-5.464,0.643583333333333,23.0524475524476,6.92482517482518,1.20811188811189,6.33872549019608,-4.11117647058824,1.40343137254902,12.9422465753425,-0.232246575342466,393.14,1674,"Second Creek"
"1435",2006,12.5319565217391,-0.551847826086956,119.46,27.1467391304348,10.0632608695652,55.52,12.2827472527473,-0.153076923076923,155.17,4.99383333333333,-5.677,1.341,24.6625174825175,8.00909090909091,0.754685314685315,6.77578431372549,-3.83990196078431,1.62794117647059,13.1976164383562,0.198328767123288,434.89,1674,"Second Creek"
"1436",2007,14.3283695652174,0.0943478260869565,85.52,28.0376086956522,10.2035869565217,51.91,12.0996703296703,-0.223736263736264,131.44,6.39966666666667,-5.20533333333333,0.927083333333333,25.2307692307692,8.12251748251748,0.735524475524476,5.79490196078431,-4.46637254901961,1.62127450980392,13.6083287671233,0.222767123287671,381.8,1674,"Second Creek"
"1437",2008,10.0244565217391,-3.01880434782609,118.49,26.0110869565217,8.60847826086957,36.19,13.7375824175824,0.577582417582418,77.29,3.38416666666667,-7.76283333333333,1.017,23.2487412587413,6.63986013986014,0.719090909090909,7.38803921568627,-3.5506862745098,1.05803921568627,12.2856164383562,-0.943041095890411,332.79,1674,"Second Creek"
"1438",2009,11.4772826086957,-1.80010869565217,138.61,24.3739130434783,8.92804347826087,138.79,13.2076923076923,-0.18032967032967,66.42,4.788,-6.15933333333333,1.44425,23.3232867132867,7.42545454545455,1.19636363636364,5.64029411764706,-5.53441176470588,0.733823529411765,12.2879452054795,-0.662438356164384,419.24,1674,"Second Creek"
"1439",2010,10.8014130434783,-1.88434782608696,119.42,23.8715217391304,7.99108695652174,141.49,13.1824175824176,0.603626373626374,107.79,5.72358333333333,-5.29675,0.672833333333333,21.0023776223776,5.96132867132867,1.77153846153846,7.2371568627451,-3.34205882352941,1.45960784313725,12.1324931506849,-0.339808219178082,482.95,1674,"Second Creek"
"1440",2011,9.40065217391304,-2.04260869565217,175.1,25.359347826087,8.39326086956522,71.75,13.8147252747253,0.280989010989011,77.11,3.21416666666667,-6.92941666666667,1.22033333333333,22.8212587412587,6.70804195804196,1.11972027972028,7.58539215686274,-4.03725490196078,0.847745098039216,12.117397260274,-0.778301369863014,393.03,1674,"Second Creek"
"1441",2012,13.2680434782609,-0.603586956521739,121.97,27.275652173913,9.39010869565217,41.13,14.3957142857143,0.757032967032967,82.46,6.82983333333333,-5.03116666666667,1.0715,24.6034965034965,7.32797202797203,0.569160839160839,7.92117647058824,-3.03450980392157,1.29686274509804,14.0981917808219,0.368876712328767,342.25,1674,"Second Creek"
"1442",2013,12.3278260869565,-1.29836956521739,71.58,27.7627173913043,9.92586956521739,60.75,12.2981318681319,0.197692307692308,105.97,4.91525,-6.80458333333333,0.558916666666667,25.1337062937063,8.45895104895105,0.770489510489511,5.51588235294118,-5.19852941176471,1.22460784313725,13.004301369863,-0.375808219178082,302.16,1674,"Second Creek"
"1443",2014,12.7840217391304,-0.969239130434783,106.7,25.3134782608696,9.48695652173913,105.44,13.5058241758242,0.56978021978022,129.27,5.743,-5.70016666666667,1.47933333333333,23.5062237762238,7.53496503496504,0.936013986013986,7.58205882352941,-2.71950980392157,1.79254901960784,13.2162191780822,0.318054794520548,494.21,1674,"Second Creek"
"1444",2015,14.0533695652174,0.0695652173913043,125.92,26.6897826086957,10.1351086956522,57.57,13.4320879120879,0.672417582417582,104.79,8.09391666666667,-3.80358333333333,0.810916666666667,23.7648951048951,8.28643356643357,1.2913986013986,7.36803921568627,-3.49676470588235,1.29147058823529,14.0306575342466,1.01879452054795,413.71,1674,"Second Creek"
"1445",2016,13.1963043478261,0.364347826086957,139.15,26.8480434782609,8.95967391304348,24.73,13.4874725274725,2.01351648351648,109.16,6.42908333333333,-4.65266666666667,1.08991666666667,23.6453146853147,7.32265734265734,0.738881118881119,6.7728431372549,-3.43107843137255,1.59696078431373,13.2701369863014,0.38041095890411,399.34,1674,"Second Creek"
"1446",2017,12.6380434782609,0.213369565217391,199.31,26.9834782608696,9.99510869565217,52.55,11.7104395604396,0.34043956043956,166.03,4.21491666666667,-5.94683333333333,2.10991666666667,24.3655944055944,8.18335664335664,1.17972027972028,5.99901960784314,-3.82617647058824,1.47372549019608,12.6081369863014,0.18172602739726,572.21,1674,"Second Creek"
"1447",2018,12.5852173913043,-0.0540217391304348,154.97,26.0973913043478,9.52608695652174,99.92,12.5520879120879,-0.155604395604396,73.05,5.52283333333333,-5.0535,1.34891666666667,24.2183916083916,8.12636363636364,1.09531468531469,6.17529411764706,-4.31725490196078,0.937156862745098,13.0297260273973,0.31586301369863,414.09,1674,"Second Creek"
"1448",2019,11.3416304347826,-0.765978260869565,122.16,25.9947826086957,9.44271739130435,32.4,10.9089010989011,-0.982747252747253,99.06,4.12783333333333,-6.11208333333333,1.40333333333333,23.4627972027972,7.97125874125874,0.797342657342657,5.08205882352941,-5.16019607843137,0.917156862745098,11.9695616438356,-0.328493150684931,375.97,1674,"Second Creek"
"1449",2020,11.7777173913043,-1.16369565217391,116.79,25.7064130434783,9.46630434782609,117.05,14.3848351648352,0.199340659340659,90.77,4.532,-6.60183333333333,1.24866666666667,23.7918881118881,7.78188811188811,1.26692307692308,8.03833333333333,-3.96117647058824,1.07029411764706,13.0575068493151,-0.228630136986301,440.18,1674,"Second Creek"
"1450",2000,10.6182608695652,-2.73228260869565,115.56,24.8640217391304,7.32619565217391,38.57,9.14989010989011,-3.51736263736264,131.59,4.31175,-7.36825,1.1575,22.0365034965035,5.69601398601399,0.892237762237762,3.75725490196078,-7.75823529411765,1.13578431372549,11.1010136986301,-2.35890410958904,382.34,2077,"Smelter Gulch"
"1451",2001,11.0598913043478,-3.08684782608696,89.36,24.289347826087,7.25195652173913,95.15,13.0810989010989,-0.780769230769231,66.88,2.9465,-9.10508333333333,0.8965,22.4497202797203,5.53678321678322,0.813636363636364,6.52117647058824,-5.82392156862745,0.897549019607843,11.5864383561644,-2.45175342465753,315.48,2077,"Smelter Gulch"
"1452",2002,8.96065217391304,-4.73978260869565,109.31,24.1601086956522,7.08369565217391,104.12,10.8124175824176,-2.92274725274725,69.51,1.78091666666667,-10.5011666666667,1.03491666666667,21.6142657342657,5.33888111888112,1.17713286713287,5.46960784313726,-6.53411764705882,0.750588235294118,10.5820547945205,-3.1867397260274,369.08,2077,"Smelter Gulch"
"1453",2003,10.0894565217391,-2.91608695652174,156.65,25.8757608695652,8.25782608695652,44.69,11.9902197802198,-2.44516483516484,34.93,3.99916666666667,-7.40375,1.34791666666667,22.6413986013986,5.91468531468531,0.672307692307692,6.99588235294118,-5.7171568627451,0.615686274509804,12.1402739726027,-1.71452054794521,320.69,2077,"Smelter Gulch"
"1454",2004,11.5085869565217,-2.02847826086957,109.2,22.783152173913,6.74010869565217,110.86,11.1641758241758,-1.51120879120879,98.38,4.51916666666667,-7.73733333333333,0.875166666666667,20.3578321678322,5.0441958041958,1.44587412587413,6.22852941176471,-4.7693137254902,1.05588235294118,11.2021369863014,-1.90035616438356,419.48,2077,"Smelter Gulch"
"1455",2005,9.87608695652174,-2.93565217391304,212.48,22.9720652173913,6.68097826086957,121.75,11.7902197802198,-1.4989010989011,104.33,4.4435,-7.82808333333333,0.937666666666667,20.6493006993007,5.04699300699301,1.7886013986014,6.02950980392157,-5.49990196078431,1.44274509803922,11.2358356164384,-2.1332602739726,515.45,2077,"Smelter Gulch"
"1456",2006,10.2554347826087,-2.8929347826087,145.86,25.0719565217391,8.06336956521739,73.68,10.6750549450549,-1.95604395604396,136.93,2.95941666666667,-8.58183333333333,1.54716666666667,22.5695104895105,6.11797202797203,0.935384615384615,5.62156862745098,-5.86852941176471,1.3306862745098,11.3862191780822,-2.06449315068493,455.15,2077,"Smelter Gulch"
"1457",2007,12.495,-1.80815217391304,104.01,26.1711956521739,8.62608695652174,64.08,11.1942857142857,-1.65307692307692,116.36,4.99466666666667,-7.50566666666667,0.93675,23.3904195804196,6.49321678321678,0.858461538461538,4.92205882352941,-6.23509803921569,1.28137254901961,12.1814794520548,-1.6661095890411,365.87,2077,"Smelter Gulch"
"1458",2008,7.67152173913043,-5.75141304347826,107.31,24.2014130434783,6.80434782608696,36.9,12.7363736263736,-0.854505494505495,80.14,1.33508333333333,-11.0233333333333,1.2535,21.3376923076923,4.87692307692308,0.749020979020979,6.54078431372549,-5.34323529411765,1.38019607843137,10.6264657534247,-3.20660273972603,398.31,2077,"Smelter Gulch"
"1459",2009,9.59141304347826,-3.8,168.92,21.8986956521739,7.03467391304348,174.43,11.4403296703297,-1.83153846153846,117.68,3.30358333333333,-8.46925,1.41683333333333,21.0152447552448,5.66244755244755,1.44594405594406,4.17264705882353,-7.31892156862745,1.19,10.4855342465753,-2.6112602739726,498.17,2077,"Smelter Gulch"
"1460",2010,8.50467391304348,-3.76326086956522,180.72,22.166847826087,6.28923913043478,99.77,12.2563736263736,-1.05868131868132,112,3.706,-7.6345,1.021,19.3293006993007,4.23447552447552,1.47482517482517,6.65539215686274,-4.73970588235294,1.42901960784314,10.6511232876712,-2.17550684931507,479.18,2077,"Smelter Gulch"
"1461",2011,7.33978260869565,-4.51228260869565,243.85,23.0505434782609,6.34858695652174,72.19,11.8956043956044,-1.73032967032967,90.94,1.43691666666667,-9.65666666666667,1.6185,20.4588811188811,4.72741258741259,1.17734265734266,6.25372549019608,-6.10852941176471,1.05382352941176,10.2354246575342,-3.02972602739726,470.07,2077,"Smelter Gulch"
"1462",2012,11.4132608695652,-2.47010869565217,162.33,25.1373913043478,7.54413043478261,49.91,12.8592307692308,-1.10153846153846,75.2,5.15908333333333,-7.49175,1.53225,22.5711188811189,5.5313986013986,0.642307692307692,6.58127450980392,-5.07578431372549,1.2128431372549,12.3782191780822,-1.71438356164384,399.43,2077,"Smelter Gulch"
"1463",2013,10.093152173913,-3.43010869565217,89.81,25.5969565217391,8.34108695652174,86.01,11.0378021978022,-1.1743956043956,113.06,2.836,-9.31866666666667,0.634916666666667,22.859020979021,6.84174825174825,1.19531468531469,4.5643137254902,-6.92303921568627,1.10343137254902,11.1636164383562,-2.31786301369863,359.67,2077,"Smelter Gulch"
"1464",2014,11.2946739130435,-2.91380434782609,111.34,23.0204347826087,7.33413043478261,119.85,11.9954945054945,-1.15934065934066,96.32,4.68108333333333,-8.03925,1.26825,21.2996503496503,5.59832167832168,1.02902097902098,6.57107843137255,-4.51852941176471,1.43764705882353,11.7200821917808,-1.71243835616438,445.98,2077,"Smelter Gulch"
"1465",2015,12.06,-1.71782608695652,136.99,24.2301086956522,8.02315217391304,108.94,12.0675824175824,-0.740549450549451,99.8,6.98358333333333,-5.68258333333333,0.575916666666667,21.4097202797203,6.33034965034965,1.71993006993007,6.01176470588235,-5.37950980392157,1.13990196078431,12.3638904109589,-0.89145205479452,431.33,2077,"Smelter Gulch"
"1466",2016,10.9198913043478,-1.83184782608696,186.6,24.7297826086957,6.92913043478261,23.36,12.0651648351648,0.369120879120879,196.41,4.69541666666667,-6.72541666666667,1.24,21.5546153846154,5.28258741258741,0.879090909090909,5.76911764705882,-5.19313725490196,2.46235294117647,11.6005753424658,-1.59271232876712,525.67,2077,"Smelter Gulch"
"1467",2017,10.7959782608696,-1.90467391304348,129.4,24.7683695652174,8.15347826086957,74.23,10.5446153846154,-1.75692307692308,126.87,3.2505,-7.68483333333333,1.79633333333333,22.3858041958042,6.41,1.25174825174825,5.14303921568627,-5.96264705882353,0.924901960784314,11.2762191780822,-1.68147945205479,488.9,2077,"Smelter Gulch"
"1468",2018,10.4591304347826,-2.37021739130435,216.26,24.1103260869565,7.45054347826087,92.63,11.3045054945055,-1.99494505494505,50.05,3.86441666666667,-7.9025,1.34666666666667,22.2,6.19097902097902,1.37202797202797,5.1378431372549,-6.3993137254902,0.669705882352941,11.4038082191781,-1.96087671232877,426.11,2077,"Smelter Gulch"
"1469",2019,9.5004347826087,-3.02326086956522,132.93,23.4054347826087,6.86217391304348,55.8,9.62164835164835,-3.12164835164835,115.28,2.88191666666667,-8.63783333333333,1.49891666666667,20.8512587412587,5.52825174825175,1.18657342657343,4.3043137254902,-6.9778431372549,1.13343137254902,10.3194520547945,-2.62394520547945,465.16,2077,"Smelter Gulch"
"1470",2020,10.0805434782609,-3.46076086956522,85.39,23.931847826087,7.40586956521739,76.81,12.9636263736264,-1.79736263736264,57.7,3.05866666666667,-8.97966666666667,0.944333333333333,22.0360839160839,5.74475524475525,0.824685314685315,7.14549019607843,-5.83529411764706,0.649509803921569,11.6357260273973,-2.33221917808219,297.5,2077,"Smelter Gulch"
"1471",2000,13.815,0.391847826086957,102.61,27.6736956521739,9.02326086956522,19.07,11.1303296703297,-1.40956043956044,138.9,6.84675,-4.42341666666667,1.01625,24.7811188811189,7.59265734265734,0.726713286713287,4.91823529411765,-5.58970588235294,1.40970588235294,13.3341643835616,-0.0416712328767123,369.66,1519,"South Carmen Creek"
"1472",2001,13.3779347826087,-0.036195652173913,114.39,27.2352173913043,9.76076086956522,87.96,15.1103296703297,1.83846153846154,99.73,4.31391666666667,-6.13158333333333,1.04625,25.4465034965035,8.1172027972028,1.00916083916084,7.8371568627451,-3.0578431372549,1.0821568627451,13.5778356164384,0.309780821917808,380.24,1519,"South Carmen Creek"
"1473",2002,11.4398913043478,-1.37967391304348,99.99,26.288152173913,9.31467391304348,99.54,12.4734065934066,-0.73956043956044,45.8,4.38625,-6.37833333333333,0.981333333333333,23.9321678321678,7.61853146853147,1.00538461538462,6.67549019607843,-3.81235294117647,0.511470588235294,12.683698630137,-0.177561643835616,313.7,1519,"South Carmen Creek"
"1474",2003,12.7242391304348,0.27945652173913,150.04,28.6347826086957,10.6610869565217,45.13,13.6701098901099,0.182637362637363,42.74,5.72533333333333,-4.02825,1.903,25.3482517482517,8.44776223776224,0.562447552447552,8.06480392156863,-3.15745098039216,0.835196078431373,14.0669863013699,1.10295890410959,393.98,1519,"South Carmen Creek"
"1475",2004,14.1746739130435,0.622065217391304,114.2,25.421847826087,8.98271739130435,95.5,12.8907692307692,0.258351648351648,75.68,6.5405,-4.99033333333333,0.892583333333333,22.7597202797203,7.25111888111888,1.50258741258741,7.85745098039216,-2.87862745098039,0.706666666666667,13.262904109589,0.395753424657534,394.06,1519,"South Carmen Creek"
"1476",2005,13.2010869565217,-0.275,139.63,25.8498913043478,8.77217391304348,85.62,12.5716483516484,0.00659340659340661,118.55,6.585,-5.368,0.747166666666667,23.5540559440559,7.07321678321678,1.25202797202797,6.09558823529412,-4.19294117647059,1.40343137254902,13.0963835616438,-0.165397260273973,411.85,1519,"South Carmen Creek"
"1477",2006,13.1997826086957,-0.211086956521739,107.83,27.6873913043478,10.1669565217391,65.16,12.638021978022,-0.028021978021978,131.67,5.30716666666667,-5.41708333333333,1.35208333333333,25.2772027972028,8.11944055944056,0.725384615384615,6.82950980392157,-3.70303921568627,1.44843137254902,13.5564657534247,0.365260273972603,413.72,1519,"South Carmen Creek"
"1478",2007,14.6902173913043,0.356847826086957,101.29,28.6010869565217,10.2259782608696,36.99,12.2196703296703,-0.12043956043956,145.52,6.46608333333333,-5.0825,1.01466666666667,25.7658741258741,8.19083916083916,0.666013986013986,5.81176470588235,-4.27843137254902,1.90735294117647,13.8445205479452,0.342438356164384,411.55,1519,"South Carmen Creek"
"1479",2008,10.369347826087,-2.49532608695652,117.85,26.4077173913043,8.78141304347826,39.94,13.7237362637363,0.524615384615385,105.55,3.47266666666667,-7.41675,1.16625,23.6311188811189,6.87853146853147,0.773286713286713,7.29823529411765,-3.53392156862745,1.21264705882353,12.4394246575342,-0.731068493150685,374.22,1519,"South Carmen Creek"
"1480",2009,11.9410869565217,-1.45891304347826,152.87,24.9517391304348,9.25739130434783,139.83,13.4918681318681,-0.0697802197802198,72.23,4.67358333333333,-6.172,1.56375,23.9300699300699,7.72160839160839,1.26461538461538,5.66647058823529,-5.45088235294118,0.819411764705882,12.4953698630137,-0.527232876712329,452.07,1519,"South Carmen Creek"
"1481",2010,11.5592391304348,-1.47945652173913,118.1,24.5096739130435,8.33913043478261,139.21,13.3818681318681,0.788351648351648,132.69,6.10925,-5.10975,0.885666666666667,21.6378321678322,6.34195804195804,1.80573426573427,7.26676470588235,-3.31911764705882,1.65137254901961,12.5165205479452,-0.122794520547945,532.94,1519,"South Carmen Creek"
"1482",2011,10.1534782608696,-1.42586956521739,189.64,25.8311956521739,8.64445652173913,80.16,14.0130769230769,0.407692307692308,77.54,3.39883333333333,-6.69541666666667,1.52141666666667,23.3804895104895,6.95328671328671,1.18692307692308,7.48794117647059,-3.93588235294118,0.923823529411765,12.3699726027397,-0.576958904109589,446.53,1519,"South Carmen Creek"
"1483",2012,13.9458695652174,-0.137065217391304,121.04,27.7897826086957,9.72326086956522,63.55,14.3949450549451,0.808131868131868,86.73,7.11316666666667,-4.50975,1.12841666666667,25.1189510489511,7.58573426573427,0.723706293706294,7.88343137254902,-2.83872549019608,1.39460784313725,14.3827397260274,0.696,381.15,1519,"South Carmen Creek"
"1484",2013,12.8484782608696,-0.576630434782609,75.6,28.3573913043478,10.5291304347826,71.36,12.4058241758242,0.584175824175824,103.63,4.87016666666667,-6.26675,0.60125,25.7993006993007,9.04307692307692,0.895874125874126,5.23049019607843,-4.82735294117647,1.24627450980392,13.1704931506849,0.13358904109589,327.38,1519,"South Carmen Creek"
"1485",2014,13.1169565217391,-0.532065217391304,115.67,25.8408695652174,9.98282608695652,110.58,13.5294505494505,0.839120879120879,142.69,5.58425,-5.44858333333333,1.80941666666667,23.9961538461538,7.91265734265734,1.01895104895105,7.56813725490196,-2.325,1.99196078431373,13.3520821917808,0.658986301369863,566.02,1519,"South Carmen Creek"
"1486",2015,14.556847826087,0.531195652173913,124.58,27.3283695652174,10.5261956521739,46.77,13.5076923076923,1.00582417582418,127.86,8.16533333333333,-3.54966666666667,0.885,24.338951048951,8.70517482517483,1.28181818181818,7.42598039215686,-3.06823529411765,1.59107843137255,14.2952328767123,1.38608219178082,451.79,1519,"South Carmen Creek"
"1487",2016,13.708152173913,0.982608695652174,137.23,27.3375,9.38282608695652,30.8,13.747032967033,2.45747252747253,110.29,6.62916666666667,-4.13591666666667,1.35066666666667,24.1123776223776,7.84265734265734,0.832657342657343,6.81147058823529,-2.97647058823529,1.58990196078431,13.529698630137,0.881068493150685,443.32,1519,"South Carmen Creek"
"1488",2017,13.0657608695652,1.11967391304348,200.08,27.3814130434783,10.3661956521739,73.52,11.7995604395604,0.797362637362637,162.12,4.35208333333333,-5.316,2.10408333333333,24.7423076923077,8.59377622377622,1.24384615384615,5.80676470588235,-3.25607843137255,1.56460784313725,12.747095890411,0.709232876712329,589.95,1519,"South Carmen Creek"
"1489",2018,12.9854347826087,0.525869565217391,162.02,26.325,9.78119565217391,107,12.4143956043956,0.257362637362637,85.21,5.60608333333333,-4.45383333333333,1.62883333333333,24.4904895104895,8.42741258741259,1.16027972027972,5.97705882352941,-3.89529411764706,1.07509803921569,13.108301369863,0.748876712328767,471.04,1519,"South Carmen Creek"
"1490",2019,11.7688043478261,-0.655760869565217,125.83,26.5970652173913,9.6320652173913,44.99,11.0392307692308,-0.740879120879121,93.29,4.1655,-6.01033333333333,1.50583333333333,24.1520979020979,8.15566433566434,0.835594405594406,5.09470588235294,-4.88970588235294,0.927745098039216,12.2555342465753,-0.147205479452055,394.82,1519,"South Carmen Creek"
"1491",2020,12.2747826086957,-1.01826086956522,114.54,26.1175,9.37119565217391,136.78,14.2731868131868,-0.118681318681319,96.64,4.69191666666667,-6.43633333333333,1.40491666666667,24.2347552447552,7.71027972027972,1.46748251748252,7.74,-4.20833333333333,1.19460784313725,13.2002191780822,-0.271342465753425,500.29,1519,"South Carmen Creek"
"1492",2000,12.4853260869565,-0.5,81.57,26.7123913043478,9.07565217391304,15.22,10.6825274725275,-1.60021978021978,121.93,5.97541666666667,-5.20983333333333,1.01408333333333,23.748041958042,7.46888111888112,0.619510489510489,4.8806862745098,-5.82401960784314,1.10813725490196,12.6324657534247,-0.414191780821918,323.31,1790,"South Gulch"
"1493",2001,12.7165217391304,-1.00923913043478,107.09,25.918152173913,9.07630434782609,69.34,14.2148351648352,1.07604395604396,94.5,4.18616666666667,-7.11625,1.00041666666667,24.1488111888112,7.40909090909091,0.788601398601399,7.22558823529412,-4.01480392156863,0.918333333333333,12.8565205479452,-0.558794520547945,326.49,1790,"South Gulch"
"1494",2002,10.734347826087,-2.2425,122.21,25.3504347826087,8.52608695652174,67.89,11.9435164835165,-1.36054945054945,48.1,3.81941666666667,-7.50033333333333,1.0435,22.9254545454545,6.80762237762238,0.836153846153846,6.23372549019608,-4.67725490196078,0.616470588235294,11.9794794520548,-1.10583561643836,307.67,1790,"South Gulch"
"1495",2003,11.831847826087,-0.818260869565217,118.44,27.7522826086957,9.97021739130435,42.09,13.3863736263736,-0.461868131868132,38.57,5.30358333333333,-4.93316666666667,1.47108333333333,24.4548951048951,7.67090909090909,0.494195804195804,8.00078431372549,-3.7971568627451,0.82156862745098,13.5604383561644,0.322328767123288,331,1790,"South Gulch"
"1496",2004,13.435,0.0221739130434783,108.87,24.5689130434783,8.35391304347826,70.35,12.0894505494506,-0.283076923076923,95.37,6.38758333333333,-5.45833333333333,0.846333333333333,21.878951048951,6.65629370629371,1.29370629370629,7.30960784313725,-3.41960784313725,0.892254901960784,12.7144657534247,-0.142328767123288,377.57,1790,"South Gulch"
"1497",2005,12.1503260869565,-1.06880434782609,135.69,24.8776086956522,8.15760869565217,82.3,12.4707692307692,-0.442527472527473,108.67,6.37091666666667,-5.85608333333333,0.67075,22.4951748251748,6.48300699300699,1.19804195804196,6.33176470588235,-4.50833333333333,1.46333333333333,12.6771506849315,-0.645232876712329,401.07,1790,"South Gulch"
"1498",2006,11.9914130434783,-1.18054347826087,118.76,26.6153260869565,9.5354347826087,54.02,11.9828571428571,-0.584945054945055,165.87,4.71541666666667,-6.24583333333333,1.39175,24.1012587412587,7.49524475524476,0.736433566433566,6.60843137254902,-4.28313725490196,1.77147058823529,12.8394246575342,-0.31386301369863,453.01,1790,"South Gulch"
"1499",2007,13.9997826086957,-0.38054347826087,89.26,27.4372826086957,9.7275,56.09,11.9825274725275,-0.674175824175824,104.35,6.32175,-5.6065,0.968083333333333,24.6938461538462,7.65006993006993,0.691818181818182,5.74578431372549,-4.93323529411765,1.48078431372549,13.3586301369863,-0.224684931506849,366.14,1790,"South Gulch"
"1500",2008,9.79467391304348,-3.63663043478261,115.03,25.5129347826087,8.21391304347826,40.5,13.6295604395604,0.281208791208791,78.57,3.35466666666667,-8.32858333333333,1.04475,22.8077622377622,6.22685314685315,0.678671328671329,7.34019607843137,-3.85333333333333,1.16049019607843,12.0897808219178,-1.37542465753425,340.79,1790,"South Gulch"
"1501",2009,11.0354347826087,-2.2595652173913,143.09,23.8157608695652,8.44217391304348,139.33,12.8967032967033,-0.569010989010989,72.5,4.70366666666667,-6.52541666666667,1.45425,22.7348951048951,6.95923076923077,1.22531468531469,5.51980392156863,-5.92911764705882,0.812647058823529,11.9960273972603,-1.07575342465753,432.62,1790,"South Gulch"
"1502",2010,10.2033695652174,-2.48282608695652,139.2,23.3179347826087,7.5145652173913,135.53,12.9298901098901,0.186483516483516,104.2,5.3515,-5.802,0.70475,20.4466433566434,5.46643356643357,1.79545454545455,7.09490196078431,-3.71274509803922,1.41235294117647,11.7526849315068,-0.803397260273973,485.38,1790,"South Gulch"
"1503",2011,8.92608695652174,-2.69663043478261,164.07,24.8376086956522,7.90826086956522,67.44,13.5218681318681,-0.124395604395604,89.83,3.11491666666667,-7.39533333333333,1.1815,22.2927972027972,6.24594405594406,1.00895104895105,7.50411764705882,-4.45441176470588,1.01441176470588,11.8550136986301,-1.22909589041096,389.53,1790,"South Gulch"
"1504",2012,12.6823913043478,-1.10152173913043,135.53,26.700652173913,8.91989130434783,21.82,14.1796703296703,0.391978021978022,81.44,6.499,-5.60633333333333,1.19325,24.0646853146853,6.90545454545455,0.471538461538462,7.70441176470588,-3.43411764705882,1.35656862745098,13.7177534246575,-0.0974246575342466,348.99,1790,"South Gulch"
"1505",2013,11.8264130434783,-2.18,67.72,27.1254347826087,9.03586956521739,62.55,12.0792307692308,-0.447582417582418,112.55,4.79108333333333,-7.66825,0.4925,24.483006993007,7.5972027972028,0.824545454545455,5.52598039215686,-5.80637254901961,1.19549019607843,12.7113698630137,-1.16723287671233,298.95,1790,"South Gulch"
"1506",2014,12.3534782608696,-1.50815217391304,103.18,24.7651086956522,8.89380434782609,102.38,13.3130769230769,0.0667032967032967,103.81,5.63616666666667,-6.1165,1.37408333333333,22.9897202797203,6.97629370629371,0.877902097902098,7.43950980392157,-3.23970588235294,1.47901960784314,12.938904109589,-0.183068493150685,441.29,1790,"South Gulch"
"1507",2015,13.6020652173913,-0.472608695652174,98.91,26.1227173913043,9.515,62.45,13.2402197802198,0.13,101.85,7.95016666666667,-4.30066666666667,0.801416666666667,23.2448251748252,7.68755244755245,1.14902097902098,7.22666666666667,-4.05921568627451,1.29725490196078,13.7401369863014,0.463561643835616,392.8,1790,"South Gulch"
"1508",2016,12.7694565217391,-0.241304347826087,127.77,26.3108695652174,8.33152173913044,11.72,13.1317582417582,1.4532967032967,114.93,6.24841666666667,-5.26025,1.01016666666667,23.1420979020979,6.69153846153846,0.569440559440559,6.54676470588235,-4.01039215686275,1.61058823529412,12.9504109589041,-0.228493150684931,366.93,1790,"South Gulch"
"1509",2017,12.2269565217391,-0.507608695652174,164.65,26.53,9.42282608695652,56.54,11.5446153846154,-0.305604395604396,141,3.95175,-6.66616666666667,1.98075,23.9551748251748,7.62678321678322,1.16447552447552,5.98382352941176,-4.50323529411765,1.16147058823529,12.3565753424658,-0.462027397260274,522.68,1790,"South Gulch"
"1510",2018,12.2210869565217,-0.634673913043478,144.72,25.7461956521739,9.0379347826087,80.9,12.5298901098901,-0.631428571428571,65.76,5.39775,-5.61541666666667,1.2715,23.8442657342657,7.6434965034965,0.966083916083916,6.22058823529412,-4.86078431372549,0.849901960784314,12.8546849315068,-0.209945205479452,377.42,1790,"South Gulch"
"1511",2019,11.0478260869565,-1.20152173913043,111.41,25.3825,8.87684782608696,35.27,10.777032967033,-1.44967032967033,88.54,4.12041666666667,-6.62941666666667,1.38016666666667,22.8381818181818,7.44174825174825,0.783706293706294,5.06166666666667,-5.64941176470588,0.843627450980392,11.7167123287671,-0.842739726027397,363.74,1790,"South Gulch"
"1512",2020,11.4379347826087,-1.67326086956522,121.82,25.1652173913043,8.97326086956522,106.08,14.2282417582418,-0.135384615384615,79.06,4.46666666666667,-7.055,1.31166666666667,23.2812587412587,7.29405594405594,1.14433566433566,7.97617647058824,-4.33813725490196,1.01647058823529,12.818602739726,-0.674082191780822,424.72,1790,"South Gulch"
"1513",2000,10.0423913043478,-3.27119565217391,114.19,24.2976086956522,6.67239130434783,35.93,8.60417582417582,-3.97714285714286,136.07,4.01283333333333,-7.90325,1.26816666666667,21.4244055944056,5.07041958041958,0.838531468531469,3.44627450980392,-8.17705882352941,1.24078431372549,10.6760273972603,-2.89693150684931,398.65,2136,"Spring Canyon"
"1514",2001,10.4871739130435,-3.61369565217391,110.3,23.6430434782609,6.63641304347826,88.92,12.5348351648352,-1.17318681318681,70.49,2.75433333333333,-9.57975,1.09933333333333,21.7832167832168,4.94083916083916,0.794405594405594,6.28294117647059,-6.16137254901961,0.929313725490196,11.1955616438356,-2.93558904109589,340.31,2136,"Spring Canyon"
"1515",2002,8.51728260869565,-5.22880434782609,114.65,23.4592391304348,6.36163043478261,105.56,10.446043956044,-3.45,67.03,1.74383333333333,-10.7718333333333,1.1025,20.9197902097902,4.66608391608392,1.15993006993007,5.22990196078431,-7.13088235294118,0.786176470588235,10.2307945205479,-3.70608219178082,378.36,2136,"Spring Canyon"
"1516",2003,9.57554347826087,-3.49641304347826,174.03,25.2627173913043,7.44913043478261,46.56,11.5797802197802,-2.99769230769231,39.62,3.684,-8.06591666666667,1.64275,22.056993006993,5.15748251748252,0.70048951048951,6.65333333333333,-6.29235294117647,0.833725490196078,11.7119726027397,-2.38961643835616,382.34,2136,"Spring Canyon"
"1517",2004,11.1017391304348,-2.48521739130435,113.59,22.2336956521739,6.14086956521739,106.91,10.682967032967,-2.11956043956044,99.44,4.44491666666667,-8.16475,1.04891666666667,19.7594405594406,4.49188811188811,1.39972027972028,5.98098039215686,-5.33411764705882,1.12470588235294,10.8741095890411,-2.41509589041096,440.75,2136,"Spring Canyon"
"1518",2005,9.555,-3.39695652173913,214.62,22.4063043478261,5.9570652173913,132.17,11.4069230769231,-2.02791208791209,105.79,4.45958333333333,-8.26616666666667,0.983666666666667,20.1253846153846,4.37685314685315,1.86342657342657,5.83333333333333,-5.98107843137255,1.49058823529412,10.9810410958904,-2.67430136986301,536.55,2136,"Spring Canyon"
"1519",2006,9.94065217391304,-3.40239130434783,148.72,24.6455434782609,7.36119565217391,61.07,10.3735164835165,-2.45494505494506,130.96,2.96316666666667,-8.9055,1.72383333333333,22.1323076923077,5.42713286713287,0.838251748251748,5.40578431372549,-6.30029411764706,1.33843137254902,11.1558630136986,-2.56221917808219,463.25,2136,"Spring Canyon"
"1520",2007,12.033152173913,-2.27804347826087,103.06,25.7096739130435,7.92032608695652,69.32,10.9045054945055,-2.07296703296703,128.4,4.80441666666667,-7.93633333333333,0.944416666666667,22.8953846153846,5.82335664335664,0.943426573426573,4.77078431372549,-6.60921568627451,1.37313725490196,11.8827123287671,-2.17468493150685,388.3,2136,"Spring Canyon"
"1521",2008,7.53717391304348,-6.21184782608696,111.75,23.790652173913,6.0675,38.87,12.4674725274725,-1.27384615384615,82.15,1.49966666666667,-11.3180833333333,1.31333333333333,20.9254545454545,4.17916083916084,0.756573426573427,6.38107843137255,-5.6943137254902,1.42656862745098,10.4744383561644,-3.67498630136986,411.3,2136,"Spring Canyon"
"1522",2009,9.27130434782609,-4.43021739130435,176.51,21.5732608695652,6.51923913043478,167.01,11.1616483516484,-2.29846153846154,117.85,3.40958333333333,-8.91191666666667,1.614,20.670979020979,5.1179020979021,1.38594405594406,4.03166666666667,-7.76186274509804,1.24019607843137,10.3461095890411,-3.09391780821918,518.37,2136,"Spring Canyon"
"1523",2010,8.12782608695652,-4.38380434782609,188.34,21.6461956521739,5.61358695652174,104.78,11.8804395604396,-1.56626373626374,103.53,3.754,-8.13391666666667,1.11383333333333,18.800979020979,3.62307692307692,1.53671328671329,6.37382352941176,-5.39382352941176,1.43156862745098,10.3812328767123,-2.76202739726027,499.43,2136,"Spring Canyon"
"1524",2011,6.99315217391304,-5.0854347826087,283.42,22.7414130434783,5.94891304347826,70.49,11.6984615384615,-1.96846153846154,114.35,1.47958333333333,-10.0459166666667,1.96866666666667,20.1204195804196,4.28783216783217,1.3213986013986,6.16774509803922,-6.28852941176471,1.23058823529412,10.0928219178082,-3.38021917808219,550.72,2136,"Spring Canyon"
"1525",2012,10.9351086956522,-2.90271739130435,175.87,24.736847826087,7.06771739130435,59.97,12.7092307692308,-1.39285714285714,83.91,4.99391666666667,-7.85325,1.56833333333333,22.1565034965035,5.07412587412587,0.759300699300699,6.46343137254902,-5.41970588235294,1.39137254901961,12.1285479452055,-2.10849315068493,438.7,2136,"Spring Canyon"
"1526",2013,9.83597826086956,-3.86326086956522,89.98,25.1371739130435,7.72836956521739,77.29,10.7721978021978,-1.39703296703297,120.85,3.0165,-9.53641666666667,0.563833333333333,22.4013286713287,6.29125874125874,1.17559440559441,4.5693137254902,-7.03696078431373,1.19147058823529,11.0450410958904,-2.63695890410959,357.3,2136,"Spring Canyon"
"1527",2014,10.9136956521739,-3.36163043478261,114.79,22.6477173913043,6.77934782608696,121.45,11.8769230769231,-1.36637362637363,101.99,4.64941666666667,-8.23541666666667,1.49591666666667,20.93,5.05818181818182,1.08111888111888,6.50196078431373,-4.75196078431373,1.51490196078431,11.5455342465753,-2.05378082191781,488.63,2136,"Spring Canyon"
"1528",2015,11.708152173913,-2.08260869565217,148.84,23.8140217391304,7.51467391304348,109.74,11.7653846153846,-1.20472527472527,101.19,6.96675,-5.91775,0.80575,20.9917482517483,5.86951048951049,1.72006993006993,5.86392156862745,-5.71764705882353,1.31745098039216,12.1532876712329,-1.24380821917808,477.04,2136,"Spring Canyon"
"1529",2016,10.5532608695652,-2.19586956521739,198.9,24.2767391304348,6.36663043478261,23.18,11.7036263736264,0.158351648351648,202.6,4.77425,-6.93425,1.47325,21.0955244755245,4.79839160839161,0.895734265734266,5.60607843137255,-5.37745098039216,2.465,11.4010684931507,-1.90257534246575,556.31,2136,"Spring Canyon"
"1530",2017,10.4317391304348,-2.36086956521739,141.72,24.2964130434783,7.45652173913043,78.46,10.2215384615385,-1.98186813186813,120.64,3.15708333333333,-7.94133333333333,1.97108333333333,21.8996503496504,5.76972027972028,1.22335664335664,5.03892156862745,-6.12696078431373,0.991666666666667,11.0259452054795,-2.06257534246575,512.62,2136,"Spring Canyon"
"1531",2018,10.0888043478261,-2.89619565217391,248.13,23.5802173913043,6.89652173913043,97.27,11.0793406593407,-2.30274725274725,60.42,3.711,-8.28183333333333,1.769,21.6837762237762,5.61531468531469,1.41034965034965,5.04294117647059,-6.65450980392157,0.82843137254902,11.124602739726,-2.38243835616438,498.46,2136,"Spring Canyon"
"1532",2019,9.09934782608696,-3.57923913043478,139.83,22.8648913043478,6.32315217391304,48.92,9.38,-3.29593406593407,110.94,2.81808333333333,-8.95691666666667,1.62016666666667,20.3268531468531,5.02510489510489,1.13321678321678,4.12539215686274,-7.30382352941176,1.12411764705882,10.0430136986301,-3.01706849315068,471.13,2136,"Spring Canyon"
"1533",2020,9.72239130434783,-3.9270652173913,87.83,23.3369565217391,6.79891304347826,79.05,12.7801098901099,-2.08549450549451,64.93,3.09608333333333,-9.32891666666667,1.12341666666667,21.4786713286713,5.19671328671329,0.842657342657343,7.07294117647059,-6.1093137254902,0.791274509803922,11.4093698630137,-2.73832876712329,336.02,2136,"Spring Canyon"
"1534",2000,12.6605434782609,-0.0598913043478261,92.73,26.6754347826087,9.22119565217391,19.2,10.4854945054945,-1.3610989010989,144.95,6.10416666666667,-4.67083333333333,0.947416666666667,23.7335664335664,7.61699300699301,0.733356643356643,4.62156862745098,-5.47333333333333,1.32460784313725,12.5967123287671,-0.080958904109589,353.67,1710,"Ten Mile"
"1535",2001,12.7211956521739,-0.505652173913044,127.34,26.1708695652174,9.54869565217391,85.75,14.3110989010989,1.6589010989011,89.44,4.149,-6.36183333333333,1.18466666666667,24.3825874125874,7.87846153846154,0.952657342657343,7.3271568627451,-3.25823529411765,1.00352941176471,12.9642739726027,0.0845479452054795,380.75,1710,"Ten Mile"
"1536",2002,10.7692391304348,-1.84021739130435,131.82,25.4298913043478,8.97554347826087,106.53,11.8796703296703,-0.824945054945055,48.77,3.91216666666667,-6.81291666666667,1.14616666666667,23.0430769230769,7.28132867132867,1.17916083916084,6.22313725490196,-4.05,0.596960784313725,12.053095890411,-0.518958904109589,367.05,1710,"Ten Mile"
"1537",2003,11.99,-0.258586956521739,145.49,27.8248913043478,10.4070652173913,44.99,13.1335164835165,0.0283516483516483,43.2,5.28275,-4.42016666666667,1.77908333333333,24.5386013986014,8.1286013986014,0.577342657342657,7.75392156862745,-3.27607843137255,0.869803921568627,13.517397260274,0.815917808219178,384.77,1710,"Ten Mile"
"1538",2004,13.4159782608696,0.246521739130435,121.61,24.5480434782609,8.64826086956522,87.57,12.1057142857143,0.00417582417582421,87.36,6.2245,-5.09308333333333,0.832666666666667,21.8929370629371,6.89356643356643,1.50104895104895,7.23872549019608,-3.10686274509804,0.850196078431373,12.6465205479452,0.158109589041096,401.29,1710,"Ten Mile"
"1539",2005,12.2896739130435,-0.754891304347826,148.11,24.9408695652174,8.53804347826087,89.8,12.1148351648352,0.00439560439560441,113.3,6.18825,-5.50683333333333,0.761833333333333,22.6051748251748,6.83440559440559,1.28335664335664,5.94421568627451,-4.09490196078431,1.46411764705882,12.5518904109589,-0.277205479452055,424.28,1710,"Ten Mile"
"1540",2006,12.1622826086957,-0.637608695652174,122.3,26.6416304347826,10.0425,60.35,11.8721978021978,-0.177362637362637,151.83,4.69241666666667,-5.70716666666667,1.40733333333333,24.1899300699301,7.98846153846154,0.775104895104895,6.43117647058824,-3.85225490196078,1.62421568627451,12.8170684931507,0.176876712328767,445.39,1710,"Ten Mile"
"1541",2007,13.8320652173913,0.0178260869565217,94.5,27.594347826087,10.1929347826087,49.77,11.6398901098901,-0.221978021978022,143.4,6.01341666666667,-5.255,1.0325,24.7632167832168,8.09909090909091,0.756363636363636,5.38774509803922,-4.45137254901961,1.77156862745098,13.1843835616438,0.201452054794521,412.76,1710,"Ten Mile"
"1542",2008,9.56402173913044,-3.07054347826087,127.58,25.4457608695652,8.59304347826087,37.44,13.2278021978022,0.578901098901099,95.35,3.04383333333333,-7.74141666666667,1.07066666666667,22.6795804195804,6.61566433566434,0.769370629370629,6.96764705882353,-3.54107843137255,1.25617647058824,11.8332602739726,-0.942794520547945,366.63,1710,"Ten Mile"
"1543",2009,11.0710869565217,-1.87347826086957,159.25,23.8565217391304,8.89576086956522,144.13,12.7506593406593,-0.115934065934066,75.31,4.418,-6.20308333333333,1.53258333333333,22.8179020979021,7.4151048951049,1.30475524475524,5.23872549019608,-5.47745098039216,0.80578431372549,11.8560821917808,-0.664958904109589,452.68,1710,"Ten Mile"
"1544",2010,10.4589130434783,-1.94434782608696,122.62,23.3739130434783,7.96891304347826,148.17,12.7137362637363,0.644395604395604,118.98,5.4725,-5.261,0.811833333333333,20.5282517482517,5.92839160839161,1.8748951048951,6.8956862745098,-3.29666666666667,1.57852941176471,11.7687671232877,-0.32827397260274,526.54,1710,"Ten Mile"
"1545",2011,9.04565217391304,-2.12739130434783,190.02,24.8184782608696,8.41173913043478,86.94,13.320989010989,0.364285714285714,78.72,2.88716666666667,-6.9805,1.44741666666667,22.3104895104895,6.70797202797203,1.23657342657343,7.15529411764706,-3.94372549019608,0.88921568627451,11.6895890410959,-0.768986301369863,441.22,1710,"Ten Mile"
"1546",2012,12.8536956521739,-0.610869565217391,129.66,26.7602173913043,9.48445652173913,44.48,13.8798901098901,0.864285714285714,84.09,6.48125,-4.93275,1.14558333333333,24.0847552447552,7.39692307692308,0.627272727272727,7.48156862745098,-2.94401960784314,1.42235294117647,13.6575068493151,0.453534246575342,372.25,1710,"Ten Mile"
"1547",2013,11.87,-1.2620652173913,74.11,27.255,10.0821739130435,71.82,11.8393406593407,0.273076923076923,116.54,4.51475,-6.69333333333333,0.573583333333333,24.6473426573427,8.56706293706294,0.88979020979021,5.07921568627451,-5.0928431372549,1.32519607843137,12.5600547945205,-0.267342465753425,331.24,1710,"Ten Mile"
"1548",2014,12.3067391304348,-1.0445652173913,113.58,24.7857608695652,9.43804347826087,111.1,12.9937362637363,0.617362637362637,141.11,5.30208333333333,-5.74533333333333,1.61858333333333,22.9722377622378,7.48783216783217,1.00902097902098,7.19186274509804,-2.64980392156863,1.91833333333333,12.7530136986301,0.304219178082192,534.19,1710,"Ten Mile"
"1549",2015,13.5673913043478,0.0327173913043478,126.08,26.1958695652174,10.1402173913043,51.87,12.9618681318681,0.771758241758242,116.22,7.70733333333333,-3.81308333333333,0.887333333333333,23.2535664335664,8.27867132867133,1.28034965034965,7.01480392156863,-3.35078431372549,1.47774509803922,13.6045205479452,1.05342465753425,440.3,1710,"Ten Mile"
"1550",2016,12.7430434782609,0.330869565217391,145.99,26.3107608695652,8.99760869565217,23.68,13.062967032967,2.07505494505495,111.3,6.14183333333333,-4.54558333333333,1.36291666666667,23.1159440559441,7.35062937062937,0.736783216783217,6.4256862745098,-3.32107843137255,1.68539215686275,12.8712876712329,0.457315068493151,440.82,1710,"Ten Mile"
"1551",2017,12.2085869565217,0.199782608695652,198.7,26.449347826087,10.0396739130435,57.57,11.262967032967,0.370879120879121,171.65,3.94666666666667,-5.86566666666667,2.1415,23.8460839160839,8.20020979020979,1.20566433566434,5.5693137254902,-3.74313725490196,1.53049019607843,12.1963287671233,0.238219178082192,585.5,1710,"Ten Mile"
"1552",2018,12.1163043478261,-0.118586956521739,166.66,25.4553260869565,9.4529347826087,103.24,11.9948351648352,-0.0953846153846154,82.34,5.09225,-5.06383333333333,1.60491666666667,23.603986013986,8.06454545454545,1.15293706293706,5.73813725490196,-4.23705882352941,1.03803921568627,12.5252876712329,0.310657534246575,463.34,1710,"Ten Mile"
"1553",2019,10.921847826087,-0.984565217391304,132.4,25.4722826086957,9.29673913043478,35.71,10.4667032967033,-1.04483516483516,104.04,3.79941666666667,-6.21516666666667,1.52475,22.9702097902098,7.8227972027972,0.838741258741259,4.7693137254902,-5.13352941176471,0.962745098039216,11.5812054794521,-0.413095890410959,401.11,1710,"Ten Mile"
"1554",2020,11.3970652173913,-1.33565217391304,118.64,25.1639130434783,9.30402173913044,126.12,13.8585714285714,0.135824175824176,94.51,4.24608333333333,-6.6075,1.32091666666667,23.2734265734266,7.6251048951049,1.36335664335664,7.62019607843137,-3.96578431372549,1.1428431372549,12.6435342465753,-0.293205479452055,470.04,1710,"Ten Mile"
"1555",2000,11.6784782608696,-1.22380434782609,97.14,25.8492391304348,7.78478260869565,15.45,9.67285714285714,-2.43637362637363,137.22,5.46566666666667,-5.71225,0.919833333333333,22.8844055944056,6.28265734265734,0.716573426573427,4.16313725490196,-6.45813725490196,1.24509803921569,11.926,-1.22131506849315,339.85,1846,"Tendoy Grave"
"1556",2001,11.7217391304348,-1.77554347826087,127.01,25.2904347826087,8.05086956521739,81.41,13.7223076923077,0.568681318681319,87.02,3.60441666666667,-7.44933333333333,1.17116666666667,23.4123776223776,6.39839160839161,0.891538461538462,7.20666666666667,-4.16725490196078,0.910882352941176,12.3714520547945,-1.10687671232877,360.94,1846,"Tendoy Grave"
"1557",2002,9.8679347826087,-3.23717391304348,115.05,24.6047826086957,7.56054347826087,103.08,11.2685714285714,-1.96153846153846,54.06,3.26858333333333,-8.15558333333333,1.08775,22.1779020979021,5.95664335664336,1.06965034965035,5.88862745098039,-5.30205882352941,0.649117647058824,11.4090684931507,-1.8292602739726,349.7,1846,"Tendoy Grave"
"1558",2003,11.0145652173913,-1.61032608695652,158.1,26.8478260869565,8.58402173913043,45.31,12.478021978022,-1.43604395604396,47.4,4.69708333333333,-5.90575,1.83325,23.5893706293706,6.41398601398601,0.589370629370629,7.3,-4.67686274509804,0.872549019607843,12.8261095890411,-0.735698630136986,393.27,1846,"Tendoy Grave"
"1559",2004,12.3888043478261,-0.996521739130435,137.54,23.5444565217391,7.19065217391304,77.65,11.3159340659341,-1.25802197802198,94.95,5.575,-6.26941666666667,0.801416666666667,20.8912587412587,5.53461538461538,1.46496503496503,6.66892156862745,-4.28754901960784,0.885392156862745,11.8813150684932,-1.09098630136986,395.97,1846,"Tendoy Grave"
"1560",2005,11.1258695652174,-1.92184782608696,155.57,23.9573913043478,6.94532608695652,96.17,11.9091208791209,-0.988571428571429,132.92,5.5165,-6.693,0.824916666666667,21.6676223776224,5.38447552447552,1.30097902097902,5.97941176470588,-4.86450980392157,1.61911764705882,11.9735616438356,-1.45030136986301,450.18,1846,"Tendoy Grave"
"1561",2006,11.2436956521739,-1.91,120.92,25.8923913043478,8.44554347826087,66.66,11.3153846153846,-1.24417582417582,160.43,4.04625,-6.89616666666667,1.25425,23.3841258741259,6.48769230769231,0.819440559440559,6.09911764705882,-4.85627450980392,1.61323529411765,12.1961369863014,-1.08257534246575,432.24,1846,"Tendoy Grave"
"1562",2007,12.9642391304348,-1.19434782608696,101.3,26.9223913043478,8.64065217391304,51.2,11.2675824175824,-1.21868131868132,146.46,5.34475,-6.522,1.09683333333333,24.0166433566434,6.60734265734266,0.805034965034965,5.08627450980392,-5.42196078431373,1.71323529411765,12.5878082191781,-1.07076712328767,421.49,1846,"Tendoy Grave"
"1563",2008,8.44010869565217,-4.45641304347826,124.2,24.6413043478261,6.91217391304348,45.6,12.8050549450549,-0.482417582417582,103.54,2.20091666666667,-9.15475,1.02391666666667,21.7913986013986,5.06405594405594,0.835734265734266,6.6843137254902,-4.63627450980392,1.32656862745098,11.1289863013699,-2.32139726027397,377.69,1846,"Tendoy Grave"
"1564",2009,10.0551086956522,-3.22489130434783,164.83,22.960652173913,7.50521739130435,153.42,12.0395604395604,-1.3256043956044,81.79,3.84683333333333,-7.34716666666667,1.61591666666667,21.9399300699301,6.04125874125874,1.28356643356643,4.63460784313726,-6.64519607843137,0.858823529411765,11.1555068493151,-1.90567123287671,465.06,1846,"Tendoy Grave"
"1565",2010,9.55282608695652,-3.01260869565217,160.62,22.6170652173913,6.58467391304348,150.07,12.4217582417582,-0.507252747252747,109.97,4.91391666666667,-6.43033333333333,0.90075,19.7908391608392,4.6613986013986,1.95370629370629,6.7021568627451,-4.40960784313726,1.55617647058824,11.2421369863014,-1.5201095890411,546.2,1846,"Tendoy Grave"
"1566",2011,8.03836956521739,-3.35478260869565,216.44,24.1885869565217,7.01315217391304,84.07,12.8745054945055,-0.911428571428571,90.34,2.16175,-8.18716666666667,1.60083333333333,21.566993006993,5.34083916083916,1.26587412587413,6.87009803921569,-5.12421568627451,1.01960784313725,11.0801095890411,-2.03120547945205,477.12,1846,"Tendoy Grave"
"1567",2012,12.1022826086957,-1.77978260869565,134.86,26.153152173913,7.88576086956522,50.88,13.4975824175824,-0.508241758241758,88.03,5.88183333333333,-6.23325,1.24783333333333,23.4432167832168,5.84244755244755,0.656993006993007,7.16107843137255,-4.29941176470588,1.35039215686275,13.1195342465753,-0.961808219178082,381.43,1846,"Tendoy Grave"
"1568",2013,11.071847826087,-2.49858695652174,89.28,26.4754347826087,8.57673913043478,73.1,11.3720879120879,-0.613076923076923,123.01,3.998,-7.87325,0.631,23.8326573426573,7.19881118881119,0.989020979020979,4.83901960784314,-6.01019607843137,1.37372549019608,12.0038630136986,-1.44767123287671,357.27,1846,"Tendoy Grave"
"1569",2014,11.5971739130435,-2.16728260869565,116.21,24.0710869565217,7.89695652173913,118.93,12.5981318681319,-0.550879120879121,124.63,4.83316666666667,-6.93125,1.65891666666667,22.2448251748252,6.02,1.07664335664336,7.00019607843137,-3.73343137254902,1.85147058823529,12.260301369863,-0.963561643835616,541.88,1846,"Tendoy Grave"
"1570",2015,12.7863043478261,-1.08402173913043,149.09,25.3884782608696,8.615,54.9,12.5591208791209,-0.375494505494506,111.29,7.44425,-4.75316666666667,0.97575,22.4497202797203,6.91573426573427,1.33230769230769,6.69362745098039,-4.51578431372549,1.37372549019608,13.1133424657534,-0.115178082191781,447.73,1846,"Tendoy Grave"
"1571",2016,11.8294565217391,-0.800978260869565,168.21,25.684347826087,7.27717391304348,29.92,12.7203296703297,1.17791208791209,127.78,5.691,-5.47025,1.30375,22.4279020979021,5.82846153846154,0.851888111888112,6.28813725490196,-4.22107843137255,1.82960784313725,12.4150684931507,-0.694547945205479,464.89,1846,"Tendoy Grave"
"1572",2017,11.5661956521739,-0.885760869565217,197.63,25.8204347826087,8.40423913043478,62.71,10.8101098901099,-0.754725274725275,149.84,3.64933333333333,-6.689,2.006,23.2195104895105,6.69062937062937,1.21195804195804,5.39705882352941,-4.79176470588235,1.42980392156863,11.8049589041096,-0.916931506849315,559.87,1846,"Tendoy Grave"
"1573",2018,11.3389130434783,-1.36673913043478,178.47,24.7296739130435,7.86521739130435,119.71,11.5693406593407,-1.43912087912088,79.65,4.50275,-6.43841666666667,1.59033333333333,22.8795804195804,6.52447552447552,1.32363636363636,5.39833333333333,-5.5278431372549,0.995,11.9527123287671,-1.10534246575342,481.61,1846,"Tendoy Grave"
"1574",2019,9.97717391304348,-2.4025,152.95,24.6189130434783,7.63369565217391,40.47,10,-2.17967032967033,109.7,3.16941666666667,-7.64641666666667,1.62283333333333,22.0663636363636,6.29,0.918741258741259,4.48205882352941,-6.20323529411765,1.04705882352941,10.939698630137,-1.78309589041096,432.92,1846,"Tendoy Grave"
"1575",2020,10.5204347826087,-2.5175,115.32,24.5113043478261,7.85673913043478,120.96,13.5173626373626,-1.03351648351648,80.36,3.65891666666667,-7.74008333333333,1.26066666666667,22.6334265734266,6.25951048951049,1.32965034965035,7.51362745098039,-4.97549019607843,0.974019607843137,12.1699726027397,-1.4827397260274,440.77,1846,"Tendoy Grave"
"1576",2000,11.598152173913,-2.64326086956522,80.19,26.3103260869565,6.43130434782609,24.22,9.76736263736264,-3.63923076923077,103.93,5.36141666666667,-7.33275,0.8755,23.3241258741259,5.03741258741259,0.611748251748252,4.2656862745098,-7.89107843137255,0.94656862745098,12.0926575342466,-2.64238356164384,289.09,1896,"Tex Creek"
"1577",2001,11.9213043478261,-3.11163043478261,112.6,25.5891304347826,6.62815217391304,59.99,14.1726373626374,-0.771208791208791,68.16,3.68591666666667,-9.07541666666667,1.08741666666667,23.6847552447552,4.98286713286713,0.644335664335664,7.70303921568627,-5.62578431372549,0.73421568627451,12.6436712328767,-2.60364383561644,297.52,1896,"Tex Creek"
"1578",2002,9.95521739130435,-4.59,76.91,25.1402173913043,6.20347826086957,84.03,11.6648351648352,-3.34703296703297,57.76,3.02475,-10.0130833333333,0.811833333333333,22.5999300699301,4.69839160839161,0.86965034965035,6.2071568627451,-6.96323529411765,0.527156862745098,11.5832602739726,-3.39712328767123,275.55,1896,"Tex Creek"
"1579",2003,11.1991304347826,-2.92076086956522,153.91,27.3210869565217,6.985,39.14,13.0420879120879,-2.95604395604396,31.71,4.73208333333333,-7.67191666666667,1.40325,24.0625874125874,4.91461538461538,0.598601398601399,7.77352941176471,-6.23794117647059,0.691176470588235,13.1553424657534,-2.34002739726027,324.49,1896,"Tex Creek"
"1580",2004,12.6152173913043,-2.22032608695652,107.03,24.0413043478261,6.0679347826087,90.82,11.5774725274725,-2.30527472527473,83.14,5.5595,-7.87741666666667,0.79125,21.4014685314685,4.53244755244755,1.29398601398601,6.82647058823529,-5.3978431372549,0.822647058823529,12.1201369863014,-2.32254794520548,363.9,1896,"Tex Creek"
"1581",2005,10.9663043478261,-2.91619565217391,161.83,24.1795652173913,5.73326086956522,103.46,12.5516483516484,-2.04230769230769,106.02,5.53758333333333,-7.934,0.733666666666667,21.8802797202797,4.25517482517483,1.42986013986014,6.54029411764706,-5.92058823529412,1.34176470588235,12.2205479452055,-2.59586301369863,429.37,1896,"Tex Creek"
"1582",2006,11.2311956521739,-2.98326086956522,117.18,26.4710869565217,7.09934782608696,49.82,11.6723076923077,-2.29032967032967,123.42,3.979,-8.293,1.2565,23.8426573426573,5.18965034965035,0.724335664335664,6.38882352941176,-6.00333333333333,1.23382352941176,12.4346301369863,-2.37090410958904,380.21,1896,"Tex Creek"
"1583",2007,13.2228260869565,-2.17467391304348,82.96,27.5188043478261,7.47326086956522,61.32,12.0094505494506,-2.05945054945055,95.02,5.50191666666667,-7.82208333333333,0.78525,24.5576223776224,5.47979020979021,0.86965034965035,5.72205882352941,-6.40333333333333,0.949313725490196,13.029095890411,-2.21419178082192,315.42,1896,"Tex Creek"
"1584",2008,8.44858695652174,-5.81054347826087,111.35,25.3996739130435,5.54934782608696,38.15,13.6104395604396,-1.42318681318681,68.12,2.09125,-10.8880833333333,0.968916666666667,22.4407692307692,3.83321678321678,0.791888111888112,7.33588235294118,-5.71823529411765,1.0843137254902,11.5294246575342,-3.67583561643836,340.11,1896,"Tex Creek"
"1585",2009,10.176847826087,-4.29119565217391,167.08,23.4270652173913,6.57086956521739,146.08,12.4474725274725,-2.32912087912088,71.65,4.05125,-8.63983333333333,1.54108333333333,22.4348951048951,5.08398601398601,1.19055944055944,4.95627450980392,-7.6906862745098,0.759411764705882,11.5065205479452,-2.99786301369863,432.64,1896,"Tex Creek"
"1586",2010,9.52478260869565,-3.8354347826087,164.98,23.2616304347826,5.54260869565217,109.47,13.2667032967033,-1.46615384615385,79.59,4.92941666666667,-7.65841666666667,0.7925,20.3654545454545,3.73559440559441,1.57944055944056,7.33627450980392,-5.39970588235294,1.14598039215686,11.6495616438356,-2.5632602739726,437.85,1896,"Tex Creek"
"1587",2011,7.96217391304348,-4.47,209.22,24.7790217391304,5.87108695652174,88.69,13.4048351648352,-1.94208791208791,87.58,2.15741666666667,-9.61008333333333,1.49475,21.9916083916084,4.25482517482518,1.31923076923077,7.34088235294118,-6.24401960784314,0.935,11.376602739726,-3.23742465753425,463.39,1896,"Tex Creek"
"1588",2012,12.2940217391304,-2.61869565217391,128.01,26.8057608695652,6.80021739130435,36.18,14.2879120879121,-1.53736263736264,64.1,6.02875,-7.56533333333333,1.23791666666667,24.0664335664336,4.81685314685315,0.53027972027972,7.86088235294118,-5.39803921568627,1.01656862745098,13.6075616438356,-2.10857534246575,328.07,1896,"Tex Creek"
"1589",2013,11.235,-3.48184782608696,90.05,27.0969565217391,7.3254347826087,70.87,11.9276923076923,-1.24417582417582,109.21,4.08041666666667,-9.17975,0.466666666666667,24.3069230769231,6.12440559440559,1.08244755244755,5.44696078431373,-6.91421568627451,1.09833333333333,12.3866575342466,-2.55076712328767,322.82,1896,"Tex Creek"
"1590",2014,12.0816304347826,-3.12260869565217,90.69,24.720652173913,6.5570652173913,99.85,13.4253846153846,-1.46659340659341,85.75,5.482,-8.12541666666667,1.33066666666667,22.8754545454545,4.81888111888112,0.889300699300699,7.69490196078431,-4.78843137254902,1.37411764705882,12.9148219178082,-2.12156164383562,427.01,1896,"Tex Creek"
"1591",2015,13.173152173913,-1.93826086956522,138.52,25.7711956521739,7.21967391304348,85.19,13.0920879120879,-1.51505494505495,87.63,7.99558333333333,-5.75233333333333,0.830166666666667,22.866993006993,5.75160839160839,1.42335664335664,6.96117647058824,-5.89666666666667,1.13294117647059,13.5328493150685,-1.28564383561644,418.72,1896,"Tex Creek"
"1592",2016,11.8372826086957,-1.81804347826087,154.34,26.3077173913043,5.82369565217391,20.4,13.3635164835165,0.451208791208791,165.45,5.724,-6.644,1.05366666666667,22.978951048951,4.55118881118881,0.758601398601399,6.96049019607843,-5.14725490196078,1.99813725490196,12.829698630137,-1.83967123287671,438.73,1896,"Tex Creek"
"1593",2017,11.7820652173913,-1.90858695652174,119.42,26.3445652173913,6.91271739130435,68.59,11.3883516483516,-1.72175824175824,112.39,3.98666666666667,-7.65433333333333,1.56541666666667,23.7458741258741,5.37090909090909,1.04321678321678,5.89539215686275,-5.9443137254902,0.984607843137255,12.2613424657534,-2.07342465753425,437.46,1896,"Tex Creek"
"1594",2018,11.4307608695652,-2.55630434782609,168.75,25.4109782608696,6.62608695652174,103.14,12.3857142857143,-2.58846153846154,45.04,4.63633333333333,-7.99075,1.32375,23.4858041958042,5.33167832167832,1.2534965034965,5.99823529411765,-6.74745098039216,0.580294117647059,12.4017808219178,-2.42383561643836,397.29,1896,"Tex Creek"
"1595",2019,10.1521739130435,-3.49554347826087,139.32,24.8088043478261,6.00989130434783,52.74,10.5606593406593,-3.15417582417582,96.32,3.49975,-8.90575,1.47533333333333,22.1691608391608,4.88783216783217,1.06699300699301,4.96401960784314,-7.29450980392157,0.939705882352941,11.2232602739726,-3.05142465753425,425.47,1896,"Tex Creek"
"1596",2020,10.7285869565217,-3.5025,94.08,25.0973913043478,6.62608695652174,93.01,14.2879120879121,-2.15461538461538,76.24,3.8845,-9.07408333333333,0.941666666666667,23.184965034965,5.13727272727273,1.02909090909091,8.16421568627451,-6.19039215686275,0.874509803921569,12.6420273972603,-2.70049315068493,349.36,1896,"Tex Creek"
"1597",2000,11.1709782608696,-2.665,85.6,25.6988043478261,6.5329347826087,23.16,9.43615384615385,-3.57384615384615,112.65,5.043,-7.29425,0.93275,22.7178321678322,5.08839160839161,0.634755244755245,4.07254901960784,-7.78470588235294,1.02637254901961,11.6964657534247,-2.58002739726027,307.39,1956,"Timber Creek"
"1598",2001,11.556847826087,-3.16521739130435,122.88,25.0295652173913,6.70271739130435,68.22,13.6243956043956,-0.751648351648352,76.69,3.5145,-9.08241666666667,1.11908333333333,23.1296503496504,5.03573426573427,0.718601398601399,7.26117647058823,-5.61117647058824,0.847450980392157,12.2463561643836,-2.58115068493151,323.49,1956,"Timber Creek"
"1599",2002,9.59347826086957,-4.56521739130435,91.23,24.5083695652174,6.23684782608696,89.14,11.2320879120879,-3.30472527472527,56.32,2.84091666666667,-9.92625,0.91,22.0023776223776,4.69923076923077,0.947132867132867,5.8721568627451,-6.87166666666667,0.617254901960784,11.195095890411,-3.34265753424658,307.6,1956,"Timber Creek"
"1600",2003,10.7804347826087,-2.9920652173913,165.6,26.741847826087,7.06804347826087,46.81,12.5821978021978,-2.85813186813187,31.73,4.498,-7.61033333333333,1.59433333333333,23.4908391608392,4.96244755244755,0.665944055944056,7.41950980392157,-6.12598039215686,0.707843137254902,12.7554520547945,-2.26975342465753,358.75,1956,"Timber Creek"
"1601",2004,12.2525,-2.18934782608696,116.4,23.5486956521739,6.07489130434783,89.84,11.2573626373626,-2.31,83.06,5.3965,-7.78183333333333,0.88675,20.9001398601399,4.51902097902098,1.33440559440559,6.62745098039216,-5.39009803921569,0.839117647058824,11.8145205479452,-2.29421917808219,382.82,1956,"Timber Creek"
"1602",2005,10.7090217391304,-2.98663043478261,168.28,23.7495652173913,5.65565217391304,107.62,12.1046153846154,-2.05472527472527,98.73,5.43425,-7.94058333333333,0.795583333333333,21.4433566433566,4.19741258741259,1.45622377622378,6.21166666666667,-5.95343137254902,1.34911764705882,11.9235616438356,-2.62983561643836,441.32,1956,"Timber Creek"
"1603",2006,10.8617391304348,-3.09510869565217,129.77,25.8438043478261,7.0854347826087,63.31,11.2783516483516,-2.29340659340659,138.35,3.77125,-8.32716666666667,1.29766666666667,23.2571328671329,5.18286713286713,0.863216783216783,6.10019607843137,-6.00254901960784,1.45176470588235,12.0562739726027,-2.38457534246575,427.24,1956,"Timber Creek"
"1604",2007,12.8466304347826,-2.22402173913043,82.44,26.8871739130435,7.47076086956522,52.44,11.5917582417582,-2.07373626373626,99.35,5.29075,-7.82808333333333,0.8765,23.9718181818182,5.47342657342657,0.83034965034965,5.41313725490196,-6.38362745098039,0.989901960784314,12.6438356164384,-2.21315068493151,324.89,1956,"Timber Creek"
"1605",2008,8.25271739130435,-5.85217391304348,118.31,24.8153260869565,5.57369565217391,37.32,13.1991208791209,-1.42340659340659,71.68,2.047,-10.8155,0.998083333333333,21.9200699300699,3.82251748251748,0.811188811188811,7.04098039215686,-5.68019607843137,1.14921568627451,11.2284657534247,-3.64553424657534,352.99,1956,"Timber Creek"
"1606",2009,9.91097826086957,-4.34304347826087,173.73,22.9021739130435,6.51239130434783,148.38,12.1224175824176,-2.30868131868132,72.47,3.9505,-8.60925,1.65625,21.9106293706294,5.03384615384615,1.20111888111888,4.7706862745098,-7.6506862745098,0.77843137254902,11.2161369863014,-2.99627397260274,449.91,1956,"Timber Creek"
"1607",2010,9.25717391304348,-3.95195652173913,174.62,22.685652173913,5.4879347826087,124.76,12.7883516483516,-1.46010989010989,85.84,4.79033333333333,-7.62158333333333,0.858333333333333,19.8381118881119,3.65762237762238,1.75727272727273,7.01078431372549,-5.36137254901961,1.30392156862745,11.3062739726027,-2.57098630136986,487.29,1956,"Timber Creek"
"1608",2011,7.69804347826087,-4.55902173913043,221.63,24.2292391304348,5.85782608695652,91.54,12.9841758241758,-1.92615384615385,91.88,2.056,-9.57958333333333,1.66391666666667,21.5018881118881,4.22902097902098,1.3320979020979,7.06245098039216,-6.23558823529412,0.990882352941176,11.0735890410959,-3.23515068493151,491.23,1956,"Timber Creek"
"1609",2012,11.9026086956522,-2.70217391304348,146.95,26.2117391304348,6.75826086956522,36.61,13.8828571428571,-1.49340659340659,66.61,5.78425,-7.5885,1.45191666666667,23.5069230769231,4.77713286713287,0.570839160839161,7.51578431372549,-5.35450980392157,1.09009803921569,13.2115342465753,-2.11958904109589,367.05,1956,"Timber Creek"
"1610",2013,10.9210869565217,-3.55130434782609,88.86,26.4526086956522,7.3975,69.42,11.5607692307692,-1.32120879120879,121.3,3.9575,-9.20158333333333,0.562333333333333,23.7174125874126,6.14321678321678,1.02076923076923,5.19166666666667,-6.94078431372549,1.2978431372549,12.0439452054795,-2.558,345.83,1956,"Timber Creek"
"1611",2014,11.6984782608696,-3.10054347826087,99.96,24.1040217391304,6.7075,103.83,12.9603296703297,-1.42208791208791,99.54,5.21375,-8.0015,1.44316666666667,22.3006293706294,4.94062937062937,0.935034965034965,7.32166666666667,-4.71843137254902,1.53774509803922,12.4971232876712,-2.01356164383562,463.74,1956,"Timber Creek"
"1612",2015,12.766847826087,-1.97619565217391,143.72,25.2327173913043,7.36467391304348,86.63,12.7061538461538,-1.46791208791209,92.87,7.6885,-5.736,0.981666666666667,22.3482517482517,5.81881118881119,1.44391608391608,6.70147058823529,-5.80421568627451,1.23019607843137,13.1560821917808,-1.2281095890411,449.76,1956,"Timber Creek"
"1613",2016,11.5627173913043,-1.82239130434783,150.1,25.688152173913,6.00815217391304,22.26,12.8272527472527,0.387142857142857,170.91,5.5525,-6.65041666666667,1.06666666666667,22.4155944055944,4.66216783216783,0.786153846153846,6.50166666666667,-5.17421568627451,2.07578431372549,12.4243835616438,-1.80583561643836,452.15,1956,"Timber Creek"
"1614",2017,11.4315217391304,-1.98445652173913,138.41,25.7586956521739,7.09478260869565,68.18,10.9798901098901,-1.68714285714286,117.76,3.66983333333333,-7.75583333333333,1.75466666666667,23.199020979021,5.5027972027972,1.11335664335664,5.59686274509804,-5.90892156862745,1.02617647058824,11.8595068493151,-2.04523287671233,474.44,1956,"Timber Creek"
"1615",2018,11.1388043478261,-2.51358695652174,184.97,24.8504347826087,6.75586956521739,103.69,11.9671428571429,-2.48637362637363,47.03,4.4525,-7.84108333333333,1.50125,22.9551048951049,5.45020979020979,1.27223776223776,5.70392156862745,-6.64892156862745,0.610588235294118,12.0511780821918,-2.30065753424658,424.36,1956,"Timber Creek"
"1616",2019,9.84423913043478,-3.36597826086957,146.41,24.2913043478261,6.31271739130435,55.37,10.1798901098901,-3.06032967032967,104.04,3.28816666666667,-8.71641666666667,1.61108333333333,21.6867832167832,5.10916083916084,1.09097902097902,4.66588235294118,-7.20872549019608,1.01205882352941,10.881397260274,-2.87849315068493,452.57,1956,"Timber Creek"
"1617",2020,10.3944565217391,-3.47978260869565,112.35,24.5036956521739,6.75641304347826,106.62,13.8102197802198,-2.02384615384615,83.02,3.67075,-8.99516666666667,1.16041666666667,22.6157342657343,5.23048951048951,1.16,7.79303921568627,-6.06911764705882,0.956176470588235,12.2450136986301,-2.60413698630137,402.66,1956,"Timber Creek"
"1618",2000,13.2821739130435,-0.188695652173913,88.48,26.9853260869565,8.39456521739131,20.13,10.8114285714286,-1.68142857142857,133.37,6.42016666666667,-4.84483333333333,1.21275,24.1244755244755,7.01034965034965,0.666643356643357,4.67558823529412,-5.80529411764706,1.42382352941176,12.8688493150685,-0.468602739726027,386.09,1560,"Tower Creek"
"1619",2001,12.9789130434783,-0.583586956521739,125.38,26.7607608695652,9.10989130434783,96.07,14.6093406593407,1.34956043956044,95.34,4.1775,-6.519,1.25066666666667,24.9833566433566,7.47573426573427,1.08251748251748,7.39362745098039,-3.46,1.15411764705882,13.2275890410959,-0.181287671232877,422.6,1560,"Tower Creek"
"1620",2002,10.8952173913043,-1.90119565217391,109.6,25.7258695652174,8.6695652173913,102.33,12.1302197802198,-1.10879120879121,47.28,4.02966666666667,-6.78008333333333,1.09141666666667,23.3631468531469,6.98797202797203,1.12118881118881,6.3878431372549,-4.10862745098039,0.692058823529412,12.2631506849315,-0.639479452054795,361.89,1560,"Tower Creek"
"1621",2003,12.3551086956522,-0.12304347826087,181.51,28.2630434782609,10.1272826086957,55.57,13.2123076923077,-0.219120879120879,58.18,5.38425,-4.36916666666667,2.52691666666667,24.9662237762238,7.97055944055944,0.63972027972028,7.60127450980392,-3.56901960784314,1.14098039215686,13.6756438356164,0.688904109589041,511.09,1560,"Tower Creek"
"1622",2004,13.7335869565217,0.120108695652174,124.86,25.1201086956522,8.50934782608696,113.15,12.5937362637363,0.0251648351648352,70.12,6.24958333333333,-5.43266666666667,1.18791666666667,22.3901398601399,6.79006993006993,1.67146853146853,7.65421568627451,-3.02921568627451,0.777352941176471,12.9656712328767,0.0276164383561644,460.86,1560,"Tower Creek"
"1623",2005,12.8179347826087,-0.659347826086957,146.8,25.4533695652174,8.22173913043478,91.52,12.1054945054945,-0.386703296703297,137.62,6.36591666666667,-5.6125,0.822583333333333,23.1454545454545,6.55594405594406,1.40293706293706,5.60941176470588,-4.58617647058824,1.67764705882353,12.7284109589041,-0.558328767123288,470.45,1560,"Tower Creek"
"1624",2006,12.7804347826087,-0.660760869565217,111.92,27.2802173913043,9.69630434782609,64.87,12.3102197802198,-0.217912087912088,135.69,4.95858333333333,-5.78041666666667,1.76766666666667,24.8767132867133,7.67888111888112,0.712377622377622,6.47696078431373,-3.92725490196078,1.68970588235294,13.1864383561644,0.0105479452054795,486.34,1560,"Tower Creek"
"1625",2007,14.2660869565217,-0.0605434782608696,108.73,28.2626086956522,9.8429347826087,40.9,11.9154945054945,-0.368791208791209,149.92,6.15025,-5.41508333333333,1.22891666666667,25.4032867132867,7.80097902097902,0.688391608391608,5.51098039215686,-4.49343137254902,2.30686274509804,13.5145753424658,0.0202739726027398,481.21,1560,"Tower Creek"
"1626",2008,10.0822826086957,-3.01358695652174,132.14,25.9565217391304,8.16521739130435,45.99,13.401978021978,0.217472527472527,96.67,3.27483333333333,-7.86383333333333,1.53133333333333,23.2041258741259,6.32895104895105,0.818391608391608,7.00127450980392,-3.82392156862745,1.23627450980392,12.1241095890411,-1.17441095890411,426.89,1560,"Tower Creek"
"1627",2009,11.5735869565217,-1.94380434782609,165.18,24.624347826087,8.7854347826087,146.52,13.1593406593407,-0.392307692307692,68.95,4.38125,-6.62441666666667,1.75525,23.5882517482517,7.22629370629371,1.39202797202797,5.3393137254902,-5.74892156862745,0.824901960784314,12.1739178082192,-0.953315068493151,493.83,1560,"Tower Creek"
"1628",2010,11.2620652173913,-1.80815217391304,117.68,24.1565217391304,7.86532608695652,137.78,13.0704395604396,0.575164835164835,141.33,5.85175,-5.36016666666667,0.879916666666667,21.3076223776224,5.92853146853147,1.76293706293706,6.9728431372549,-3.51098039215686,1.91588235294118,12.2203561643836,-0.420712328767123,553.11,1560,"Tower Creek"
"1629",2011,9.78847826086957,-1.79032608695652,203.55,25.371847826087,8.26108695652174,90.61,13.5628571428571,0.311648351648352,102.99,3.15758333333333,-6.98641666666667,1.78183333333333,22.9567132867133,6.59482517482517,1.28104895104895,7.02705882352941,-4.06549019607843,1.33421568627451,11.9958356164384,-0.849287671232877,533.1,1560,"Tower Creek"
"1630",2012,13.4990217391304,-0.494347826086956,127.01,27.4491304347826,9.33108695652174,75.06,14.1367032967033,0.576373626373626,93.03,6.72516666666667,-4.8,1.34775,24.7753146853147,7.18825174825175,0.814895104895105,7.61049019607843,-2.96539215686275,1.52205882352941,14.0442739726027,0.409452054794521,433.51,1560,"Tower Creek"
"1631",2013,12.5004347826087,-0.947934782608696,80.56,28.0284782608696,10.1544565217391,84.31,12.1867032967033,0.346813186813187,118.18,4.63016666666667,-6.53225,0.740333333333333,25.5023776223776,8.65783216783217,1.00902097902098,5.02186274509804,-5.01764705882353,1.50019607843137,12.9169589041096,-0.157808219178082,386.15,1560,"Tower Creek"
"1632",2014,12.6864130434783,-0.84695652173913,126.27,25.5541304347826,9.5729347826087,115.52,13.2969230769231,0.600879120879121,149.35,5.25616666666667,-5.651,2.172,23.7,7.50706293706294,1.05412587412587,7.33352941176471,-2.54196078431373,2.13519607843137,13.0626301369863,0.372904109589041,629.17,1560,"Tower Creek"
"1633",2015,14.2707608695652,0.216739130434783,125.94,27.1514130434783,10.1184782608696,59.13,13.3063736263736,0.743626373626374,125.25,7.89141666666667,-3.85741666666667,0.954416666666667,24.1475524475524,8.29685314685315,1.34461538461538,7.2456862745098,-3.26401960784314,1.71078431372549,14.0798082191781,1.07021917808219,481.31,1560,"Tower Creek"
"1634",2016,13.45,0.676195652173913,135.78,26.9726086956522,8.8954347826087,34.05,13.4450549450549,2.26967032967033,113.34,6.5075,-4.33933333333333,1.34325,23.7835664335664,7.42797202797203,0.889370629370629,6.55950980392157,-3.07813725490196,1.65647058823529,13.2904657534247,0.623315068493151,457.33,1560,"Tower Creek"
"1635",2017,12.7751086956522,0.752391304347826,217.45,27.1805434782609,9.96163043478261,78.22,11.5082417582418,0.50989010989011,167.54,4.14016666666667,-5.64533333333333,2.32475,24.5524475524476,8.22608391608392,1.24944055944056,5.45205882352941,-3.50480392156863,1.73637254901961,12.5039178082192,0.387397260273973,634.75,1560,"Tower Creek"
"1636",2018,12.7044565217391,0.193804347826087,182.27,25.9954347826087,9.32467391304348,124.1,12.1953846153846,0.0943956043956044,99.4,5.33466666666667,-4.72183333333333,1.93925,24.1713286713287,8.01846153846154,1.32524475524476,5.77833333333333,-4.03323529411765,1.28049019607843,12.8384931506849,0.462,552.83,1560,"Tower Creek"
"1637",2019,11.5134782608696,-1.02510869565217,135.54,26.1221739130435,9.24554347826087,47.05,10.7707692307692,-0.85989010989011,100.29,4.00216666666667,-6.31466666666667,1.623,23.721958041958,7.8148951048951,0.922097902097902,4.89803921568627,-4.93970588235294,0.960588235294118,11.9783561643836,-0.394739726027397,424.6,1560,"Tower Creek"
"1638",2020,11.9834782608696,-1.38728260869565,120.04,25.5304347826087,8.86065217391304,139.04,13.7492307692308,-0.376483516483516,108.2,4.54583333333333,-6.55683333333333,1.59008333333333,23.7092307692308,7.24188811188811,1.5558041958042,7.19607843137255,-4.44127450980392,1.35166666666667,12.794301369863,-0.559561643835616,551.16,1560,"Tower Creek"
"1639",2000,13.9148913043478,-0.0107608695652174,71.56,28.3560869565217,8.54271739130435,10.88,11.3297802197802,-1.81945054945055,109.93,7.05325,-4.9265,0.6665,25.3939160839161,7.15237762237762,0.523636363636364,5.25107843137255,-6.11009803921569,1.01323529411765,13.7351506849315,-0.524986301369863,258.21,1556,"Turner"
"1640",2001,13.6067391304348,-0.817391304347826,107.07,27.491847826087,8.78684782608696,60.17,15.6143956043956,1.06538461538462,72.1,4.61566666666667,-7.0295,0.969083333333333,25.6388811188811,7.14251748251748,0.698321678321678,8.5978431372549,-3.84794117647059,0.727549019607843,13.9649863013699,-0.588082191780822,290.36,1556,"Turner"
"1641",2002,11.7186956521739,-2.18260869565217,86.15,26.7855434782609,8.33065217391304,85.67,12.8414285714286,-1.61813186813187,42.18,4.49541666666667,-7.55466666666667,0.833833333333333,24.3407692307692,6.77125874125874,0.881538461538462,7.08843137254902,-5.01362745098039,0.486960784313725,12.9950684931507,-1.23194520547945,275.79,1556,"Turner"
"1642",2003,12.9496739130435,-0.557717391304348,127.22,29.2095652173913,9.12641304347826,36.8,14.3823076923077,-1.01087912087912,31.45,6.014,-5.21483333333333,1.364,25.9001398601399,7.06258741258741,0.48965034965035,8.80225490196078,-4.31872549019608,0.647058823529412,14.5841917808219,-0.154356164383562,299.7,1556,"Turner"
"1643",2004,14.4507608695652,-0.17695652173913,102.08,25.7567391304348,8.03847826086957,65.88,12.851978021978,-0.736153846153846,79.45,6.87766666666667,-5.89958333333333,0.656,23.0637762237762,6.42783216783217,1.16664335664336,7.88019607843137,-3.88470588235294,0.701470588235294,13.4992328767123,-0.506876712328767,317.1,1556,"Turner"
"1644",2005,12.9797826086957,-0.773913043478261,119.39,26.1457608695652,7.74163043478261,79.67,13.5081318681319,-0.646703296703297,96.77,6.68116666666667,-6.12358333333333,0.604916666666667,23.8256643356643,6.1793006993007,1.04755244755245,7.08186274509804,-4.60980392156863,1.18970588235294,13.5100273972603,-0.880520547945206,343.74,1556,"Turner"
"1645",2006,13.1903260869565,-0.894673913043478,103.05,28.2544565217391,9.04760869565217,51.59,13.0592307692308,-0.698681318681319,132.66,5.38541666666667,-6.17141666666667,0.945666666666667,25.693986013986,7.07307692307692,0.69972027972028,7.36254901960784,-4.35617647058824,1.2928431372549,13.8944383561644,-0.475205479452055,345.41,1556,"Turner"
"1646",2007,14.9834782608696,-0.420434782608696,69.02,29.1185869565217,9.11260869565217,43.65,12.9246153846154,-0.758791208791209,117.04,6.70183333333333,-5.9745,0.804666666666667,26.2263636363636,7.14517482517483,0.625384615384615,6.46392156862745,-4.95009803921569,1.33911764705882,14.2846849315068,-0.548191780821918,322.58,1556,"Turner"
"1647",2008,10.2261956521739,-3.46608695652174,95.52,27.103152173913,7.46728260869565,35.71,14.566043956044,-0.147142857142857,83.97,3.3385,-8.49508333333333,0.658,24.1982517482517,5.69615384615385,0.713986013986014,8.07225490196078,-4.29441176470588,1.06009803921569,12.8338082191781,-1.76134246575342,289.19,1556,"Turner"
"1648",2009,11.9485869565217,-2.3245652173913,128.4,25.3478260869565,8.33728260869565,138.17,13.9069230769231,-0.943406593406593,60.81,5.08125,-6.77975,1.26141666666667,24.322027972028,6.7806993006993,1.13538461538462,6.0628431372549,-6.25254901960784,0.635686274509804,12.8937260273973,-1.31969863013699,378.57,1556,"Turner"
"1649",2010,11.4722826086957,-1.99434782608696,129.34,24.9534782608696,7.3275,130.64,14.2243956043956,-0.0814285714285715,100.26,6.22433333333333,-5.89466666666667,0.689416666666667,22.0478321678322,5.47153846153846,1.67174825174825,7.95117647058824,-4.11186274509804,1.42578431372549,12.9062465753425,-0.943397260273973,467.22,1556,"Turner"
"1650",2011,9.85684782608696,-2.16771739130435,171.76,26.5748913043478,7.59271739130435,71.84,14.7951648351648,-0.608021978021978,71.11,3.35541666666667,-7.46816666666667,1.18833333333333,23.8907692307692,5.96944055944056,1.11258741258741,8.27882352941177,-4.88245098039216,0.722450980392157,12.7766301369863,-1.48098630136986,375.39,1556,"Turner"
"1651",2012,14.1761956521739,-0.965978260869565,116.28,28.4920652173913,8.35065217391304,47.11,15.3376923076923,-0.295824175824176,77.08,7.41933333333333,-5.65841666666667,0.983666666666667,25.756013986014,6.31622377622378,0.589090909090909,8.75392156862745,-3.96323529411765,1.0893137254902,14.9762465753425,-0.493260273972603,313.39,1556,"Turner"
"1652",2013,13.1223913043478,-1.57402173913043,64.68,28.9357608695652,9.06,57.97,13.05,-0.111758241758242,97.97,5.31858333333333,-7.32708333333333,0.421416666666667,26.2421678321678,7.80937062937063,0.79055944055944,6.07529411764706,-5.67225490196078,1.0756862745098,13.7275068493151,-0.934465753424658,273.34,1556,"Turner"
"1653",2014,13.5858695652174,-1.3004347826087,96.45,26.5017391304348,8.69010869565217,103.47,14.448021978022,-0.137362637362637,104.46,6.25716666666667,-6.34658333333333,1.29941666666667,24.6338461538462,6.74811188811189,0.921258741258741,8.38823529411765,-3.32911764705882,1.56970588235294,14.0523287671233,-0.373095890410959,447.78,1556,"Turner"
"1654",2015,14.9058695652174,-0.307282608695652,140.04,27.7215217391304,9.25163043478261,47.13,14.2727472527473,-0.0824175824175824,91.55,8.83883333333333,-4.2255,0.848833333333333,24.7646153846154,7.61020979020979,1.2013986013986,7.99352941176471,-4.3128431372549,1.11823529411765,14.8420273972603,0.387095890410959,387.72,1556,"Turner"
"1655",2016,13.8098913043478,0.0854347826086956,133.34,28.0719565217391,7.79271739130435,22.89,14.5363736263736,1.68901098901099,112.27,6.85291666666667,-5.07358333333333,1.014,24.7497202797203,6.44629370629371,0.688391608391608,7.6478431372549,-3.87598039215686,1.4843137254902,14.0866849315068,-0.225643835616438,371.52,1556,"Turner"
"1656",2017,13.3973913043478,0.117934782608696,167.56,28.1155434782609,8.85597826086956,57.72,12.4501098901099,-0.12978021978022,129.04,4.76916666666667,-6.07125,1.71491666666667,25.4088811188811,7.23405594405594,1.03993006993007,6.66392156862745,-4.30637254901961,1.21196078431373,13.384904109589,-0.365287671232877,478.12,1556,"Turner"
"1657",2018,13.2469565217391,-0.449782608695652,143.3,27.1616304347826,8.53326086956522,109.42,13.2997802197802,-1.09527472527473,56.69,5.96358333333333,-5.72825,1.24025,25.2482517482518,7.18265734265734,1.18594405594406,6.67578431372549,-5.17196078431373,0.738627450980392,13.7179726027397,-0.514547945205479,393.76,1556,"Turner"
"1658",2019,11.7554347826087,-1.45673913043478,138.34,27.0682608695652,8.4479347826087,32.92,11.6575824175824,-1.58450549450549,95.42,4.27125,-6.96675,1.41625,24.4620979020979,7.10678321678322,0.824405594405594,5.63186274509804,-5.825,0.898235294117647,12.5618630136986,-1.13394520547945,379.46,1556,"Turner"
"1659",2020,12.2772826086957,-1.50989130434783,93.74,26.9011956521739,8.61913043478261,103.11,15.3885714285714,-0.726813186813187,75.92,4.81716666666667,-7.27241666666667,0.964333333333333,24.9376223776224,7.03874125874126,1.11447552447552,8.86578431372549,-4.79421568627451,0.907549019607843,13.8313698630137,-0.973041095890411,367.66,1556,"Turner"
"1660",2000,11.3441304347826,-2.48010869565217,84.41,25.87,6.6879347826087,22.64,9.57824175824176,-3.43065934065934,110.44,5.17041666666667,-7.13075,0.924666666666667,22.8866433566434,5.24552447552448,0.622237762237762,4.17098039215686,-7.65029411764706,1.01039215686275,11.832,-2.42715068493151,303,1933,"Two Dot"
"1661",2001,11.7257608695652,-3.02771739130435,123.39,25.1973913043478,6.82489130434783,68.14,13.7514285714286,-0.655494505494505,78.07,3.61358333333333,-8.97933333333333,1.12925,23.3021678321678,5.15804195804196,0.719440559440559,7.3406862745098,-5.53225490196078,0.857254901960784,12.3687397260274,-2.47728767123288,325.83,1933,"Two Dot"
"1662",2002,9.765,-4.40021739130435,92.54,24.6532608695652,6.35097826086957,88.71,11.3430769230769,-3.20406593406593,49.69,2.97833333333333,-9.78016666666667,0.896166666666667,22.1543356643357,4.81377622377622,0.943076923076923,5.95754901960784,-6.75352941176471,0.561274509803922,11.3236712328767,-3.2167397260274,299.65,1933,"Two Dot"
"1663",2003,10.9541304347826,-2.84413043478261,152.65,26.9194565217391,7.18586956521739,49.48,12.7216483516484,-2.74142857142857,31.3,4.63275,-7.44625,1.444,23.6638461538462,5.08251748251748,0.682727272727273,7.52960784313725,-6.01441176470588,0.687156862745098,12.898301369863,-2.13758904109589,341,1933,"Two Dot"
"1664",2004,12.4246739130435,-2.06,115.72,23.7226086956522,6.18728260869565,83.82,11.3703296703297,-2.22494505494506,87.14,5.52408333333333,-7.66783333333333,0.872,21.0602097902098,4.63097902097902,1.29153846153846,6.72980392156863,-5.31,0.877647058823529,11.9477808219178,-2.19049315068493,378.85,1933,"Two Dot"
"1665",2005,10.8908695652174,-2.85619565217391,155.77,23.9325,5.75152173913043,106.05,12.1982417582418,-1.98967032967033,97.34,5.56333333333333,-7.83633333333333,0.746833333333333,21.6185314685315,4.29545454545455,1.39552447552448,6.26264705882353,-5.89892156862745,1.325,12.0488767123288,-2.54191780821918,424.33,1933,"Two Dot"
"1666",2006,11.0157608695652,-2.98097826086957,122.68,25.9883695652174,7.17760869565217,62.93,11.4005494505495,-2.20186813186813,140.09,3.89175,-8.20991666666667,1.1975,23.4021678321678,5.27748251748252,0.844405594405594,6.19529411764706,-5.91098039215686,1.46813725490196,12.1792876712329,-2.2833698630137,414.2,1933,"Two Dot"
"1667",2007,13.005,-2.12695652173913,80.6,27.0202173913043,7.54869565217391,51.11,11.687032967033,-2.00571428571429,108.83,5.4045,-7.72208333333333,0.905166666666667,24.1116783216783,5.55643356643357,0.817902097902098,5.50166666666667,-6.30372549019608,1.08147058823529,12.7607671232877,-2.12345205479452,335.89,1933,"Two Dot"
"1668",2008,8.41032608695652,-5.7404347826087,112.79,24.9608695652174,5.63369565217391,37.74,13.3050549450549,-1.37967032967033,68.31,2.1655,-10.6991666666667,0.933083333333333,22.0743356643357,3.88531468531469,0.804405594405594,7.12950980392157,-5.62127450980392,1.10833333333333,11.352602739726,-3.56621917808219,340.05,1933,"Two Dot"
"1669",2009,10.0502173913043,-4.24576086956522,167.8,23.0741304347826,6.58597826086956,150.85,12.2647252747253,-2.25054945054945,68.82,4.05266666666667,-8.50891666666667,1.616,22.0734965034965,5.10083916083916,1.21321678321678,4.89196078431373,-7.58205882352941,0.745196078431373,11.3474246575342,-2.91786301369863,443.42,1933,"Two Dot"
"1670",2010,9.42369565217391,-3.8570652173913,171.66,22.8283695652174,5.55032608695652,124.11,12.8962637362637,-1.39373626373626,85.21,4.91483333333333,-7.52933333333333,0.838666666666667,19.9823776223776,3.72643356643357,1.75398601398601,7.08607843137255,-5.29754901960784,1.26950980392157,11.4247671232877,-2.49586301369863,480.95,1933,"Two Dot"
"1671",2011,7.83945652173913,-4.43358695652174,214.4,24.398152173913,5.91576086956522,93.38,13.1271428571429,-1.87505494505494,89.59,2.1605,-9.46433333333333,1.42358333333333,21.6748251748252,4.2941958041958,1.34006993006993,7.1671568627451,-6.18901960784314,0.965588235294118,11.2049589041096,-3.15871232876712,460.95,1933,"Two Dot"
"1672",2012,12.0534782608696,-2.62739130434783,146.29,26.3729347826087,6.79717391304348,35.31,14.0165934065934,-1.44120879120879,67.23,5.90183333333333,-7.51183333333333,1.43641666666667,23.6657342657343,4.82076923076923,0.55979020979021,7.63254901960784,-5.28558823529412,1.08813725490196,13.3450410958904,-2.05802739726027,363.41,1933,"Two Dot"
"1673",2013,11.0952173913043,-3.46847826086957,85.82,26.6147826086957,7.4475,64.46,11.6749450549451,-1.2843956043956,122.06,4.08958333333333,-9.13466666666667,0.537583333333333,23.8866433566434,6.19951048951049,1.0072027972028,5.27294117647059,-6.90362745098039,1.26911764705882,12.1763835616438,-2.50356164383562,337.99,1933,"Two Dot"
"1674",2014,11.8507608695652,-3.025,97.91,24.2882608695652,6.76434782608696,104.49,13.0991208791209,-1.37967032967033,100.44,5.3295,-7.92158333333333,1.3905,22.4854545454545,4.99398601398601,0.940979020979021,7.42490196078431,-4.66647058823529,1.5378431372549,12.6364383561644,-1.95186301369863,458.28,1933,"Two Dot"
"1675",2015,12.9285869565217,-1.90641304347826,141.71,25.4080434782609,7.44836956521739,85.74,12.8298901098901,-1.41626373626374,92.21,7.7785,-5.66725,0.986916666666667,22.5225874125874,5.89657342657343,1.42062937062937,6.81039215686275,-5.7456862745098,1.21980392156863,13.2844109589041,-1.15868493150685,446,1933,"Two Dot"
"1676",2016,11.7402173913043,-1.7425,147.07,25.8571739130435,6.03184782608696,22.01,12.9416483516484,0.41956043956044,165.85,5.66625,-6.60741666666667,1.04908333333333,22.5844055944056,4.69748251748252,0.774545454545455,6.58058823529412,-5.13774509803922,2.01725490196078,12.5499726027397,-1.76767123287671,442.41,1933,"Two Dot"
"1677",2017,11.5784782608696,-1.92304347826087,135.01,25.9415217391304,7.13152173913043,68.34,11.0732967032967,-1.61648351648352,111.65,3.74341666666667,-7.72658333333333,1.6755,23.3673426573427,5.54496503496503,1.12601398601399,5.66029411764706,-5.85696078431373,0.940392156862745,11.9673698630137,-2.00457534246575,458,1933,"Two Dot"
"1678",2018,11.3126086956522,-2.42597826086957,188.13,25.03,6.7995652173913,106.57,12.0797802197802,-2.45824175824176,47.31,4.5855,-7.7455,1.51141666666667,23.1343356643357,5.49363636363636,1.28545454545455,5.79098039215686,-6.60539215686275,0.611078431372549,12.1894520547945,-2.24005479452055,427.52,1933,"Two Dot"
"1679",2019,9.99054347826087,-3.22858695652174,141.12,24.4845652173913,6.42336956521739,55.27,10.2845054945055,-2.97252747252747,105.24,3.3815,-8.58458333333333,1.56258333333333,21.8746853146853,5.21895104895105,1.08188811188811,4.73803921568627,-7.13274509803922,1.01774509803922,11.0058630136986,-2.77090410958904,446.03,1933,"Two Dot"
"1680",2020,10.5152173913043,-3.32891304347826,115.29,24.6455434782609,6.89413043478261,108.15,13.9110989010989,-1.90824175824176,83.42,3.7445,-8.87108333333333,1.19233333333333,22.7539160839161,5.36657342657343,1.17300699300699,7.85725490196078,-5.96647058823529,0.95656862745098,12.3413424657534,-2.48134246575342,408.39,1933,"Two Dot"
"1681",2000,10.0763043478261,-2.80239130434783,94.19,24.2916304347826,6.82108695652174,24.02,8.65791208791209,-3.42637362637363,135.31,4.22958333333333,-7.22108333333333,1.0325,21.3166433566434,5.23622377622378,0.751538461538462,3.57460784313725,-7.49529411764706,1.20470588235294,10.7409315068493,-2.41717808219178,354.25,2103,"Walters"
"1682",2001,10.7204347826087,-3.18271739130435,134.52,23.8260869565217,6.93413043478261,86.9,12.519010989011,-0.575824175824176,93.34,3.06933333333333,-8.89683333333333,1.25141666666667,21.9552447552448,5.24867132867133,0.848951048951049,6.32549019607843,-5.41509803921569,1.04058823529412,11.3784109589041,-2.38191780821918,377.71,2103,"Walters"
"1683",2002,8.7770652173913,-4.54652173913043,122.08,23.2694565217391,6.41804347826087,100.88,10.3417582417582,-3.05846153846154,64.52,2.36316666666667,-9.64758333333333,1.05358333333333,20.8173426573427,4.79818181818182,1.10454545454545,5.1393137254902,-6.51862745098039,0.69578431372549,10.3689589041096,-3.11361643835616,355.35,2103,"Walters"
"1684",2003,9.83826086956522,-3.07695652173913,171.83,25.483152173913,7.46967391304348,41.97,11.5684615384615,-2.52131868131868,26.77,3.89308333333333,-7.3585,1.8625,22.2548951048951,5.25531468531469,0.635314685314685,6.61558823529412,-5.76343137254902,0.706274509803922,11.847698630137,-1.97090410958904,386.39,2103,"Walters"
"1685",2004,11.3211956521739,-2.11021739130435,141.76,22.4215217391304,6.16554347826087,90.2,10.5325274725275,-2.16813186813187,100.6,4.8645,-7.45116666666667,0.962833333333333,19.7929370629371,4.5372027972028,1.55370629370629,6.0821568627451,-5.21705882352941,0.917745098039216,11.0534520547945,-2.13002739726027,431.33,2103,"Walters"
"1686",2005,9.99934782608696,-3.20239130434783,177.86,22.6883695652174,5.75891304347826,112.63,11.1335164835165,-1.91263736263736,113.76,5.01991666666667,-7.83675,0.872583333333333,20.3768531468531,4.26020979020979,1.56062937062937,5.49411764705882,-5.82147058823529,1.49813725490196,11.1689863013699,-2.53421917808219,480.69,2103,"Walters"
"1687",2006,9.9220652173913,-3.22989130434783,133.5,24.45,7.33489130434783,62.98,10.3152747252747,-2.21516483516484,170.68,3.18166666666667,-8.25175,1.38791666666667,21.9365734265734,5.4113986013986,0.861328671328671,5.42313725490196,-5.89705882352941,1.80872549019608,11.1558630136986,-2.24076712328767,474.21,2103,"Walters"
"1688",2007,11.8608695652174,-2.21782608695652,93.28,25.535652173913,7.72608695652174,65.35,10.5756043956044,-2.01989010989011,128.42,4.68941666666667,-7.65008333333333,1.0715,22.671958041958,5.6793006993007,0.985174825174825,4.59235294117647,-6.3093137254902,1.32235294117647,11.7075068493151,-2.05320547945205,404.34,2103,"Walters"
"1689",2008,7.56858695652174,-5.85923913043478,123.85,23.3864130434783,5.91521739130435,46.45,12.153956043956,-1.26989010989011,81.68,1.71108333333333,-10.5544166666667,1.02,20.5965034965035,4.04258741258741,0.883496503496503,6.21696078431373,-5.48901960784314,1.27254901960784,10.3692054794521,-3.42005479452055,378.54,2103,"Walters"
"1690",2009,9.03706521739131,-4.35521739130435,183.7,21.5576086956522,6.50978260869565,151.05,11.1582417582418,-2.15912087912088,80.77,3.40325,-8.444,1.79508333333333,20.562027972028,5.07601398601399,1.25237762237762,4.10205882352941,-7.49843137254902,0.85921568627451,10.3210136986301,-2.88287671232877,482.14,2103,"Walters"
"1691",2010,8.32,-4.20989130434783,193.24,21.306847826087,5.545,144.2,11.6141758241758,-1.35912087912088,102.23,4.12533333333333,-7.51516666666667,0.98,18.5211188811189,3.61433566433566,1.99321678321678,6.17421568627451,-5.18970588235294,1.43754901960784,10.3378904109589,-2.50498630136986,549.26,2103,"Walters"
"1692",2011,6.89967391304348,-4.76858695652174,232.73,22.8097826086957,6.04521739130435,98.32,11.8768131868132,-1.72494505494505,103.46,1.57825,-9.47458333333333,1.5365,20.1962937062937,4.36132867132867,1.44188811188811,6.27235294117647,-6.03352941176471,1.10529411764706,10.1842191780822,-3.09232876712329,503.31,2103,"Walters"
"1693",2012,10.805,-2.81619565217391,153.22,24.7773913043478,6.97097826086957,32.44,12.7736263736264,-1.22725274725275,77.36,5.01525,-7.49683333333333,1.54583333333333,22.1274125874126,4.96363636363636,0.581818181818182,6.55235294117647,-5.12656862745098,1.29019607843137,12.1490136986301,-1.95268493150685,400.3,2103,"Walters"
"1694",2013,9.91880434782609,-3.71086956521739,87.22,24.9980434782609,7.6229347826087,74.3,10.6047252747253,-1.40296703296703,138.47,3.4035,-9.13966666666667,0.628333333333333,22.3355244755245,6.23391608391608,1.05727272727273,4.47980392156863,-6.88892156862745,1.5043137254902,11.1214794520548,-2.48761643835616,380.03,2103,"Walters"
"1695",2014,10.65,-3.21402173913043,110.95,22.6995652173913,6.82641304347826,117.83,11.8568131868132,-1.35494505494506,118.89,4.464,-7.88533333333333,1.49916666666667,20.9458741258741,5.03825174825175,1.07167832167832,6.45,-4.61813725490196,1.73352941176471,11.4762739726027,-1.90909589041096,509.97,2103,"Walters"
"1696",2015,11.6434782608696,-2.07739130434783,153.09,23.9292391304348,7.60347826086957,92.08,11.7121978021978,-1.2732967032967,106.51,6.85375,-5.69358333333333,1.05908333333333,21.0647552447552,5.91566433566434,1.53517482517483,5.9828431372549,-5.51803921568627,1.41245098039216,12.1779726027397,-1.09624657534247,490.69,2103,"Walters"
"1697",2016,10.6534782608696,-1.97554347826087,162.58,24.2914130434783,6.27673913043478,25.73,11.670989010989,0.296373626373626,169.27,5.00333333333333,-6.63416666666667,1.17533333333333,21.0988811188811,4.78944055944056,0.818741258741259,5.57480392156863,-5.1506862745098,2.14882352941176,11.4689589041096,-1.74405479452055,477.3,2103,"Walters"
"1698",2017,10.474347826087,-2.23576086956522,160.57,24.4457608695652,7.39641304347826,70.91,10.0154945054945,-1.67934065934066,133.72,2.96875,-7.94983333333333,1.99041666666667,21.9491608391608,5.69475524475524,1.26405594405594,4.82921568627451,-5.87107843137255,1.08921568627451,10.9248219178082,-2.02323287671233,530.71,2103,"Walters"
"1699",2018,10.2269565217391,-2.59478260869565,209.85,23.501847826087,6.91576086956522,108.7,10.9592307692308,-2.30769230769231,51.35,3.78325,-7.71866666666667,1.71541666666667,21.6557342657343,5.58377622377622,1.32531468531469,4.98735294117647,-6.45539215686274,0.688627450980392,11.1218356164384,-2.154,465.61,2103,"Walters"
"1700",2019,9.0075,-3.3020652173913,158.94,23.0072826086957,6.62532608695652,61.6,9.23120879120879,-2.97406593406593,118.03,2.76633333333333,-8.47016666666667,1.80975,20.4514685314685,5.32153846153846,1.1741958041958,3.98343137254902,-7.02578431372549,1.13529411764706,10.0351506849315,-2.66320547945205,500.88,2103,"Walters"
"1701",2020,9.51097826086957,-3.54054347826087,134.5,23.1052173913043,7.00380434782609,113.43,12.6492307692308,-1.68659340659341,82.06,3.0825,-8.762,1.44933333333333,21.2661538461538,5.40020979020979,1.24475524475524,6.91529411764706,-5.71303921568627,1.02019607843137,11.2775890410959,-2.36147945205479,455.98,2103,"Walters"
"1702",2000,12.2508695652174,-0.398804347826087,94.78,26.2029347826087,8.97771739130435,19.84,10.2471428571429,-1.47175824175824,149.23,5.80016666666667,-4.90358333333333,1.0155,23.2699300699301,7.37391608391608,0.764895104895105,4.44980392156863,-5.5421568627451,1.36558823529412,12.2671232876712,-0.271945205479452,370.53,1756,"Williams Creek"
"1703",2001,12.3863043478261,-0.528913043478261,128.01,25.7516304347826,9.63097826086956,92.69,13.9085714285714,1.75901098901099,97.77,4.00116666666667,-6.23708333333333,1.253,23.9706293706294,7.95636363636364,0.988181818181818,6.96696078431373,-3.13382352941176,1.12833333333333,12.6536164383562,0.190849315068493,406.76,1756,"Williams Creek"
"1704",2002,10.3983695652174,-1.86858695652174,134.05,25.0170652173913,9.03402173913043,110.29,11.6030769230769,-0.661758241758242,50.7,3.67783333333333,-6.71525,1.11441666666667,22.6345454545455,7.31776223776224,1.21818181818182,5.97529411764706,-3.87186274509804,0.574901960784314,11.7467397260274,-0.422794520547945,366.57,1756,"Williams Creek"
"1705",2003,11.6725,-0.283913043478261,151.34,27.4491304347826,10.5027173913043,47.17,12.7616483516484,0.124065934065934,47.32,5.01433333333333,-4.39483333333333,1.92533333333333,24.165034965035,8.21692307692308,0.597342657342657,7.44254901960784,-3.18098039215686,0.985490196078431,13.1957808219178,0.885424657534247,416.98,1756,"Williams Creek"
"1706",2004,13.0778260869565,0.17195652173913,126.85,24.1727173913043,8.62260869565217,88.91,11.8446153846154,0.0813186813186813,92.67,6.01558333333333,-5.07791666666667,0.888083333333333,21.5274125874126,6.8451048951049,1.56160839160839,7.01735294117647,-2.99117647058824,0.918823529411765,12.3727671232877,0.176438356164384,423.6,1756,"Williams Creek"
"1707",2005,12.0017391304348,-0.798478260869565,151.51,24.5683695652174,8.63423913043478,89.93,11.7224175824176,0.109450549450549,122.78,6.00975,-5.38258333333333,0.799083333333333,22.2267832167832,6.90447552447552,1.29685314685315,5.62852941176471,-4.00823529411765,1.58676470588235,12.2567397260274,-0.184684931506849,443.19,1756,"Williams Creek"
"1708",2006,11.796847826087,-0.664891304347826,131.46,26.1925,10.1760869565217,65.09,11.5286813186813,-0.0961538461538461,153.15,4.4325,-5.672,1.60441666666667,23.7637062937063,8.10937062937063,0.816783216783217,6.15323529411765,-3.77901960784314,1.69166666666667,12.4869589041096,0.25627397260274,481.88,1756,"Williams Creek"
"1709",2007,13.4410869565217,0.0378260869565217,96.78,27.1684782608696,10.370652173913,52.92,11.2904395604396,-0.125164835164835,147.84,5.77641666666667,-5.16133333333333,1.07341666666667,24.3425174825175,8.24636363636364,0.802027972027972,5.08794117647059,-4.35882352941176,1.92323529411765,12.8578630136986,0.315808219178082,439.67,1756,"Williams Creek"
"1710",2008,9.28532608695652,-3.10478260869565,133.55,25.001847826087,8.71119565217391,40.57,12.8885714285714,0.70043956043956,100.23,2.889,-7.68033333333333,1.18775,22.2565734265734,6.70251748251748,0.793706293706294,6.68892156862745,-3.41323529411765,1.3293137254902,11.5387397260274,-0.852958904109589,391.62,1756,"Williams Creek"
"1711",2009,10.769347826087,-1.94945652173913,173.1,23.4761956521739,8.84847826086957,149.13,12.422967032967,-0.0352747252747252,77.66,4.2155,-6.23791666666667,1.6865,22.4281118881119,7.38804195804196,1.38125874125874,4.99392156862745,-5.41078431372549,0.84421568627451,11.5683835616438,-0.668383561643836,486.01,1756,"Williams Creek"
"1712",2010,10.1086956521739,-2.00108695652174,128.43,22.9297826086957,8.00391304347826,153.28,12.3316483516484,0.757142857142857,126.31,5.24125,-5.18033333333333,0.829,20.0962237762238,5.93881118881119,1.93384615384615,6.63676470588235,-3.15882352941176,1.66245098039216,11.4511232876712,-0.259150684931507,545.59,1756,"Williams Creek"
"1713",2011,8.70760869565217,-2.22880434782609,200.67,24.3421739130435,8.5029347826087,94.95,12.9203296703297,0.573296703296703,86.3,2.69708333333333,-6.95841666666667,1.60441666666667,21.8592307692308,6.78909090909091,1.30055944055944,6.85401960784314,-3.745,1.00137254901961,11.3661095890411,-0.67441095890411,480.65,1756,"Williams Creek"
"1714",2012,12.4363043478261,-0.647608695652174,138.58,26.3439130434783,9.58771739130435,44.78,13.5383516483516,1.03351648351648,92.28,6.18383333333333,-4.89791666666667,1.22416666666667,23.6725874125874,7.49377622377622,0.637202797202797,7.16480392156863,-2.80264705882353,1.60401960784314,13.3097260273973,0.542438356164384,401.63,1756,"Williams Creek"
"1715",2013,11.4995652173913,-1.37858695652174,82.76,26.8476086956522,10.0152173913043,74.76,11.5676923076923,0.221098901098901,120.63,4.27825,-6.72591666666667,0.651833333333333,24.2490909090909,8.47678321678322,0.931048951048951,4.89,-5.10323529411765,1.40460784313725,12.273397260274,-0.316328767123288,354.63,1756,"Williams Creek"
"1716",2014,11.9125,-1.13021739130435,118.17,24.3877173913043,9.40173913043478,115.16,12.676043956044,0.656703296703297,147.77,5.03933333333333,-5.74508333333333,1.66875,22.5727272727273,7.46363636363636,1.0406993006993,6.92392156862745,-2.63294117647059,2.02029411764706,12.4352328767123,0.299534246575342,555.14,1756,"Williams Creek"
"1717",2015,13.1997826086957,-0.0229347826086957,126.32,25.8395652173913,10.1390217391304,52.19,12.6878021978022,0.828461538461538,120.79,7.43825,-3.8605,0.887833333333333,22.8957342657343,8.25167832167832,1.30384615384615,6.79235294117647,-3.27803921568627,1.59323529411765,13.313698630137,1.04758904109589,455.5,1756,"Williams Creek"
"1718",2016,12.4033695652174,0.2375,137.52,25.8807608695652,9.01847826086957,26.15,12.7150549450549,2.06725274725275,115.25,5.93758333333333,-4.55208333333333,1.30575,22.7106993006993,7.34531468531469,0.787482517482518,6.14225490196078,-3.30441176470588,1.69862745098039,12.5661643835616,0.457753424657534,442.56,1756,"Williams Creek"
"1719",2017,11.8482608695652,0.0297826086956522,196.75,26.0784782608696,10.0851086956522,60.32,10.9794505494505,0.3,182.51,3.7075,-5.97758333333333,2.25125,23.4925174825175,8.21370629370629,1.2134965034965,5.30156862745098,-3.81039215686275,1.63147058823529,11.9043561643836,0.187917808219178,610.09,1756,"Williams Creek"
"1720",2018,11.7645652173913,-0.206739130434783,170.32,25.0503260869565,9.43565217391304,103.64,11.7274725274725,-0.0215384615384616,89.94,4.82175,-5.10391666666667,1.62675,23.2030769230769,8.05762237762238,1.14608391608392,5.53774509803922,-4.18490196078431,1.11745098039216,12.2232876712329,0.309342465753425,473.08,1756,"Williams Creek"
"1721",2019,10.6370652173913,-1.0395652173913,128.76,24.9989130434783,9.31054347826087,42.96,10.1594505494505,-1.01131868131868,101.84,3.62841666666667,-6.20491666666667,1.55441666666667,22.5224475524476,7.82769230769231,0.885944055944056,4.56235294117647,-5.05333333333333,0.952647058823529,11.2917260273973,-0.385397260273973,410.39,1756,"Williams Creek"
"1722",2020,11.1211956521739,-1.45934782608696,121.94,24.680652173913,9.21826086956522,128.67,13.4881318681319,0.195934065934066,100.16,4.1065,-6.5795,1.33691666666667,22.8141258741259,7.54468531468531,1.39251748251748,7.31490196078431,-3.91127450980392,1.21823529411765,12.3323835616438,-0.30027397260274,483.82,1756,"Williams Creek"
"1723",2000,13.1633695652174,-0.0795652173913043,94.11,27.1516304347826,8.58913043478261,20.93,10.6292307692308,-1.82318681318681,144.05,6.44908333333333,-4.81666666666667,0.851416666666667,24.2372027972028,7.15160839160839,0.733356643356643,4.64049019607843,-5.94862745098039,1.41254901960784,12.9127123287671,-0.444054794520548,351.12,1623,"Wimpey Coal Mine"
"1724",2001,12.8153260869565,-0.68304347826087,107.17,26.6380434782609,9.08391304347826,87.95,14.7372527472527,1.33835164835165,87.08,4.06708333333333,-6.65625,0.975583333333333,24.805034965035,7.44244755244755,0.977902097902098,7.75049019607843,-3.48421568627451,0.881666666666667,13.2211506849315,-0.246219178082192,346.84,1623,"Wimpey Coal Mine"
"1725",2002,10.9165217391304,-2.0829347826087,100.9,25.7859782608696,8.73304347826087,100.6,12.1208791208791,-1.20824175824176,44.98,4.02808333333333,-7.05683333333333,0.983416666666667,23.4032867132867,7.06531468531468,0.996293706293706,6.48294117647059,-4.4143137254902,0.496960784313725,12.3049315068493,-0.78558904109589,311.17,1623,"Wimpey Coal Mine"
"1726",2003,12.1494565217391,-0.360869565217391,144.28,28.0916304347826,9.90663043478261,41.23,13.3386813186813,-0.463736263736264,46.57,5.40575,-4.72916666666667,1.66358333333333,24.8151748251748,7.71734265734266,0.525034965034965,7.8728431372549,-3.77990196078431,0.819313725490196,13.6994246575342,0.41241095890411,358.28,1623,"Wimpey Coal Mine"
"1727",2004,13.580652173913,0.0420652173913043,121.34,24.7863043478261,8.26076086956522,83.29,12.3920879120879,-0.318901098901099,74.79,6.22783333333333,-5.46566666666667,0.717333333333333,22.14,6.58825174825175,1.4265034965035,7.49382352941176,-3.41833333333333,0.643137254901961,12.815698630137,-0.171041095890411,355.67,1623,"Wimpey Coal Mine"
"1728",2005,12.4528260869565,-0.891630434782609,143.46,25.2360869565217,8.01836956521739,83.34,12.469010989011,-0.432197802197802,106.58,6.19491666666667,-5.92633333333333,0.715916666666667,22.9503496503497,6.38377622377622,1.1927972027972,6.18176470588235,-4.4878431372549,1.29362745098039,12.755698630137,-0.701479452054795,388.43,1623,"Wimpey Coal Mine"
"1729",2006,12.5478260869565,-0.883804347826087,124.01,27.1667391304348,9.40467391304348,59.38,12.2550549450549,-0.571428571428572,128.44,4.88458333333333,-6.01716666666667,1.25075,24.710979020979,7.39965034965035,0.723216783216783,6.63147058823529,-4.21656862745098,1.32235294117647,13.1403561643836,-0.257534246575343,388.39,1623,"Wimpey Coal Mine"
"1730",2007,14.1208695652174,-0.109239130434783,104.67,27.9914130434783,9.73076086956522,46.27,11.8821978021978,-0.476813186813187,128.26,6.10191666666667,-5.51458333333333,0.965083333333333,25.1396503496503,7.70727272727273,0.739160839160839,5.56009803921569,-4.6493137254902,1.54196078431373,13.4091232876712,-0.0927123287671233,378.79,1623,"Wimpey Coal Mine"
"1731",2008,9.65630434782609,-3.03978260869565,110.72,25.7969565217391,8.2995652173913,35.98,13.3994505494505,0.241318681318681,96.6,3.01283333333333,-7.861,0.9725,22.9684615384615,6.39398601398601,0.739440559440559,7.10323529411765,-3.85039215686275,1.07539215686275,11.9741369863014,-1.15539726027397,332.13,1623,"Wimpey Coal Mine"
"1732",2009,11.2563043478261,-2.14119565217391,141.5,24.2979347826087,8.55217391304348,137.71,13.0120879120879,-0.661428571428571,71.13,4.36725,-6.64825,1.41375,23.2848951048951,7.03937062937063,1.21678321678322,5.30637254901961,-6.02421568627451,0.752352941176471,12.0412602739726,-1.11131506849315,420.39,1623,"Wimpey Coal Mine"
"1733",2010,10.8348913043478,-1.93380434782609,138.95,23.8133695652174,7.86054347826087,137.67,13.0184615384615,0.345274725274725,126.32,5.67916666666667,-5.53633333333333,0.89825,20.9511888111888,5.87083916083916,1.87615384615385,7.06088235294118,-3.71519607843137,1.54382352941176,12.0485753424658,-0.558301369863014,533.55,1623,"Wimpey Coal Mine"
"1734",2011,9.45086956521739,-2.00869565217391,184.31,25.274347826087,8.17586956521739,78.81,13.659010989011,-0.114065934065934,69.98,2.96766666666667,-7.15316666666667,1.39766666666667,22.7506293706294,6.47685314685315,1.19251748251748,7.3406862745098,-4.36137254901961,0.818921568627451,11.940301369863,-1.03301369863014,421.78,1623,"Wimpey Coal Mine"
"1735",2012,13.3617391304348,-0.79,127.88,27.3083695652174,8.91717391304348,52.27,14.133956043956,0.124725274725275,82.64,6.729,-5.19625,1.09975,24.6159440559441,6.81881118881119,0.661678321678322,7.67166666666667,-3.56794117647059,1.2878431372549,14.0001917808219,-0.033945205479452,357.95,1623,"Wimpey Coal Mine"
"1736",2013,12.2328260869565,-1.28695652173913,80.86,27.7638043478261,9.74728260869565,70.28,12.1097802197802,0.11032967032967,114.64,4.59425,-6.81633333333333,0.644,25.1623776223776,8.31321678321678,0.903916083916084,5.1771568627451,-5.25705882352941,1.2843137254902,12.8153424657534,-0.453123287671233,337.54,1623,"Wimpey Coal Mine"
"1737",2014,12.5948913043478,-1.14054347826087,120.03,25.2904347826087,9.17684782608696,98.29,13.2768131868132,0.255494505494506,132.71,5.31866666666667,-6.02916666666667,1.72941666666667,23.4362237762238,7.16622377622378,0.986993006993007,7.45176470588235,-2.89872549019608,1.91676470588235,13.0128767123288,0.0153424657534247,544.18,1623,"Wimpey Coal Mine"
"1738",2015,13.9630434782609,-0.0834782608695653,147.91,26.7157608695652,9.75804347826087,48.74,13.2628571428571,0.43032967032967,117.75,8.00875,-3.97791666666667,0.9755,23.7357342657343,7.99776223776224,1.31958041958042,7.24176470588235,-3.66245098039216,1.4206862745098,13.9559452054795,0.802082191780822,450.67,1623,"Wimpey Coal Mine"
"1739",2016,13.0423913043478,0.308152173913044,139.7,26.863152173913,8.525,19.53,13.4937362637363,1.95087912087912,112.54,6.3375,-4.61625,1.2835,23.6011188811189,7.03965034965035,0.749230769230769,6.72980392156863,-3.4721568627451,1.62558823529412,13.2106849315068,0.270027397260274,426.97,1623,"Wimpey Coal Mine"
"1740",2017,12.574347826087,0.41804347826087,207.57,26.9340217391304,9.55456521739131,73.73,11.5221978021978,0.151978021978022,155.41,4.16108333333333,-5.77258333333333,1.982,24.289020979021,7.81867132867133,1.31468531468531,5.79862745098039,-3.83009803921569,1.51980392156863,12.5044383561644,0.095041095890411,580.86,1623,"Wimpey Coal Mine"
"1741",2018,12.4102173913043,-0.197934782608696,176.92,25.845652173913,9.00402173913043,114.79,12.1847252747253,-0.456043956043956,75.8,5.23458333333333,-5.23825,1.631,23.9961538461538,7.65398601398601,1.28923076923077,5.83323529411765,-4.58450980392157,1.0028431372549,12.752301369863,-0.00463013698630137,482.37,1623,"Wimpey Coal Mine"
"1742",2019,11.0621739130435,-1.38228260869565,136.89,25.9961956521739,8.84619565217391,32.62,10.7303296703297,-1.31615384615385,116.65,3.72683333333333,-6.74316666666667,1.49325,23.4951748251748,7.41874125874126,0.738881118881119,4.93294117647059,-5.42313725490196,1.20823529411765,11.8087397260274,-0.825917808219178,408.09,1623,"Wimpey Coal Mine"
"1743",2020,11.645652173913,-1.57869565217391,111.09,25.7048913043478,8.80445652173913,127.71,14.1593406593407,-0.530549450549451,94.68,4.33016666666667,-6.93408333333333,1.35691666666667,23.8053146853147,7.15979020979021,1.39286713286713,7.83470588235294,-4.51480392156863,1.12598039215686,12.9395068493151,-0.736301369863014,476.86,1623,"Wimpey Coal Mine"
"1744",2000,12.8091304347826,-0.324239130434783,97.67,26.7716304347826,8.38836956521739,21.46,10.3715384615385,-1.97714285714286,146.51,6.19691666666667,-5.0025,0.8965,23.8573426573427,6.94804195804196,0.756713286713287,4.47166666666667,-6.07098039215686,1.42852941176471,12.6338082191781,-0.619095890410959,361.5,1669,"Wimpey Creek"
"1745",2001,12.504347826087,-0.911739130434783,118.74,26.2855434782609,8.86271739130435,93.23,14.4451648351648,1.17274725274725,90.11,3.896,-6.81575,1.07383333333333,24.4461538461538,7.22286713286713,1.02146853146853,7.54392156862745,-3.62225490196078,0.92078431372549,12.9665753424658,-0.423260273972603,368.85,1669,"Wimpey Creek"
"1746",2002,10.6080434782609,-2.3220652173913,104.9,25.4414130434783,8.5304347826087,101.68,11.8752747252747,-1.33582417582418,46.92,3.81208333333333,-7.24591666666667,1.024,23.0574825174825,6.86174825174825,1.01678321678322,6.29764705882353,-4.54617647058824,0.521960784313726,12.0466575342466,-0.964356164383562,321.52,1669,"Wimpey Creek"
"1747",2003,11.8391304347826,-0.578260869565217,150.26,27.7263043478261,9.73043478260869,42.95,13.053956043956,-0.602857142857143,48.52,5.19233333333333,-4.90591666666667,1.75166666666667,24.4592307692308,7.53461538461538,0.543776223776224,7.64519607843137,-3.91156862745098,0.863039215686275,13.4261917808219,0.245917808219178,375.99,1669,"Wimpey Creek"
"1748",2004,13.2461956521739,-0.137065217391304,125.38,24.4369565217391,8.06271739130435,84.57,12.1387912087912,-0.451538461538462,78.04,6.01491666666667,-5.58708333333333,0.7425,21.7916083916084,6.39237762237762,1.46118881118881,7.30186274509804,-3.52990196078431,0.684509803921569,12.5555616438356,-0.318876712328767,367.87,1669,"Wimpey Creek"
"1749",2005,12.1314130434783,-1.11902173913043,147.69,24.8852173913043,7.79369565217391,80.06,12.247032967033,-0.57054945054945,111.73,6.00183333333333,-6.07916666666667,0.748,22.6044055944056,6.16888111888112,1.18335664335664,6.0306862745098,-4.60274509803922,1.35578431372549,12.5144657534247,-0.868027397260274,397.27,1669,"Wimpey Creek"
"1750",2006,12.2365217391304,-1.12260869565217,130.12,26.8186956521739,9.19141304347826,61.26,12.0032967032967,-0.723846153846154,133.25,4.66525,-6.2115,1.33241666666667,24.3663636363636,7.19825174825175,0.743356643356643,6.44509803921569,-4.36450980392157,1.38333333333333,12.8811506849315,-0.441671232876712,407.29,1669,"Wimpey Creek"
"1751",2007,13.8170652173913,-0.320978260869565,108.47,27.6813043478261,9.52847826086957,47.33,11.668021978022,-0.626043956043956,132.12,5.89241666666667,-5.69416666666667,1.00158333333333,24.8241958041958,7.50034965034965,0.766433566433566,5.38049019607843,-4.7971568627451,1.58852941176471,13.1664657534247,-0.27413698630137,391.82,1669,"Wimpey Creek"
"1752",2008,9.37315217391304,-3.29315217391304,115.76,25.4480434782609,8.07630434782609,37.89,13.1675824175824,0.111648351648352,100.28,2.82575,-8.07483333333333,1.01816666666667,22.6246853146853,6.17545454545455,0.763916083916084,6.92098039215686,-3.98372549019608,1.1221568627451,11.7270136986301,-1.34857534246575,345.88,1669,"Wimpey Creek"
"1753",2009,10.9582608695652,-2.36195652173913,148.42,23.9455434782609,8.33108695652174,140.73,12.7410989010989,-0.804615384615385,73.81,4.17891666666667,-6.81275,1.471,22.9336363636364,6.83125874125874,1.24846153846154,5.09539215686275,-6.16813725490196,0.785588235294118,11.7827671232877,-1.28715068493151,435.18,1669,"Wimpey Creek"
"1754",2010,10.5416304347826,-2.1629347826087,144.04,23.4863043478261,7.63521739130435,143.44,12.7925274725275,0.196043956043956,127.69,5.47808333333333,-5.71508333333333,0.92925,20.6351748251748,5.65,1.93727272727273,6.89813725490196,-3.84764705882353,1.56176470588235,11.8131780821918,-0.740602739726027,547.84,1669,"Wimpey Creek"
"1755",2011,9.15684782608696,-2.26934782608696,195.34,24.9459782608696,7.97141304347826,81.47,13.3971428571429,-0.248571428571429,72.28,2.78491666666667,-7.34066666666667,1.469,22.4225174825175,6.27447552447552,1.25167832167832,7.15205882352941,-4.48343137254902,0.85843137254902,11.6989589041096,-1.20805479452055,442.83,1669,"Wimpey Creek"
"1756",2012,13.0473913043478,-0.969782608695652,133.69,26.9605434782609,8.75054347826087,52.99,13.8708791208791,0.0135164835164835,85.91,6.49475,-5.3545,1.163,24.2723776223776,6.65783216783217,0.678041958041958,7.44441176470588,-3.69450980392157,1.35127450980392,13.7250684931507,-0.18441095890411,374.35,1669,"Wimpey Creek"
"1757",2013,11.9202173913043,-1.4945652173913,84.07,27.3923913043478,9.57521739130435,72.17,11.8684615384615,-0.0142857142857143,118.61,4.39591666666667,-6.96525,0.67875,24.7984615384615,8.13433566433566,0.926083916083916,5.00735294117647,-5.35882352941176,1.33098039215686,12.5601095890411,-0.600602739726027,349.64,1669,"Wimpey Creek"
"1758",2014,12.2947826086957,-1.32967391304348,123.32,24.9302173913043,8.9725,99.44,13.0191208791209,0.128681318681319,134.96,5.10925,-6.17341666666667,1.78433333333333,23.0830769230769,6.97587412587413,1.00006993006993,7.26078431372549,-3.0221568627451,1.95323529411765,12.752301369863,-0.141150684931507,556.36,1669,"Wimpey Creek"
"1759",2015,13.6485869565217,-0.256630434782609,149.9,26.3665217391304,9.57391304347826,49.82,13.0191208791209,0.32043956043956,120.13,7.81133333333333,-4.11033333333333,1.00116666666667,23.3920979020979,7.8165034965035,1.33384615384615,7.05558823529412,-3.7621568627451,1.45794117647059,13.7043835616438,0.659671232876712,459.59,1669,"Wimpey Creek"
"1760",2016,12.738152173913,0.11804347826087,143.69,26.5105434782609,8.34163043478261,20.36,13.2357142857143,1.82428571428571,114.38,6.16133333333333,-4.73091666666667,1.3275,23.2572027972028,6.85573426573427,0.762937062937063,6.54156862745098,-3.57254901960784,1.65343137254902,12.9654246575342,0.132219178082192,437.05,1669,"Wimpey Creek"
"1761",2017,12.3015217391304,0.208152173913043,209.41,26.5998913043478,9.39065217391304,74.49,11.2841758241758,-0.00549450549450549,158.68,3.9935,-5.91725,2.01391666666667,23.9701398601399,7.65146853146853,1.32944055944056,5.62647058823529,-3.96137254901961,1.56009803921569,12.276301369863,-0.0547123287671233,590.91,1669,"Wimpey Creek"
"1762",2018,12.1246739130435,-0.398369565217391,181.08,25.4921739130435,8.81673913043478,116.3,11.9445054945055,-0.576593406593407,79.09,5.01608333333333,-5.41533333333333,1.678,23.6514685314685,7.47237762237762,1.30965034965035,5.65519607843137,-4.70392156862745,1.04156862745098,12.4956712328767,-0.167369863013699,494.88,1669,"Wimpey Creek"
"1763",2019,10.7776086956522,-1.59228260869565,139.82,25.6202173913043,8.63663043478261,33.97,10.4904395604396,-1.45428571428571,119.11,3.54808333333333,-6.92466666666667,1.53241666666667,23.1254545454545,7.21916083916084,0.755174825174825,4.76647058823529,-5.53294117647059,1.24117647058824,11.558602739726,-0.994465753424658,418.48,1669,"Wimpey Creek"
"1764",2020,11.3633695652174,-1.77760869565217,113.91,25.3467391304348,8.62130434782609,129.56,13.8950549450549,-0.626813186813187,96.02,4.14283333333333,-7.05708333333333,1.4055,23.4611188811189,6.98181818181818,1.41545454545455,7.64666666666667,-4.59098039215686,1.14343137254902,12.6905205479452,-0.867753424657534,487.7,1669,"Wimpey Creek"
"1765",2000,8.32086956521739,-3.49347826086957,134.34,22.1803260869565,6.31152173913044,28.55,7.23043956043956,-3.75307692307692,156.58,3.036,-7.46216666666667,1.25325,19.2143356643357,4.65342657342657,1.01076923076923,2.6028431372549,-7.50872549019608,1.33441176470588,9.25331506849315,-2.72852054794521,431.04,2314,"Yearian Creek"
"1766",2001,8.97826086956522,-3.68967391304348,157.57,21.9435869565217,6.52054347826087,102.84,10.8950549450549,-0.688021978021978,108.91,2.13008333333333,-8.78141666666667,1.40191666666667,20.0332867132867,4.83951048951049,1.07454545454545,5.15490196078431,-5.2671568627451,1.26598039215686,9.98950684931507,-2.46293150684932,451.02,2314,"Yearian Creek"
"1767",2002,7.09423913043478,-5.20130434782609,172.31,21.335,5.98271739130435,115.77,8.91879120879121,-3.03527472527473,67.94,1.31758333333333,-9.71625,1.424,18.9095104895105,4.33062937062937,1.37713286713287,4.0843137254902,-6.3856862745098,0.607254901960784,8.98293150684932,-3.28221917808219,429.75,2314,"Yearian Creek"
"1768",2003,8.1270652173913,-3.65521739130435,212.18,23.3497826086957,7.23684782608696,56.64,9.78098901098901,-2.61637362637363,44.45,2.721,-7.56108333333333,2.51641666666667,20.1746153846154,4.93944055944056,0.754405594405594,5.19254901960784,-5.78176470588235,0.958823529411765,10.2496712328767,-2.16638356164384,507.65,2314,"Yearian Creek"
"1769",2004,9.41347826086957,-2.60010869565217,171.2,20.3569565217391,5.58195652173913,105.35,9.10230769230769,-2.42989010989011,113.94,3.68216666666667,-7.40808333333333,0.976583333333333,17.7644755244755,3.90048951048951,1.8858041958042,4.94705882352941,-5.32901960784314,1.14490196078431,9.55282191780822,-2.39660273972603,503.64,2314,"Yearian Creek"
"1770",2005,8.34380434782609,-3.96847826086957,210.67,20.7271739130435,5.29913043478261,122.31,9.70274725274725,-1.94637362637363,163.98,3.88108333333333,-8.02975,1.01458333333333,18.4705594405594,3.78601398601399,1.72216783216783,4.49137254901961,-5.73343137254902,2.04235294117647,9.76750684931507,-2.75884931506849,576.34,2314,"Yearian Creek"
"1771",2006,8.34380434782609,-3.81489130434783,142.25,22.4534782608696,7.06260869565217,86.85,8.80516483516483,-2.42989010989011,205.48,2.07441666666667,-8.4945,1.57508333333333,19.9940559440559,5.1458041958042,1.07076923076923,4.29117647058824,-6.02127450980392,2.11107843137255,9.71446575342466,-2.45934246575342,557.46,2314,"Yearian Creek"
"1772",2007,10.0919565217391,-2.69336956521739,122.34,23.6945652173913,7.5004347826087,63.6,9.04175824175824,-2.24725274725275,155.91,3.44558333333333,-7.83975,1.38483333333333,20.7967132867133,5.38909090909091,1.03363636363636,3.27901960784314,-6.50058823529412,1.84598039215686,10.1968767123288,-2.28271232876712,502.28,2314,"Yearian Creek"
"1773",2008,5.94195652173913,-6.39902173913043,157.51,21.1847826086957,5.61032608695652,61.72,10.4828571428571,-1.38912087912088,117.97,0.62175,-10.7506666666667,1.38275,18.4263636363636,3.67335664335664,1.03846153846154,4.87813725490196,-5.58970588235294,1.69460784313725,8.78671232876712,-3.6573698630137,487.28,2314,"Yearian Creek"
"1774",2009,7.37630434782609,-4.9275,230.97,19.5304347826087,5.93815217391304,179.65,9.46021978021978,-2.30846153846154,113.94,2.22408333333333,-8.64883333333333,2.23366666666667,18.5304895104895,4.59174825174825,1.51258741258741,2.72470588235294,-7.65205882352941,1.22686274509804,8.75252054794521,-3.18287671232877,609.48,2314,"Yearian Creek"
"1775",2010,6.75586956521739,-4.86054347826087,226.77,19.2979347826087,5.08684782608696,186.97,9.99197802197802,-1.55692307692308,111.21,3.03008333333333,-7.69783333333333,1.20683333333333,16.5897202797203,3.09363636363636,2.42762237762238,5.02647058823529,-5.28107843137255,1.63156862745098,8.90038356164384,-2.79457534246575,658.39,2314,"Yearian Creek"
"1776",2011,5.37804347826087,-5.51358695652174,287.28,20.7859782608696,5.7195652173913,106.29,10.2030769230769,-1.79054945054945,120.8,0.496583333333333,-9.7655,1.97933333333333,18.2306293706294,3.99328671328671,1.61895104895105,4.98352941176471,-5.99098039215686,1.37245098039216,8.69832876712329,-3.32027397260274,609.02,2314,"Yearian Creek"
"1777",2012,9.11739130434783,-3.33076086956522,205.56,22.825652173913,6.75184782608696,42.86,11.0806593406593,-1.23714285714286,105.09,3.71241666666667,-7.64533333333333,1.92441666666667,20.1745454545455,4.71335664335664,0.788811188811189,5.07823529411765,-5.20921568627451,1.66598039215686,10.5436438356164,-2.12265753424658,513.66,2314,"Yearian Creek"
"1778",2013,8.14782608695652,-4.26369565217391,101.06,22.9398913043478,7.39728260869565,86.41,9.06450549450549,-1.64263736263736,158.24,2.20125,-9.22291666666667,0.789666666666667,20.3408391608392,5.89762237762238,1.15636363636364,3.25441176470588,-6.91558823529412,1.77313725490196,9.60230136986301,-2.65419178082192,440.98,2314,"Yearian Creek"
"1779",2014,8.84923913043478,-3.75836956521739,144.42,20.6294565217391,6.32815217391304,132.99,10.1264835164835,-1.52384615384615,141.48,3.01783333333333,-8.18275,1.96758333333333,18.8809090909091,4.57741258741259,1.24601398601399,5.1606862745098,-4.72078431372549,2.02313725490196,9.83150684931507,-2.2161095890411,620.65,2314,"Yearian Creek"
"1780",2015,9.77945652173913,-2.56184782608696,176.97,22.0007608695652,7.25521739130435,77.72,10.2037362637363,-1.25274725274725,140.83,5.558,-5.89691666666667,1.13883333333333,19.1156643356643,5.51125874125874,1.61426573426573,4.87833333333333,-5.34245098039216,1.69205882352941,10.679698630137,-1.27246575342466,540.09,2314,"Yearian Creek"
"1781",2016,8.965,-2.47271739130435,202.75,22.2844565217391,6.03619565217391,32.83,10.1564835164835,0.0978021978021978,161.9,4.03025,-6.54208333333333,1.62608333333333,19.1270629370629,4.47405594405594,0.89013986013986,4.42980392156863,-5.13852941176471,2.2078431372549,10.0565479452055,-1.83394520547945,547.62,2314,"Yearian Creek"
"1782",2017,8.94163043478261,-2.7875,200.11,22.5316304347826,7.2454347826087,64.55,8.54142857142857,-2.00230769230769,166.52,2.07308333333333,-8.05475,2.21175,20.1023076923077,5.4441958041958,1.32587412587413,3.67294117647059,-5.97901960784314,1.53490196078431,9.58367123287671,-2.18605479452055,611.57,2314,"Yearian Creek"
"1783",2018,8.61217391304348,-3.09891304347826,232.2,21.3471739130435,6.49347826086957,126.39,9.28450549450549,-2.4089010989011,83.43,2.46725,-7.99075,2.04483333333333,19.5754545454545,5.16818181818182,1.52363636363636,3.71539215686275,-6.5271568627451,1.0371568627451,9.51871232876712,-2.42632876712329,569.05,2314,"Yearian Creek"
"1784",2019,7.43967391304348,-4.03815217391304,186.06,21.0191304347826,6.0379347826087,68.21,7.70934065934066,-3.38461538461538,132.69,1.70766666666667,-8.91883333333333,1.97741666666667,18.5137762237762,4.72678321678322,1.28370629370629,2.9071568627451,-7.15156862745098,1.29245098039216,8.62717808219178,-3.07887671232877,552.69,2314,"Yearian Creek"
"1785",2020,7.97826086956522,-4.25771739130435,154.56,21.0885869565217,6.44076086956522,127.33,10.9530769230769,-1.82912087912088,85.58,2.02416666666667,-8.88133333333333,1.7065,19.3255944055944,4.82440559440559,1.47041958041958,5.68960784313725,-5.65813725490196,1.08049019607843,9.82684931506849,-2.61095890410959,525.26,2314,"Yearian Creek"
